userID,bookID,prediction,prediction
u17832892,b51986055,4.093611240386963
u94058414,b95439113,3.523077964782715
u54876772,b61970919,4.42896842956543
u27182378,b29199360,3.1875405311584473
u00343094,b17138341,2.8894126415252686
u55453694,b70912031,3.5424647331237793
u53021409,b04222499,4.666657447814941
u26001504,b15025576,3.317873477935791
u48139087,b56425922,4.503760814666748
u70455688,b09902724,3.661815881729126
u28953105,b07142228,4.336158275604248
u36945000,b51326446,3.9205355644226074
u97475837,b50500341,3.578749656677246
u68002923,b37068431,3.5896241664886475
u88982175,b96621963,4.021759033203125
u52168464,b11734216,4.6792144775390625
u91756228,b80070869,3.8803634643554688
u53125666,b37073691,4.046200752258301
u79194318,b28801125,3.0710391998291016
u72751138,b74874001,3.1395816802978516
u59622201,b76141146,3.515376091003418
u20171277,b98256804,3.7774875164031982
u45375749,b70912031,3.989095687866211
u65313704,b09614554,3.9792394638061523
u36308322,b22931155,3.423346996307373
u11927701,b19822827,4.739260196685791
u75318183,b99620979,3.731923818588257
u28955320,b52467549,4.773250579833984
u11355295,b49740475,4.160126686096191
u99482094,b59207489,4.508427619934082
u62783053,b63310868,3.4920852184295654
u42294816,b88198181,3.495673179626465
u41535627,b77508650,3.975717067718506
u54901177,b59032154,4.226274013519287
u05764663,b02029908,3.623243808746338
u79511695,b04588843,3.7868924140930176
u54086461,b50384790,3.1509642601013184
u27166914,b04947348,2.60695481300354
u94485198,b40225936,2.619413375854492
u41108799,b75995832,3.317915916442871
u81834592,b45985779,4.16158390045166
u29314456,b29576446,4.303354263305664
u06990044,b21674268,4.77479362487793
u30407176,b11179371,3.820780038833618
u13082043,b43695301,3.933760404586792
u45728403,b67423323,3.090385675430298
u62494430,b34466452,3.907379627227783
u31155331,b78180005,3.889003276824951
u57264215,b09979253,4.138409614562988
u00012433,b90354954,4.030893802642822
u28186083,b05289257,3.569396734237671
u39657659,b33230428,4.776192665100098
u54788542,b36717912,3.2524306774139404
u40119804,b76932568,3.3468446731567383
u36011321,b73029799,4.400929927825928
u61269446,b52648851,4.019839763641357
u80545919,b22534885,3.3350768089294434
u74891931,b75612001,3.9797635078430176
u96576490,b15268547,4.59011173248291
u83326261,b71663032,3.280130386352539
u86826285,b76606700,3.9461259841918945
u22892814,b15534810,3.6096925735473633
u31228908,b90916310,3.7039382457733154
u53146670,b23985802,3.5400938987731934
u53489985,b25847150,3.4523842334747314
u12581800,b06655641,4.08437442779541
u64880476,b76329691,4.142058372497559
u14039822,b02984754,4.980919361114502
u37354712,b26138336,3.381995677947998
u81649665,b26651756,3.72316312789917
u80395525,b32521851,4.108732223510742
u76463070,b93745301,4.317082405090332
u79736122,b97302773,4.160911560058594
u63407690,b29452634,3.404257297515869
u10690686,b95511741,4.366591930389404
u44451907,b20537286,4.075883865356445
u17015883,b07812624,3.7157225608825684
u67196969,b58654737,3.410431385040283
u46524447,b29802159,2.698812961578369
u42317649,b92536464,3.5931098461151123
u11513655,b25485861,2.426142692565918
u02351030,b08135061,3.0871291160583496
u67709372,b40650642,3.78061842918396
u04100661,b33298668,3.5466275215148926
u86198553,b11179371,2.5001559257507324
u38469672,b84003655,2.8139212131500244
u28665443,b12151882,4.6328125
u82772573,b65216323,5.0
u98818379,b35526856,3.9021501541137695
u85952629,b88487078,3.5779199600219727
u16778523,b58177693,4.342266082763672
u31250324,b44488728,2.5703487396240234
u71934069,b06167371,3.414346933364868
u20320947,b91793651,3.203606605529785
u92796604,b14653724,3.667825698852539
u31228099,b51735088,4.353471755981445
u22452383,b33699537,3.9233293533325195
u49906594,b09800397,4.517095565795898
u02600265,b72512930,4.131004810333252
u29574023,b25811713,4.456536293029785
u64076044,b15439387,4.016742706298828
u53259713,b84394767,4.087109088897705
u13315205,b83689359,4.233935832977295
u35076434,b79928088,4.431741714477539
u03416441,b67351913,4.820594787597656
u28345292,b70440869,3.36069917678833
u53888663,b97444387,3.705357313156128
u82303431,b41331137,3.52828311920166
u54840543,b76875015,3.722747564315796
u97482686,b95295873,3.120990514755249
u73369160,b39410493,3.0526211261749268
u25005896,b95822040,3.5215673446655273
u84578291,b66908318,4.335824489593506
u45714900,b04493477,3.891983985900879
u64921673,b60479803,3.4907429218292236
u95892453,b54695184,3.9606757164001465
u44398147,b27563355,4.333747863769531
u00679942,b95816463,3.863755702972412
u41067269,b97887852,3.703399658203125
u57620203,b39994787,4.2349042892456055
u42200370,b63791555,4.330137252807617
u40520440,b60434059,4.030935287475586
u36472940,b74882779,3.2343077659606934
u13852037,b48132407,4.104357719421387
u81440944,b52485134,3.463345527648926
u36329394,b38399229,3.753021717071533
u49373453,b75920771,3.5782012939453125
u64738765,b20071798,2.71425199508667
u28295934,b64424298,4.516608238220215
u73728143,b93241768,4.019500255584717
u71313113,b54369491,3.632908582687378
u43607227,b45033558,3.68210506439209
u79558356,b87439329,2.3325889110565186
u95803602,b22785797,3.899991512298584
u19945954,b44270946,3.158729314804077
u85084155,b69294942,3.8222875595092773
u60814873,b01899333,3.8389365673065186
u27524637,b16000102,4.220670700073242
u45094749,b89833966,2.872204542160034
u08080153,b47096249,3.9847755432128906
u01779047,b09589765,4.185342311859131
u64165144,b80143734,3.517538070678711
u10603381,b15439387,4.363821506500244
u87687063,b31815290,3.965346097946167
u69591350,b52485134,2.9264438152313232
u37835157,b37548208,4.163486957550049
u26558551,b92431670,4.118748664855957
u42651867,b30907758,4.412900924682617
u24626448,b23029053,3.1026253700256348
u21907754,b17585340,4.105401992797852
u25820876,b60562440,3.4697799682617188
u59178162,b20071798,3.670006036758423
u44566646,b97317113,4.241639137268066
u74163226,b34463991,3.8905293941497803
u72187912,b19867465,4.3939385414123535
u39265208,b42903412,4.029022216796875
u81769131,b01645723,3.25260066986084
u06501193,b07378867,3.7774078845977783
u94274049,b18330963,4.32438850402832
u92098250,b08545824,4.140977382659912
u06119316,b93475213,3.4166746139526367
u53103846,b02833529,3.2309153079986572
u13263607,b38030355,3.535324811935425
u96435276,b30331659,4.302698135375977
u30212905,b02880533,4.338218688964844
u91527704,b22050161,3.935946464538574
u23731178,b05154189,3.7242889404296875
u34189495,b24644027,3.2785353660583496
u04167888,b52217488,3.680839776992798
u30756818,b75817040,3.175532341003418
u82053704,b68504138,3.8294286727905273
u18431020,b80754789,3.0127205848693848
u77151315,b70930132,3.113548994064331
u69453224,b55067058,3.4956207275390625
u14840127,b34231324,5.0
u80157623,b82150877,3.981390953063965
u74621837,b44849506,3.8167755603790283
u64051107,b91561409,3.181220531463623
u15339022,b63602718,4.085784912109375
u93831876,b08749536,3.6416616439819336
u62991121,b19822827,4.746549606323242
u59647513,b45954724,3.3434548377990723
u28888395,b42065988,4.702651023864746
u34376327,b05231805,3.1347897052764893
u81140405,b91306932,3.6830101013183594
u76676202,b25020940,3.921405076980591
u65301301,b54907466,3.9272196292877197
u17419373,b21345256,3.3012850284576416
u15927744,b64898087,2.4708783626556396
u20324124,b42065988,4.3271484375
u21634319,b20191328,2.031773090362549
u52741129,b00722811,2.7275569438934326
u13846390,b68605354,4.446528434753418
u66149038,b22652791,3.6983048915863037
u10404264,b73131708,3.42862606048584
u77753141,b08004121,2.044816017150879
u46865029,b72304066,4.580638408660889
u72048095,b42977080,3.1171047687530518
u39576547,b01672704,4.130521774291992
u49901545,b91712126,4.556901454925537
u50613001,b91561409,2.385497808456421
u15476394,b09365635,3.780160903930664
u67649836,b69989437,4.487218856811523
u33399751,b78008834,4.4176716804504395
u47101856,b64937687,3.921579122543335
u22498038,b35067156,4.13228178024292
u17677997,b17367693,3.8244123458862305
u06836736,b31365966,3.387202739715576
u08458904,b57528832,3.8490023612976074
u50655144,b02534240,4.1251044273376465
u67509093,b77333717,2.919355630874634
u40174196,b46584434,3.8633246421813965
u73560915,b05231805,3.8905882835388184
u77437293,b23711476,3.466143846511841
u37574376,b79928088,3.7844009399414062
u13898237,b57316882,4.112886428833008
u62448957,b59575409,3.426744222640991
u57478950,b49642293,4.4190568923950195
u98529126,b91136715,3.414097785949707
u27011996,b02624512,3.771613121032715
u94054925,b55703166,3.3542399406433105
u51669926,b21357510,4.0138630867004395
u25408967,b12526023,3.9514002799987793
u64533057,b07812624,4.32064151763916
u79444023,b80952577,2.8023581504821777
u36310701,b09049778,2.7570395469665527
u40113408,b67857700,4.117218494415283
u06617271,b96858988,3.76879620552063
u84876258,b21498435,3.7093887329101562
u55814562,b52580354,2.5429067611694336
u79184117,b11029332,3.5196852684020996
u75806678,b55984728,3.4569380283355713
u46739822,b52842739,3.9464216232299805
u83858729,b95000069,3.6405725479125977
u20524561,b29998162,3.8227837085723877
u66994786,b17618752,3.9066076278686523
u37128243,b39050561,3.8336148262023926
u19307990,b31821160,2.838754177093506
u08948001,b60484296,3.649625539779663
u38198183,b65896428,3.248697280883789
u27497118,b94907376,4.153219699859619
u81105240,b84792068,2.635514974594116
u43080490,b18094608,3.6071295738220215
u54382136,b75219215,4.756155490875244
u19359999,b46899348,3.298768997192383
u59248790,b77201589,3.934605598449707
u43804147,b65667329,3.693763256072998
u06659786,b98545244,3.802241802215576
u09797879,b41516337,3.572392702102661
u74018645,b11338586,2.9198577404022217
u44250287,b80970834,4.074893951416016
u36100138,b07828157,1.9471733570098877
u84034350,b06802134,4.414895057678223
u35687074,b18378777,3.932302474975586
u62744330,b54878424,3.768246650695801
u59776929,b93573763,3.123039484024048
u84987638,b20877763,3.6535511016845703
u84537865,b51371406,3.5665831565856934
u51474974,b86578209,3.9951086044311523
u34827484,b87049222,4.215359687805176
u70409576,b25847150,3.854247808456421
u56338179,b14362802,3.960639238357544
u95812976,b57530040,2.630077362060547
u79743053,b77508650,3.6431479454040527
u63405810,b80934346,2.4025168418884277
u82320863,b54866470,4.365227699279785
u68004624,b09049778,4.112438678741455
u01162279,b42313805,3.016451835632324
u29813593,b97815152,3.6561880111694336
u66651595,b72782535,3.358788013458252
u05502408,b31353181,2.971001148223877
u56122105,b41876913,4.115139484405518
u73792357,b54549999,3.2509334087371826
u24164104,b53423202,3.972686529159546
u50732332,b79253970,3.972733974456787
u23883517,b93997659,4.695396423339844
u03819003,b28992679,3.18192195892334
u52511781,b91156396,3.792487144470215
u23109124,b82853645,4.312378883361816
u39916505,b33565960,4.346944332122803
u21392572,b04669122,1.7371649742126465
u03576850,b16148471,3.7047839164733887
u06548215,b99606483,3.955418109893799
u42769308,b39847294,3.654574394226074
u06114485,b33470089,5.0
u21667271,b54499051,4.230687141418457
u18139749,b06167371,3.918750286102295
u07138131,b97177380,4.3431267738342285
u19609478,b91156396,3.747497081756592
u45876645,b82023182,3.0400633811950684
u94273162,b89449410,3.9510128498077393
u54281243,b60149039,3.73988676071167
u40200193,b28182987,3.777735471725464
u40934095,b33935257,3.8140671253204346
u32450991,b91561409,3.472513437271118
u36410229,b27144105,3.656498908996582
u33317872,b23738653,3.636300563812256
u31761611,b00525842,3.905000686645508
u49769897,b84098191,3.3321056365966797
u80365817,b38444386,4.018051624298096
u78550924,b40988980,2.8638668060302734
u52234710,b05764551,3.5422658920288086
u44107849,b97177380,2.679617404937744
u17625525,b49740475,2.88601016998291
u60126956,b59273187,2.896616220474243
u07313948,b31362596,4.747356414794922
u68018948,b19867465,4.2810540199279785
u85359985,b54791634,4.197503089904785
u66534902,b47096249,3.846930503845215
u85299539,b40128170,3.5181832313537598
u16994366,b02310665,3.2118072509765625
u60775907,b06167371,3.892364978790283
u72923039,b74821603,3.375122547149658
u51159546,b08349503,3.5770020484924316
u62443549,b06167371,3.8551383018493652
u41067269,b21546847,3.370220899581909
u52234710,b36066654,2.9602558612823486
u58258929,b79928088,4.765732765197754
u42532766,b41341679,3.678558349609375
u73309591,b72827993,3.8122076988220215
u58203956,b09589765,4.009593963623047
u14846497,b60875236,4.010387420654297
u41872543,b39126300,3.099365234375
u54628002,b65216323,3.987471103668213
u68892526,b27710508,3.6871371269226074
u28535205,b91885011,3.5785343647003174
u40464920,b07925447,3.883679151535034
u31929076,b22678690,3.313864231109619
u73527926,b78008834,4.308348655700684
u55709561,b87404127,3.651217460632324
u79151084,b75219215,4.401923179626465
u14932975,b12003758,4.253640174865723
u90500627,b90798631,3.561645030975342
u30200661,b40662707,3.900631904602051
u09813065,b74167560,3.6683692932128906
u37777796,b77680859,4.178203105926514
u33277453,b35407415,2.9890003204345703
u39427052,b33110278,4.0260138511657715
u43061681,b25811713,3.374467372894287
u40194605,b07035258,3.792670726776123
u45458094,b51191220,3.383730173110962
u74397671,b46006537,3.994431972503662
u88323477,b98016485,3.857670307159424
u74755688,b96054626,4.262022495269775
u02678459,b83750707,3.6297011375427246
u10977499,b17187529,3.92202091217041
u16391624,b88684256,3.2240333557128906
u05116917,b33796246,4.404047966003418
u76517104,b31988440,3.3402934074401855
u11812235,b39989034,3.519174575805664
u89213962,b30195280,2.5749425888061523
u28341796,b67030393,4.194828510284424
u63154164,b52929604,4.353967666625977
u70954895,b26385014,4.270875930786133
u87888153,b70912031,3.474729061126709
u36059952,b36541444,2.973234176635742
u55011791,b65629315,4.298022747039795
u57013532,b99246476,3.9976916313171387
u08080153,b59126161,3.8368642330169678
u27574933,b32751556,3.8764922618865967
u67915401,b46344425,4.0870513916015625
u05547314,b33860867,2.967587471008301
u82551482,b67349713,3.4503655433654785
u25104497,b67550881,3.9818806648254395
u23214735,b39664275,4.466589450836182
u08813961,b31687952,3.9622626304626465
u05505795,b98196499,4.252223968505859
u69410428,b45609938,4.393895149230957
u15325951,b29316857,3.0139448642730713
u53077655,b11338586,2.606513738632202
u42166306,b43699450,3.8603622913360596
u31435767,b72244461,3.7474801540374756
u44593593,b57640606,4.131198883056641
u58279293,b06585376,3.9180290699005127
u50760812,b21557753,4.072625160217285
u34388414,b57640606,3.3103420734405518
u16713777,b54878424,3.705470085144043
u77426864,b10847759,3.1394033432006836
u97270587,b31687952,3.4480090141296387
u62608231,b66664015,3.959249496459961
u44434706,b06167371,2.8880136013031006
u23692066,b88562055,4.315831184387207
u11436025,b11481995,3.760401725769043
u36400510,b52485134,3.7438297271728516
u62464286,b47057638,2.498413562774658
u39180025,b49401737,3.4553422927856445
u74446146,b74821603,3.6545217037200928
u64806975,b95080493,3.0765907764434814
u18347328,b69989437,4.563523292541504
u95734346,b72782535,3.9385485649108887
u89669696,b33979371,4.386545181274414
u71388930,b56114414,2.541069507598877
u36257171,b93745301,4.1581010818481445
u32751804,b97454851,4.184810638427734
u04453517,b99660372,3.244706153869629
u36882881,b86459113,3.8629651069641113
u81394968,b33108735,3.399243116378784
u66668300,b84892512,4.240744590759277
u87839834,b59578153,3.475992202758789
u09751381,b10161001,3.552471160888672
u13533169,b70319465,3.5025758743286133
u92224973,b31189040,2.836482048034668
u35601774,b85542349,4.310818672180176
u52297020,b49534145,4.135828495025635
u91812581,b80730701,3.6225175857543945
u73439668,b07812624,3.789094924926758
u59427493,b20830788,4.256754398345947
u93558841,b93997659,5.0
u61123213,b01153970,3.062560796737671
u37397098,b44393400,4.368252277374268
u26631519,b03946791,4.182140350341797
u24364162,b99643124,3.445683479309082
u53932352,b21458320,2.9256350994110107
u88526870,b34463991,3.8588080406188965
u21228185,b69294942,3.964055299758911
u78660387,b00553199,3.114475965499878
u06613819,b15854967,4.308952331542969
u46163037,b59060758,4.495106220245361
u81381807,b88977919,2.785350799560547
u22251863,b15595003,3.3063886165618896
u28869059,b27096444,2.4501404762268066
u18608818,b89745317,3.605593681335449
u37814436,b48166789,2.820763111114502
u13762315,b50966235,4.050787925720215
u37654165,b85321421,3.6445038318634033
u07465760,b88487078,4.369607925415039
u32205882,b86609689,4.607637405395508
u53316865,b81292094,3.123199462890625
u59454397,b78275112,3.7199487686157227
u70342019,b87612334,4.593243598937988
u71325009,b73189974,4.209943771362305
u51138958,b22931155,3.009964942932129
u61910512,b78275112,4.351347923278809
u02593633,b62474102,3.4410722255706787
u35936857,b98630806,4.106725692749023
u87526946,b75851389,3.629593849182129
u33954973,b31024771,4.072309494018555
u92604009,b23760358,4.5637664794921875
u23454223,b99351465,3.520066261291504
u59578778,b08349503,3.7133307456970215
u95539341,b08004121,3.2105000019073486
u58203956,b96067067,4.6641998291015625
u82800446,b34162962,3.609036684036255
u40975335,b82237545,3.8670125007629395
u58869438,b67327791,2.8580307960510254
u73527926,b79124168,3.5248939990997314
u14724197,b66416013,3.775163173675537
u67425035,b85771728,3.3715405464172363
u04020080,b21674268,4.220301628112793
u87536260,b70912031,4.149140357971191
u47111313,b25811713,4.281866073608398
u77780266,b31988440,3.286520481109619
u97839657,b09589765,3.771094799041748
u42908851,b29422431,2.9778406620025635
u81563683,b56466462,4.1776323318481445
u17506708,b37068431,4.290281295776367
u99668182,b89407369,3.3007969856262207
u45232796,b68725737,4.267428398132324
u54080242,b23457095,4.151530742645264
u18916604,b59769368,3.1104512214660645
u52845021,b74821603,3.9031193256378174
u36027745,b23482469,3.6001617908477783
u96139443,b73113066,3.5224709510803223
u52920278,b07892193,3.762816905975342
u85792025,b89126781,3.977994918823242
u54462421,b92037806,4.132288932800293
u30368658,b29802159,4.034496784210205
u21859054,b80294058,4.29150390625
u26988846,b80294058,3.764279842376709
u94282918,b72304066,4.096038818359375
u45925174,b35611681,2.970266342163086
u03876907,b09049778,4.4225568771362305
u51155758,b46139942,4.492603302001953
u74607539,b62396194,3.750359058380127
u36371479,b87278779,3.9523096084594727
u02742084,b79975924,4.602206230163574
u08635157,b02994747,2.949063539505005
u70119162,b83261549,2.6464121341705322
u28608500,b65216323,4.043857574462891
u77653227,b69294942,3.755863666534424
u32843326,b06167371,3.840113639831543
u53671195,b67603049,3.697281837463379
u22529997,b54791634,3.872702121734619
u57691866,b82757636,3.0606839656829834
u05877740,b70912031,4.523290157318115
u98727990,b74821603,2.791832685470581
u44490709,b41681847,3.3164939880371094
u67679994,b70930132,3.1743860244750977
u82320863,b47096249,3.9707398414611816
u33293362,b86547231,3.6511971950531006
u21916867,b95822040,3.606323719024658
u94941744,b68297715,4.274408340454102
u94186215,b13222925,3.5681681632995605
u59785153,b47294825,2.6027870178222656
u49410191,b73029799,4.27968692779541
u22106833,b74929101,3.644550323486328
u90247104,b76693158,4.6570725440979
u58489973,b83789266,3.8282885551452637
u97321596,b68605354,3.6802284717559814
u88764781,b71794852,3.339939594268799
u67732706,b86212728,4.223499298095703
u71709665,b36766414,3.741694927215576
u78507710,b05154189,4.097805500030518
u03455641,b20135529,3.930762529373169
u64140187,b25847150,4.067643165588379
u57819425,b02880533,4.240774154663086
u52104442,b91417770,2.6827850341796875
u31026561,b79253970,4.3856611251831055
u83790986,b29802159,4.660187244415283
u61720642,b58973293,2.8808791637420654
u84755501,b67550881,4.335252285003662
u05981024,b04493477,3.257871150970459
u25624112,b50497268,2.7232298851013184
u87493816,b35202318,3.6601009368896484
u83568220,b26847239,4.321429252624512
u42888420,b97979733,3.739119052886963
u08366344,b62718965,3.552534580230713
u14802767,b91973790,2.8347039222717285
u21843326,b18610759,4.556823253631592
u45774623,b65216323,4.555074691772461
u07687298,b41528340,3.8857505321502686
u21992632,b38399229,4.0873565673828125
u24505190,b57704283,3.2925219535827637
u83812412,b43479570,4.483184814453125
u26648078,b30733957,3.4747774600982666
u88295409,b74950254,3.4947521686553955
u74766535,b86602880,4.163100719451904
u06631256,b54878424,3.9334654808044434
u07030880,b29802159,3.856400966644287
u59636391,b31051286,3.5182056427001953
u13757407,b54878424,3.5398731231689453
u29957683,b85321421,4.023652076721191
u24168550,b73525767,4.20405387878418
u08772195,b15038153,3.49621844291687
u47937032,b27702770,4.4336395263671875
u79255809,b89324149,4.446441650390625
u47770036,b53876123,4.159237861633301
u96276787,b51311359,3.432675838470459
u82956871,b87612334,3.7073476314544678
u87196060,b17187529,3.5660743713378906
u34411200,b18978605,2.935136556625366
u78320642,b78647061,4.265018463134766
u89051699,b03458965,3.6937942504882812
u51578155,b69472393,2.8936750888824463
u44772209,b64609180,3.7864694595336914
u32539520,b64242065,2.9015755653381348
u50576549,b67956548,3.525716781616211
u37953732,b79060225,3.29799222946167
u68489862,b43196456,3.1244940757751465
u09276918,b93936801,3.944098472595215
u40026320,b39837030,4.572566986083984
u67959066,b42435031,3.747133731842041
u05683639,b36717912,3.9439094066619873
u21996577,b74575407,4.135497093200684
u46286492,b58973293,3.13993501663208
u47128242,b88978481,3.7172248363494873
u97519657,b07219308,3.3742663860321045
u16313811,b29802159,3.654252290725708
u69400892,b60484296,4.108421802520752
u42623478,b66709767,3.272019863128662
u71691792,b77424871,4.005827903747559
u16907294,b95822040,3.4160356521606445
u24627448,b80596244,4.085756778717041
u72613109,b09589765,4.110457897186279
u69836498,b42027204,3.7150893211364746
u06596345,b91758795,3.9698245525360107
u76866297,b74929101,4.621963024139404
u63411149,b34463991,3.796236515045166
u40026320,b87439329,3.9775919914245605
u99847795,b88487078,4.273396015167236
u78865788,b77333717,3.4651365280151367
u34196022,b07666694,2.7418763637542725
u09900567,b15268547,4.458685874938965
u82743368,b57640606,3.5265133380889893
u03872994,b03923117,4.883585453033447
u92182338,b43521644,4.004467964172363
u91947449,b56662995,3.862492084503174
u89339696,b73029799,4.370188236236572
u08583410,b61430045,4.217902183532715
u46750985,b93997659,4.083680629730225
u24578404,b90171057,4.398153305053711
u07942271,b44683019,3.0022926330566406
u67254919,b69669795,4.62683629989624
u47435641,b19867465,3.4364681243896484
u37219802,b22652791,5.0
u81782380,b14338293,4.862215042114258
u12420829,b42224573,3.621868371963501
u17853860,b43020589,3.438591241836548
u88463198,b65216323,4.303173065185547
u69907152,b01714936,3.8264431953430176
u93974269,b74511960,3.2121453285217285
u86159262,b20914110,3.727341413497925
u14664592,b50384790,3.3598737716674805
u70204404,b65411088,3.6549644470214844
u59097838,b98115511,3.7476391792297363
u56532040,b06167371,3.1097559928894043
u56670410,b46888254,3.861307144165039
u67999292,b15439387,4.064927101135254
u58075185,b17187529,4.3216729164123535
u60268852,b41451971,4.1712236404418945
u73068045,b68325129,3.015735626220703
u11000700,b26138336,2.779770851135254
u28103686,b47053602,4.08139705657959
u80795062,b17741315,3.1274924278259277
u57652846,b23760358,4.3532233238220215
u30857102,b79547504,3.6632890701293945
u19430511,b35195484,3.6157641410827637
u81584177,b36312601,3.600935459136963
u57507741,b30307775,3.997415065765381
u06836736,b91686353,3.980135679244995
u90161361,b25044151,3.2330594062805176
u88003271,b08349503,3.045886516571045
u21105866,b20048021,2.949694871902466
u40687924,b04222499,4.018488883972168
u05596175,b92959743,2.907426357269287
u92893117,b92631370,2.8142096996307373
u50818174,b31220669,3.0913538932800293
u92156745,b57002888,4.5386552810668945
u24991825,b84216708,4.209233283996582
u12979312,b76879592,3.699800968170166
u10651443,b79928088,3.790397882461548
u64719754,b81174865,4.012959957122803
u06735615,b89468718,3.7684903144836426
u60680040,b63532485,4.4120192527771
u81394968,b40598851,4.236626625061035
u13361980,b19494868,4.109200954437256
u35331717,b42920311,4.778804779052734
u53631766,b44745371,4.181919097900391
u65237721,b64124445,4.943168640136719
u27190101,b98353918,3.7178258895874023
u25014237,b44387119,4.423377513885498
u45696130,b13108919,3.5427932739257812
u45841327,b26138336,3.2628774642944336
u09360315,b40171933,3.394195556640625
u49054308,b37466269,1.0
u54087832,b15301527,3.3526535034179688
u48759176,b81969648,3.749703884124756
u27930660,b80225628,3.7370753288269043
u17995223,b57828547,3.628905773162842
u54992485,b14071263,3.2370567321777344
u47543760,b14338293,4.590584754943848
u20834864,b10080165,3.612367630004883
u34838073,b74504784,3.8573994636535645
u38967305,b13298774,4.303447246551514
u72687448,b12315103,2.531385660171509
u24960667,b46006537,3.9488165378570557
u45302325,b57181185,3.5499515533447266
u12706841,b90614996,4.261227607727051
u24439241,b87691807,3.6740477085113525
u04622054,b63880346,1.8157020807266235
u76876687,b33010441,3.602242946624756
u30018275,b70912031,3.1922085285186768
u54879215,b65442043,2.3851699829101562
u33198378,b21357510,4.01702880859375
u84473749,b85321421,3.21769642829895
u58577923,b59845564,3.5644190311431885
u30449230,b52741866,4.510583877563477
u00634922,b41208156,3.0069031715393066
u85427698,b03946791,4.12623405456543
u55886139,b41797398,3.7465896606445312
u21871147,b65606948,2.6803627014160156
u98657958,b87612334,4.365144729614258
u37289164,b40128170,3.6363604068756104
u10047988,b80596289,3.2841875553131104
u42754261,b06167371,4.284734725952148
u74239087,b28927044,3.5942025184631348
u34922819,b41331137,3.757094621658325
u79532573,b86785429,4.394323825836182
u13520744,b28961368,3.2322144508361816
u08772951,b12601599,3.0475802421569824
u61990000,b62670070,3.9273834228515625
u57576587,b95113879,4.045609474182129
u24102322,b61863874,3.9693961143493652
u19927708,b83551310,4.049828052520752
u10219070,b32231889,1.0
u92890643,b29576446,4.131514549255371
u91971941,b61372131,4.076178073883057
u65878317,b30155139,3.3167240619659424
u02468696,b03303291,3.437824249267578
u57910016,b43253434,3.6534111499786377
u61896213,b22348421,4.278036117553711
u31351971,b68397888,3.5003232955932617
u45302325,b28003505,3.569688081741333
u86723822,b51332181,4.02821159362793
u86908092,b41076898,3.7065837383270264
u06951934,b18851396,3.256880760192871
u85637116,b94989213,3.382305383682251
u77812132,b07611214,3.089165687561035
u09011204,b82924906,4.43421745300293
u88364695,b43697974,3.301077365875244
u19585150,b36794167,3.4829368591308594
u22031629,b74609159,3.6994404792785645
u67219568,b22785797,3.923332452774048
u76985267,b23482469,3.155435085296631
u07797579,b94443713,3.0225629806518555
u87640306,b66908318,4.818583965301514
u82898215,b20790379,3.3188681602478027
u58138062,b98115511,3.5463883876800537
u47187009,b56751792,3.674990177154541
u36131391,b53321055,4.254463195800781
u15304336,b15354652,3.531332015991211
u22638248,b81364235,4.1769208908081055
u23717959,b68453196,2.8434553146362305
u26627440,b80506673,4.339319705963135
u07717247,b87715366,3.134829521179199
u32158343,b28615151,4.235472202301025
u28698182,b20071798,3.7586803436279297
u09727257,b86480331,3.598545551300049
u83929428,b65558862,3.846466064453125
u02521315,b13363712,3.7635040283203125
u36972830,b75286945,3.4511523246765137
u36188595,b28024225,3.2145168781280518
u85697519,b62983645,3.700680732727051
u69467295,b80122439,2.951864004135132
u36181550,b91143227,4.417759418487549
u20550800,b69647795,4.203795433044434
u67240063,b89414726,3.7598421573638916
u31779061,b52296426,4.01206636428833
u86729641,b08004121,3.6347784996032715
u99921499,b60484296,2.034296751022339
u64359997,b77049201,4.121266841888428
u94462479,b14547631,4.331939220428467
u05538641,b15860915,4.189241409301758
u85874040,b57704283,3.8016233444213867
u25150350,b52736396,3.947690963745117
u14602932,b86878381,4.120277404785156
u29721715,b90354954,3.3015248775482178
u81733782,b78565713,2.835603713989258
u69870873,b65522865,3.766946792602539
u49557543,b80625075,3.7977259159088135
u96432194,b71271368,4.108684062957764
u45015223,b03047230,2.9032785892486572
u39733358,b78340580,2.967811107635498
u91339463,b36270312,2.880418300628662
u45304050,b55479304,3.280747652053833
u18386395,b28190473,4.057642936706543
u38307982,b35983880,3.481849193572998
u01523010,b70516496,2.2154126167297363
u64806975,b06167371,2.906704902648926
u15517221,b33935257,3.230020523071289
u31779061,b24413532,3.5636916160583496
u28566111,b49970233,3.8523945808410645
u26620170,b74821603,3.947357416152954
u99891147,b99719030,3.010050058364868
u36595805,b33391853,4.230010032653809
u52553170,b59032154,2.9142470359802246
u73483912,b07278059,4.993656158447266
u44817726,b76040943,4.040245056152344
u44838323,b35701970,2.6469290256500244
u72459900,b31988440,3.5608010292053223
u13002793,b44076377,3.2028026580810547
u11650490,b12526023,3.913626194000244
u19565331,b13298774,4.52830696105957
u95657757,b53423202,3.8843464851379395
u49565084,b46823063,4.3087263107299805
u70619581,b92153730,4.208714962005615
u01851844,b05154189,3.5789451599121094
u28052333,b78420438,3.6931941509246826
u84640872,b08632997,3.690521717071533
u95366749,b08545824,3.583220958709717
u05217581,b54695184,4.161093711853027
u32865322,b55180043,3.2464075088500977
u62989688,b26086823,3.608761787414551
u87797295,b36185570,3.3935513496398926
u81603581,b97659010,3.8510890007019043
u65137470,b18610759,4.741214752197266
u17017375,b82853645,3.476877212524414
u54944528,b09041547,3.832569122314453
u48272048,b72782535,4.098363876342773
u64170741,b39065480,3.507678508758545
u85279952,b08233764,3.335965633392334
u16000787,b01916632,2.603640556335449
u76581684,b74719644,4.088375568389893
u91976155,b01550538,3.4494476318359375
u56908186,b70912031,4.3685688972473145
u76884862,b96858256,3.7111730575561523
u99033847,b72304066,4.3634033203125
u46393481,b65411088,4.178676128387451
u22469457,b08899763,3.495396375656128
u75516217,b13298774,3.639085292816162
u54383607,b35067156,4.154265880584717
u75299123,b49553867,4.730198860168457
u49769897,b76818058,3.226487874984741
u38598201,b49323159,3.3647236824035645
u53896424,b18273848,3.1967554092407227
u55421732,b66739789,3.4041316509246826
u68835807,b24274613,3.5817418098449707
u14288259,b96751354,3.5476021766662598
u66384984,b02582153,3.8763651847839355
u78500596,b53813950,3.4315385818481445
u96221414,b28563077,3.7434871196746826
u71577849,b90422949,3.5195276737213135
u32859467,b28190473,2.0237231254577637
u03935283,b61292623,3.7222421169281006
u52469728,b76401400,3.847986936569214
u76493802,b44683019,4.215371608734131
u34298647,b80479144,3.0857138633728027
u25019169,b84216708,3.489755630493164
u59366660,b62282738,3.538809299468994
u26119989,b08004121,3.1415653228759766
u21406724,b17943549,4.165019989013672
u92143703,b13363712,2.6461081504821777
u34282027,b28995195,4.734737396240234
u56433236,b34463991,3.84835147857666
u93701587,b79124168,3.287001371383667
u05767988,b92040053,3.9834907054901123
u45977223,b98092403,2.896318197250366
u47208813,b50453414,3.4126157760620117
u92593828,b55420143,3.434567451477051
u95744085,b61652439,3.007695436477661
u33821481,b34366076,3.394946813583374
u36289598,b93284084,3.3584771156311035
u94253888,b06594639,3.320650100708008
u55965395,b42373487,3.9484500885009766
u66973658,b50453414,3.8418662548065186
u89961384,b93745301,5.0
u46998792,b29208717,3.2890424728393555
u18116932,b70977140,3.6444883346557617
u35914294,b42977080,3.453449249267578
u32178809,b28063904,3.1192760467529297
u18535395,b68622451,4.832431793212891
u33923576,b49553867,2.932633399963379
u28723442,b74729345,2.8457086086273193
u74324910,b34969157,4.186309337615967
u17418998,b83439687,4.614686965942383
u87744255,b35186530,3.8138937950134277
u39367336,b52929604,4.2261247634887695
u54945950,b15574895,3.739063262939453
u12420829,b13061166,3.478935718536377
u56293881,b92969085,3.7368438243865967
u16352297,b62474102,3.93333101272583
u06394160,b08157430,2.28829026222229
u37676096,b96762753,3.097562313079834
u15974149,b41402498,4.3384528160095215
u76435061,b47057638,2.973594903945923
u68091606,b31821160,4.085872173309326
u26988846,b02994747,3.6015090942382812
u11669076,b57648353,3.780024528503418
u55537243,b56105038,3.5959842205047607
u81516821,b85940383,3.561060667037964
u42361961,b15869276,3.9441187381744385
u40884330,b45357639,3.457836866378784
u79071470,b59575409,2.366297960281372
u01809108,b18722570,3.974459171295166
u70338038,b81524397,3.1281771659851074
u60335990,b78275112,4.502664089202881
u68352780,b78008834,4.32758903503418
u91443728,b95074507,3.997438907623291
u81516821,b19867465,4.355072021484375
u23837890,b34463991,3.992551803588867
u14273133,b14338293,4.491606712341309
u57097005,b57528832,4.144296169281006
u14123217,b27581388,2.7946176528930664
u06054472,b63666979,2.838322162628174
u54133019,b30321639,3.7478671073913574
u86001108,b88182084,3.9254140853881836
u93974269,b94907376,3.701259136199951
u41531497,b82329113,3.7265117168426514
u87581315,b42977080,4.163669586181641
u37049782,b12120726,2.766561269760132
u19505129,b78275112,4.338724613189697
u50332309,b24054097,3.4775919914245605
u67999292,b16024414,3.46553373336792
u98090000,b41516337,2.9273953437805176
u98545063,b34105659,3.353335380554199
u99085053,b99747486,3.7193429470062256
u43658390,b39605350,2.7621936798095703
u69591350,b88934153,3.2112722396850586
u41204141,b61652439,3.360076427459717
u22635990,b51332181,3.936934471130371
u43993729,b68095123,3.9908266067504883
u91199153,b32140664,3.712702989578247
u92899534,b76264408,2.406022787094116
u07113986,b71663032,3.524197578430176
u03384038,b89572033,4.024928092956543
u21712639,b89765180,2.9353079795837402
u83420102,b07278059,3.939340114593506
u22050499,b39989034,4.212747573852539
u81675303,b48706456,3.707050323486328
u53207613,b79994865,4.319977283477783
u12863900,b36312601,3.4178719520568848
u91002090,b52217488,4.644115924835205
u26560649,b31891913,3.2913784980773926
u92568486,b70912031,4.714217185974121
u12774240,b31515038,2.737907886505127
u57926665,b26385014,3.826265335083008
u88853909,b17585340,3.7250475883483887
u38498558,b35526856,3.8530473709106445
u94162633,b57106359,3.694575071334839
u08169589,b52929604,3.9825329780578613
u48085056,b23676302,3.1426517963409424
u79886506,b29738200,4.013290882110596
u22855708,b39081955,2.6662755012512207
u07300183,b79230811,3.7974016666412354
u12659756,b26688492,3.4799065589904785
u46151453,b36724264,3.7009224891662598
u75289760,b97815152,3.4009718894958496
u47210463,b95439113,3.5775938034057617
u70954895,b36265270,4.182341575622559
u41668604,b11752294,4.521920204162598
u79037033,b50284484,3.467907428741455
u80593202,b39125372,3.716433048248291
u30409902,b34740941,3.8510003089904785
u16078636,b45651575,2.3664989471435547
u83726401,b54791634,3.835033893585205
u97415339,b94989213,3.4886765480041504
u83625488,b65861714,4.38129997253418
u96236857,b21674268,4.311557292938232
u01012215,b56779366,3.7224316596984863
u27524637,b23904035,3.9675679206848145
u04711675,b29031862,3.0272574424743652
u67927839,b94383831,3.0309977531433105
u95309858,b56265715,2.895672559738159
u26480193,b40650642,3.5878076553344727
u20023701,b13363712,4.154644012451172
u37413774,b12526023,4.126150608062744
u84659559,b79640364,4.222611427307129
u88115527,b03833044,3.9603261947631836
u77801734,b39255385,3.018237352371216
u87425979,b22145663,4.033104419708252
u64822917,b91712126,4.215882778167725
u83462080,b22146898,4.450067043304443
u16972854,b80070869,4.293848991394043
u28314087,b77136574,3.8899145126342773
u36736490,b22931155,3.4710917472839355
u55962026,b19638250,4.027200222015381
u21455793,b14780202,3.386528253555298
u15830741,b51600462,2.7315213680267334
u81107945,b35052984,3.0580902099609375
u21745269,b32462937,3.339959144592285
u56125369,b35710234,4.074227809906006
u54167256,b62853608,3.7287232875823975
u32201663,b09365531,3.615166187286377
u76458355,b74821603,4.017464637756348
u64174592,b56779366,3.6240789890289307
u13193770,b47078971,4.184660911560059
u54975067,b23409289,3.4989614486694336
u55968905,b11179371,3.1164071559906006
u81733782,b37268934,3.0305728912353516
u57992518,b26246971,3.2016239166259766
u50607347,b94660986,3.2516207695007324
u08684872,b70701888,2.9201810359954834
u35888656,b80968418,4.2139668464660645
u02895928,b75489513,4.3458170890808105
u44476914,b72860992,3.5229244232177734
u35516653,b06167371,2.840578079223633
u35762606,b10847759,4.0945048332214355
u67583013,b70305381,4.030058860778809
u80545919,b10017690,3.3611791133880615
u64545887,b24751294,3.3913686275482178
u61915780,b37068431,4.061120986938477
u75605780,b09049778,3.933156967163086
u35585970,b78275112,4.670716762542725
u57621911,b46271044,3.252495765686035
u93187835,b98545244,3.466205596923828
u71789175,b44595908,3.604980945587158
u03683135,b25958104,3.642756462097168
u97308548,b49740475,3.340010404586792
u67823996,b70664431,3.904717445373535
u70942160,b22890843,2.0137386322021484
u15480196,b01338628,3.85856294631958
u96564934,b07278059,4.778697967529297
u38881381,b87439329,3.558709144592285
u21050739,b23760358,4.799558639526367
u44233952,b44966320,3.153244733810425
u73558910,b69989437,4.275852203369141
u49953278,b29275769,4.111977577209473
u86731282,b78008834,4.495647430419922
u50200767,b46966835,1.4017845392227173
u81819770,b38905954,2.0881824493408203
u67022889,b59949154,3.2656049728393555
u65160312,b44711938,4.406917095184326
u90906465,b57218619,3.3147308826446533
u82237145,b38808804,3.0717997550964355
u64956182,b00524153,4.500494003295898
u11700670,b09049778,3.798219680786133
u14713988,b48933583,4.05565881729126
u01941044,b82853645,4.38195276260376
u56978314,b56105038,3.7701945304870605
u74048466,b52842739,4.086906433105469
u24564954,b17585340,2.3264997005462646
u42363330,b64898087,3.6324362754821777
u45361269,b90916310,3.824493885040283
u04233462,b74821603,3.360741376876831
u36959851,b00525842,3.5315101146698
u51391110,b91561409,3.044503688812256
u43954066,b52929604,3.7373764514923096
u64777635,b04721365,4.435772895812988
u22657768,b08775775,3.08182430267334
u51867888,b43253434,4.584005355834961
u27083770,b32857815,2.585942506790161
u29469733,b70930132,3.113535165786743
u24500253,b68177426,4.104269027709961
u79071470,b46139637,2.818329095840454
u73430196,b26385014,4.3512372970581055
u56739270,b72304066,4.187890529632568
u35751887,b55439788,4.517701148986816
u82082699,b52580354,3.6564157009124756
u72353631,b13528908,3.2854528427124023
u80946521,b34953904,4.34311580657959
u51397900,b59463893,4.259586811065674
u95385647,b82237545,3.42683744430542
u25275900,b66664015,2.8750967979431152
u08033335,b95835140,3.6112048625946045
u99300918,b47096249,3.3531808853149414
u55660726,b51986055,3.6858153343200684
u46610042,b45502382,4.3260626792907715
u34509392,b91305242,4.309970378875732
u61359485,b66908318,4.656961441040039
u12644553,b43914262,3.081272602081299
u42379341,b08545824,4.2188615798950195
u67722132,b93167405,2.7294206619262695
u31009022,b79928088,3.706022024154663
u07714593,b10239804,3.5000081062316895
u43895438,b37351373,4.354770660400391
u29767619,b82664640,3.5435686111450195
u51753276,b73029799,3.613077402114868
u43677577,b19867465,4.183178901672363
u74130691,b54851751,3.6600465774536133
u87030214,b31475886,4.499854564666748
u56513076,b43253694,3.912735939025879
u36371479,b32735719,3.406782627105713
u58603509,b52736396,4.37966251373291
u77359351,b05487017,4.469783782958984
u28385354,b89040055,3.325430154800415
u62476721,b41681847,3.6457951068878174
u57620334,b42977080,3.530325412750244
u36744906,b97887852,3.748760461807251
u64696137,b40598851,3.799649238586426
u60096443,b63603925,3.51092267036438
u52332444,b64644552,4.3954644203186035
u62006992,b44711938,4.261743545532227
u76233544,b19555371,4.285959243774414
u78924680,b90354954,3.614694118499756
u01233617,b91947769,3.9082794189453125
u70122119,b96561626,3.906860828399658
u04378661,b36185570,2.5605106353759766
u18651336,b03458965,3.5955448150634766
u18078448,b91712126,4.227774143218994
u37388614,b86376623,3.8318469524383545
u80790488,b88863965,3.6010656356811523
u15513950,b02853730,3.246070384979248
u99667811,b52943381,3.8048906326293945
u37227811,b59349150,3.743086576461792
u62791337,b07831192,4.322676181793213
u64950799,b82148195,4.882473945617676
u18087204,b43943356,3.510298728942871
u30634133,b74511960,3.230128049850464
u44844841,b88121768,2.783842086791992
u80467110,b56679875,2.9696106910705566
u84677719,b49991872,4.488086223602295
u66498301,b74034107,4.593642711639404
u67992417,b12870754,3.70123028755188
u56696518,b63778311,3.5139143466949463
u41616068,b57603464,3.873162269592285
u84275184,b86788370,4.991650104522705
u38681053,b54791634,4.606595516204834
u53612807,b26385014,3.9484901428222656
u32266495,b74929101,3.927321434020996
u98234059,b14304119,3.5585174560546875
u67945073,b44991539,2.5538077354431152
u03347120,b07278059,3.938904285430908
u37151082,b61409403,2.9631106853485107
u59125785,b49970233,3.7034711837768555
u69755750,b91712126,3.953787088394165
u50432897,b44393400,4.139368057250977
u94739078,b54043673,3.638707399368286
u58290085,b89572033,3.603264093399048
u84406996,b06036306,3.6882576942443848
u01202500,b91686353,3.688932180404663
u57136295,b51986055,3.194047689437866
u89730132,b93997659,4.351339340209961
u35948326,b50453414,3.805601119995117
u76296850,b11338586,3.649575710296631
u39798574,b10567312,3.134310245513916
u09177853,b29719714,2.6702442169189453
u44155125,b33298668,4.0029120445251465
u55917884,b40650642,4.246780872344971
u91349598,b54369491,3.243197202682495
u94781916,b14362802,3.898988723754883
u04714058,b55690375,3.47798490524292
u85341043,b89324149,3.803772449493408
u46750513,b46302737,3.4920878410339355
u83413783,b28190473,3.7746076583862305
u21568344,b56492521,3.5322046279907227
u68046015,b75541992,2.5699257850646973
u73405112,b99606483,3.6117472648620605
u62607484,b66416013,4.16635799407959
u60318173,b83882616,3.82015323638916
u14320975,b03671144,3.7117996215820312
u71534018,b93625021,2.8328564167022705
u55485367,b98076835,2.652153491973877
u67276630,b70907276,3.754471778869629
u05585950,b58888536,3.3626766204833984
u06074875,b79098002,3.91963529586792
u84895769,b27818520,3.5900769233703613
u06297054,b82329113,3.7193198204040527
u03036443,b72097645,3.4050958156585693
u30422161,b17952463,3.078917980194092
u30056847,b20135529,3.8255250453948975
u50504240,b84494926,1.3155540227890015
u96133884,b80148153,3.9052867889404297
u45236465,b77430629,4.185235023498535
u41853271,b14127810,3.640695333480835
u15334321,b32356492,4.120595932006836
u12654238,b19733783,3.3708276748657227
u83431794,b60735581,4.1322221755981445
u38031588,b70912031,3.768301486968994
u20151217,b05231805,3.7028887271881104
u87135518,b36265270,4.034756183624268
u90380363,b17347267,4.133905410766602
u86564889,b19516972,3.3163392543792725
u92206515,b80294058,3.3538124561309814
u55003901,b92260212,3.668924331665039
u33233647,b52217488,3.768043279647827
u16088176,b79124168,2.8597934246063232
u45373868,b41432738,3.920206308364868
u79510721,b07278059,4.009542465209961
u72820303,b41227312,3.8203487396240234
u27866473,b83613787,4.062363147735596
u57303935,b04222499,4.3066277503967285
u93072426,b02553999,3.147930860519409
u85246452,b92889205,3.6535396575927734
u09843908,b98115511,3.810910224914551
u21345561,b15982933,3.059385061264038
u98706240,b34348391,2.9705724716186523
u21032666,b29376205,2.512622833251953
u06892979,b87403363,4.0484113693237305
u12662095,b45675681,3.6076951026916504
u89252747,b64124445,3.4223837852478027
u57670660,b49638571,3.6288180351257324
u13933041,b80070869,3.6515755653381348
u96328255,b05154189,3.492971897125244
u70215459,b86843272,4.396761894226074
u68273311,b52013289,4.488609313964844
u60775907,b48197202,4.565345287322998
u50651594,b64609180,3.0086710453033447
u14326097,b80393221,3.8325700759887695
u66656293,b31362596,4.201532363891602
u09985071,b89324149,3.6695680618286133
u60929263,b44944170,3.478816032409668
u80089148,b97302773,5.0
u05235592,b91561409,2.3902320861816406
u39124154,b68763841,3.8944520950317383
u97333368,b85903526,3.9950263500213623
u84488887,b48544437,3.518967628479004
u51198604,b13527792,3.2100250720977783
u44074400,b42749067,4.11309814453125
u16334013,b38122928,5.0
u72852701,b08349503,3.7091877460479736
u84183781,b62424088,4.2044854164123535
u42908851,b51839247,2.830411911010742
u80063775,b78275112,4.810879230499268
u08348830,b39065480,3.2185018062591553
u69624585,b64538575,3.3546624183654785
u78890347,b49494082,2.5964460372924805
u42379341,b17064684,3.5698204040527344
u82463056,b52339175,4.541347503662109
u34639302,b29802159,3.771775722503662
u87713011,b67957413,3.326997756958008
u74359142,b80625075,3.526315212249756
u87064752,b40598851,3.769456386566162
u08485213,b88562055,4.390231132507324
u68151481,b02562594,4.240224838256836
u14321575,b79098002,3.697634220123291
u67401519,b84462089,3.2582244873046875
u55922493,b25857180,4.006128311157227
u42450388,b60500282,4.184873104095459
u85507276,b38730188,2.94271183013916
u42490917,b69989437,2.857058525085449
u71411945,b05154189,4.3361687660217285
u42568606,b48132407,3.817878246307373
u60730394,b90221134,3.8418805599212646
u71597309,b05231805,3.408715009689331
u66511793,b80102793,4.774425506591797
u63405810,b18378777,2.9807417392730713
u55151260,b37823595,3.5889523029327393
u50418565,b44711938,4.007109642028809
u40693355,b28482269,3.6619415283203125
u29402137,b00793888,4.102248191833496
u98248980,b47963916,3.033656597137451
u82663123,b29738200,4.129943370819092
u33196947,b85232762,1.0
u81710512,b96067067,4.560195446014404
u36945000,b17187529,4.325218200683594
u71596436,b91499032,4.413132667541504
u78226466,b32288653,3.9937050342559814
u80722645,b49401737,3.1178271770477295
u51292741,b68526080,2.828195571899414
u20470952,b20816244,3.855013370513916
u42862074,b73921727,3.4011762142181396
u92627476,b66649969,3.0699377059936523
u07978766,b89115141,4.774459362030029
u25267874,b20790379,4.382077217102051
u90662972,b84718404,3.342650890350342
u82104078,b96921455,3.5261390209198
u17772402,b62853608,4.054330825805664
u50968237,b08349503,4.150314807891846
u15205414,b18591671,4.174681186676025
u13042828,b22348421,3.507992744445801
u81601965,b04374540,3.7442758083343506
u24651790,b17104949,3.65789794921875
u17832892,b90354954,3.9897823333740234
u88294871,b45033558,3.6442039012908936
u17578542,b38181410,1.0
u84104407,b63952476,2.74405574798584
u89904986,b94263614,3.319571018218994
u84971128,b25413123,3.9362740516662598
u62742755,b11693904,4.217020034790039
u26474410,b20358707,3.260676383972168
u41975057,b28293389,3.503312110900879
u50022901,b37664187,3.3632779121398926
u58351738,b60324633,3.559067726135254
u95609691,b28344559,3.091580390930176
u78972100,b51485694,4.609033584594727
u21939148,b62325202,4.329621315002441
u64758440,b13696850,3.7816615104675293
u17614225,b35891508,3.4258694648742676
u23801765,b67584295,4.458261966705322
u72954995,b37561328,3.808297634124756
u15115958,b17138341,3.1329569816589355
u42032908,b98256804,3.7011094093322754
u47551440,b37548208,2.336355447769165
u41544146,b99145398,4.556429862976074
u78959848,b43479570,2.9772205352783203
u64194060,b96064020,3.95780348777771
u56476563,b57648353,3.8040220737457275
u59388666,b96067067,3.670546054840088
u60784419,b29505914,3.865851402282715
u91887946,b34681163,2.542964458465576
u96846642,b88562055,4.8281474113464355
u17197868,b33076549,3.8490676879882812
u28422828,b67327791,2.9800527095794678
u48780568,b98552213,3.5175633430480957
u36123598,b01153970,3.7074036598205566
u12090226,b54878424,3.8849234580993652
u57831743,b97497122,3.715008020401001
u84028674,b77680859,4.080606937408447
u93257727,b75817040,3.810697317123413
u15168124,b70912031,4.201666355133057
u28972617,b16250758,4.229649066925049
u31153985,b59575230,2.5777230262756348
u53524250,b88947899,4.561674118041992
u16439759,b06313374,3.958523750305176
u50907671,b14848528,4.352762222290039
u21750681,b80663565,3.2944631576538086
u96035221,b13408974,2.6050901412963867
u08571355,b81697368,3.3587098121643066
u14379793,b15174884,3.121203660964966
u82422854,b45502382,4.152309417724609
u73945283,b93745301,4.120248794555664
u97599229,b89324149,4.449115753173828
u35920455,b77075271,3.2999231815338135
u20690061,b61863874,3.5880374908447266
u71248221,b49495549,4.31514310836792
u81878835,b69089192,3.382765769958496
u99370997,b15722276,3.730651617050171
u25413191,b00782849,3.751391649246216
u61677470,b83439687,4.141551494598389
u76765810,b20432964,3.093672037124634
u77429543,b77049201,3.8542304039001465
u18978787,b26635003,4.024372577667236
u32552754,b82890607,3.7555007934570312
u18978787,b43914262,3.781339645385742
u08687150,b98844131,2.9764015674591064
u80622283,b21674268,3.9006834030151367
u72161401,b15192631,3.030775785446167
u38738834,b29998162,3.333409547805786
u12181648,b09050359,3.354389190673828
u72524116,b86788370,4.252580642700195
u97022165,b37657413,3.401836633682251
u26918913,b68959843,3.7069509029388428
u05910977,b33699537,4.677467346191406
u35361860,b26335963,3.171417236328125
u59999954,b64937687,3.0210161209106445
u43151402,b33091876,3.6019206047058105
u26550736,b01916632,3.645212173461914
u46850648,b08233764,3.0626137256622314
u65751729,b18705025,3.7923450469970703
u70979918,b16140171,3.7541050910949707
u95255205,b06949973,3.060865640640259
u79791816,b26924525,4.723438739776611
u51710996,b80102793,4.156928539276123
u97323931,b51286612,3.9561667442321777
u36640806,b95000069,4.210698127746582
u15756535,b91885011,3.3409109115600586
u85396590,b88022221,3.189152240753174
u32210322,b39801005,3.737293243408203
u59675957,b68095123,3.9337449073791504
u89821099,b39664275,4.9468207359313965
u65778808,b54781444,4.455094337463379
u77851940,b27702770,3.9593558311462402
u60138529,b24293098,3.8514208793640137
u58490707,b00192663,3.7614471912384033
u64300581,b99247649,3.837472915649414
u30737169,b56492521,3.903106212615967
u84678486,b31494232,2.9492907524108887
u43325773,b52596260,2.8202905654907227
u66387653,b79357715,2.8780128955841064
u31686106,b27545570,3.3904905319213867
u29914551,b04374540,4.209847450256348
u24519371,b40598851,4.36531925201416
u96923265,b62181786,3.2181825637817383
u03624496,b08157430,3.3321588039398193
u99700431,b88863965,3.3116037845611572
u67675183,b21674268,4.567690849304199
u50088550,b43253434,4.403424263000488
u17747950,b15869276,3.6102826595306396
u15536587,b15268547,4.743900299072266
u67997191,b81697368,3.926912784576416
u27618700,b41516337,3.595142126083374
u77862968,b23457095,3.493967294692993
u86846430,b72304066,4.841375827789307
u90080324,b55038744,4.0884480476379395
u99858833,b16365742,3.9794201850891113
u01407603,b68325129,4.459652423858643
u80712308,b19406922,4.061319351196289
u64016045,b43479570,4.0764970779418945
u37206432,b58973293,3.8586792945861816
u56333201,b52329323,3.566814422607422
u15819872,b95128552,3.6041603088378906
u43549521,b42439813,2.8025646209716797
u31578245,b88947899,3.418558359146118
u02549216,b18610759,4.5706868171691895
u42463198,b15268547,3.6663432121276855
u41282928,b02603859,3.282565116882324
u50504817,b36265270,3.733773708343506
u62751709,b68461819,4.471338272094727
u84885041,b65667329,3.6924290657043457
u34430399,b77628606,3.9390997886657715
u28479372,b01899333,2.2572083473205566
u72106791,b09589765,3.479872703552246
u40240965,b72244461,4.430291652679443
u99858833,b09589765,3.817051887512207
u33361904,b81292094,3.8668906688690186
u02083514,b36231626,2.536923885345459
u24960667,b26138336,3.495309829711914
u85359985,b18960449,3.397007703781128
u63401049,b56550745,3.3109750747680664
u90163228,b29505914,4.471647262573242
u39330888,b28990678,4.248263359069824
u68031774,b51332181,4.217153549194336
u95657757,b64272891,3.453315258026123
u36706416,b17616770,3.1190690994262695
u68025492,b80102793,4.891918182373047
u68482799,b27977641,3.5502285957336426
u64421437,b78565713,2.591405153274536
u73697982,b06036306,3.6791675090789795
u99020810,b22568561,3.0826098918914795
u71327853,b62424088,4.709563732147217
u63642313,b90302136,2.18978214263916
u01424915,b50852802,3.3605918884277344
u09106076,b95785803,3.151170253753662
u67917390,b22078248,2.5474889278411865
u39883972,b32391924,3.5563931465148926
u02911293,b23760358,4.268650054931641
u81733782,b40934702,3.027707576751709
u50842814,b33701355,2.3481550216674805
u64942243,b83439687,4.048619747161865
u67750003,b54907466,3.6410067081451416
u83069395,b75100696,3.8372974395751953
u36000420,b15461905,3.785167932510376
u09914656,b05819688,3.2987782955169678
u09030946,b17064684,3.495889186859131
u57830157,b60508787,1.81689453125
u89137466,b37351373,3.8288488388061523
u73200394,b59349150,3.870296001434326
u08352664,b00524153,4.342117786407471
u53888663,b89983785,3.6058168411254883
u92597680,b13094463,2.820317268371582
u34994876,b58973293,3.4522204399108887
u81289277,b10567312,3.033228874206543
u35222662,b22348421,3.8665785789489746
u09392278,b35067156,3.706481456756592
u36570670,b08004121,2.973958730697632
u39175239,b12526023,4.132506847381592
u51284711,b11516322,3.8034732341766357
u74166501,b09365531,3.1227164268493652
u47543760,b43876918,3.6167259216308594
u21555884,b34240968,2.930314779281616
u59573039,b47931880,4.120012283325195
u42166306,b40598851,3.6242363452911377
u45498790,b58973293,3.052363157272339
u98863562,b86376623,4.473178863525391
u65037244,b89512519,4.01314640045166
u66150750,b34953904,4.0769476890563965
u34739050,b05124623,3.80787992477417
u36127964,b45373576,4.258994102478027
u16860952,b80871817,3.593942165374756
u69947367,b12151882,4.705100059509277
u34282775,b02130926,2.9453518390655518
u11235329,b28612211,2.7500133514404297
u73130203,b10396782,4.675222396850586
u03438966,b15439387,3.820439338684082
u51171707,b65859895,3.6612119674682617
u07792754,b03370511,5.0
u14921259,b31362596,4.035295486450195
u98513179,b58947933,3.9332854747772217
u87389642,b65629315,4.308927536010742
u20532556,b82793590,4.467568397521973
u63254508,b26003550,2.7619056701660156
u31963481,b07855606,2.383540630340576
u67576383,b81974345,3.7400684356689453
u32275928,b73316399,2.248701810836792
u61704881,b81360774,4.120348930358887
u06129965,b21557753,4.088465213775635
u80238477,b20547482,3.034606456756592
u56462594,b03579093,3.73126220703125
u69815652,b83795179,4.13442325592041
u49774480,b28624417,4.277407646179199
u39508516,b71399591,3.8455262184143066
u57302916,b21893915,4.561195373535156
u03077867,b22198568,3.056384563446045
u92156745,b00653768,4.2796711921691895
u34142368,b15460735,4.226067066192627
u99370625,b26385014,4.30670690536499
u42113828,b47096249,2.954859972000122
u65832518,b79619792,3.908463478088379
u78422730,b92071779,4.191888332366943
u47418725,b02793254,2.7423291206359863
u87164096,b64926766,3.9401755332946777
u60031317,b45502382,4.087176322937012
u02255027,b66416013,3.9473838806152344
u21504615,b17041737,4.025689125061035
u78828808,b26385014,3.799748420715332
u01283146,b64045516,3.997223138809204
u82422854,b86312895,4.20109224319458
u50137247,b44076377,3.7815420627593994
u17494756,b09365531,2.8624138832092285
u20147182,b17741315,2.727886199951172
u52933646,b46271044,3.2947773933410645
u97284410,b86376623,3.6805052757263184
u24883700,b56879260,4.378545761108398
u35634094,b76988614,4.062052249908447
u44207648,b78647061,4.14706563949585
u60301209,b80479144,3.012791633605957
u13597624,b08004121,3.806272506713867
u33364550,b52503900,4.110942840576172
u02128810,b74609159,2.5686264038085938
u43797989,b13540873,2.6730525493621826
u59143919,b14888446,2.8280372619628906
u34987592,b19867465,3.291017532348633
u56426501,b09690709,1.0
u06394160,b54781444,3.039360761642456
u46189372,b90814876,3.790863513946533
u18535395,b39398529,4.25086784362793
u89944382,b91686353,3.5055923461914062
u81606584,b06766591,4.022665500640869
u90536002,b62470547,2.511958599090576
u60958575,b95439113,3.153714895248413
u05760886,b29802159,4.091078758239746
u85294245,b55067058,3.5762112140655518
u01257267,b26138336,3.741624355316162
u50240445,b30381917,4.594160556793213
u81952853,b37363405,3.610029697418213
u84791611,b23369233,4.010895729064941
u75880159,b75880061,2.6764798164367676
u22411386,b09637723,3.3781957626342773
u22662189,b04374540,4.023051738739014
u33626767,b05154189,3.5038833618164062
u87005946,b64538575,2.669368028640747
u16136470,b47056757,4.147101402282715
u32285557,b47096249,3.534465789794922
u36916415,b66908318,3.719621181488037
u11618294,b67584295,4.282132148742676
u33780241,b54878424,3.723292827606201
u07242663,b82148195,4.338858127593994
u76335699,b29802159,3.9742660522460938
u41770427,b11516322,4.144440650939941
u77254813,b96436162,2.9209094047546387
u74513881,b84216708,3.652681589126587
u55811116,b54781444,4.779049873352051
u59097838,b78008834,4.268582820892334
u29655014,b35526856,4.313089370727539
u92937463,b68297715,4.397012233734131
u55395956,b46312782,2.4529547691345215
u45208527,b21557753,4.098231792449951
u31876679,b28801125,3.8661365509033203
u25235630,b23760358,4.775509834289551
u97022165,b02562594,3.6661500930786133
u25362594,b57433744,4.019850730895996
u66970209,b03714508,3.4108386039733887
u78550924,b33091876,3.6649892330169678
u65810250,b29998162,2.437788486480713
u99702511,b44711938,3.764111042022705
u87023305,b74034107,4.127138137817383
u51867888,b52484884,4.60444450378418
u25331281,b19867465,3.7042760848999023
u71023688,b66908318,3.7953946590423584
u38303293,b14548141,3.1460368633270264
u06064862,b92040053,3.309481620788574
u07577351,b96046621,4.644228935241699
u69836498,b00278122,3.649169683456421
u54148133,b11016043,4.359137535095215
u99077419,b99620979,3.776461124420166
u95801172,b73813199,3.3216404914855957
u57167390,b76040943,4.193243980407715
u66881343,b82203807,3.5941901206970215
u03803342,b63610747,3.611436367034912
u51282896,b15730430,2.9471569061279297
u51984237,b75726267,4.827037811279297
u20289357,b38240457,3.903383255004883
u65523196,b39398529,3.414806604385376
u34317703,b68622451,3.770054340362549
u06577124,b31988440,3.0106260776519775
u98258782,b61372131,3.8360862731933594
u87180734,b25847150,2.5483365058898926
u89190867,b38122928,4.247734069824219
u89336054,b73733655,3.8617911338806152
u21750681,b40128170,2.972287654876709
u60659034,b90923267,4.260963439941406
u46487107,b04588843,3.7479686737060547
u51674834,b90796075,3.426008701324463
u04347483,b97302773,3.184987783432007
u28021689,b69761665,4.256707668304443
u00674852,b03458965,4.279116630554199
u02412196,b88947899,4.4356608390808105
u15664343,b61708853,4.424832344055176
u16968302,b38214177,3.3114750385284424
u27792313,b67956548,3.533121109008789
u55972856,b62396194,3.831148624420166
u24758169,b15218884,3.3349828720092773
u27691210,b11481995,2.6161999702453613
u81321537,b19821007,3.2828171253204346
u72096536,b70930132,4.056699275970459
u17578542,b80854971,1.0
u32289262,b26651756,3.927098512649536
u53002416,b39501581,3.528383731842041
u34957828,b18978605,3.3614091873168945
u81534409,b62853608,4.0958476066589355
u23967078,b25342608,2.0831663608551025
u99245900,b88754191,3.533886671066284
u03928337,b37657413,3.524205207824707
u98649733,b74094475,3.1991424560546875
u07777171,b13215805,3.334169626235962
u62425760,b79994865,3.6784486770629883
u99482094,b43914262,4.235827445983887
u49589446,b80719023,4.008686542510986
u94644146,b63602718,3.84140682220459
u55929163,b97302773,4.481002330780029
u04685360,b11516322,3.843126058578491
u69540493,b64083844,3.6096158027648926
u80219685,b42637407,2.717550754547119
u62802947,b52645958,2.8628525733947754
u83052461,b66994950,3.6809656620025635
u53098970,b58075017,3.8371784687042236
u14477512,b20358707,3.1499764919281006
u17170720,b50384790,3.3734593391418457
u88529568,b96067067,4.124910831451416
u49910645,b36224199,4.066893100738525
u85022212,b02216476,3.188420057296753
u97804023,b00278122,3.3080174922943115
u21222582,b72243003,4.008365631103516
u70528229,b88156217,3.2942452430725098
u43951342,b07831192,3.9368152618408203
u05806541,b95816463,2.682530641555786
u64758440,b70139295,4.494356155395508
u49054375,b65629315,4.097230434417725
u41782494,b09123950,2.7526328563690186
u24188384,b36766414,4.128390312194824
u80105745,b06167371,2.968345880508423
u41147846,b17187529,3.9471006393432617
u28418535,b04797457,3.9848268032073975
u84876258,b20478240,3.8909029960632324
u93362544,b16365742,4.338895797729492
u75556645,b06167371,2.5869622230529785
u22510032,b13222925,3.244253635406494
u19526801,b37466269,3.7523245811462402
u76329381,b39664275,4.980612754821777
u37655260,b94385137,3.620474100112915
u75708033,b94981843,2.2455906867980957
u10397869,b09399885,3.793274402618408
u27426756,b29738200,3.891634941101074
u16687973,b24097557,3.89444637298584
u64440459,b46024181,3.9678401947021484
u30995785,b58973293,3.5648436546325684
u85804639,b79928088,4.237455368041992
u97504650,b88733051,2.5089056491851807
u52142148,b68998721,3.354799270629883
u85405972,b59881354,4.409005641937256
u92446519,b96744826,4.1443586349487305
u64660681,b04529407,3.346799850463867
u40888503,b78858318,3.271170139312744
u55653027,b00255011,3.009279251098633
u18479340,b79815294,2.738962173461914
u33841609,b07327816,4.532444953918457
u60645427,b16365742,4.039330005645752
u28998397,b93936801,3.886767864227295
u91845111,b90005045,2.6993889808654785
u18904204,b19516972,3.783128261566162
u94261250,b18469261,4.378724575042725
u60118382,b75622933,4.22487211227417
u56334923,b70680443,3.818532943725586
u83287692,b09049778,4.447019577026367
u70737100,b79253970,3.879646062850952
u46209564,b88805343,3.5161685943603516
u35428739,b35526856,4.467494010925293
u37684741,b09049778,4.321876525878906
u66422273,b88562055,4.583539962768555
u00517184,b44488728,3.7743940353393555
u47062621,b99069142,3.732377290725708
u76990456,b38337565,3.648738384246826
u32366204,b77136574,3.7306876182556152
u52264007,b89817655,4.296745777130127
u11675042,b97659010,3.61928129196167
u90127761,b30342653,3.6618244647979736
u09051557,b20547561,2.6590821743011475
u41975057,b73353044,3.8280653953552246
u03624496,b74929101,3.778043508529663
u04844640,b44037001,2.839780807495117
u42745974,b93150761,4.341695308685303
u26715218,b15860915,2.6491403579711914
u41741435,b90844342,3.3261094093322754
u84104407,b58335280,2.764155626296997
u26738032,b27096444,4.18389892578125
u15443350,b34755064,4.624138832092285
u31408019,b68965152,3.4860424995422363
u89289352,b69763611,2.9499902725219727
u25685715,b13298774,3.4474949836730957
u24245204,b75695294,4.235793590545654
u09411493,b34466452,3.435328722000122
u44941838,b14338293,3.9606447219848633
u26289449,b65606948,3.3331451416015625
u84492487,b17244552,3.0419845581054688
u57537695,b63043179,3.492537021636963
u64390767,b83439687,4.05932092666626
u03384043,b15268547,3.7113585472106934
u32807673,b17187529,3.0059802532196045
u65571493,b37477742,2.5177035331726074
u52670570,b36494030,3.253997564315796
u60959289,b25321754,3.631429672241211
u03354375,b99145398,3.8756022453308105
u86767617,b19953221,2.9415340423583984
u37151082,b90032980,2.9639182090759277
u31723461,b72750413,3.9252853393554688
u54793466,b86788370,3.3515355587005615
u03159324,b21557753,4.327639102935791
u47395714,b82148195,3.9201467037200928
u02790181,b24274613,4.115280628204346
u54981120,b76040943,4.7212982177734375
u25275900,b39050561,2.971431255340576
u15903284,b14311233,2.629256248474121
u86852149,b39739347,3.348304510116577
u55881123,b75100696,4.292600631713867
u19636190,b86609689,4.059838771820068
u15339022,b56751792,4.330824375152588
u20044065,b52736396,3.158458709716797
u42378100,b62761201,4.111632347106934
u37326972,b39398529,4.244512557983398
u42292933,b21674268,3.81302547454834
u68918240,b52485134,3.3818933963775635
u68511836,b38730188,1.8130192756652832
u53274598,b11516322,3.4657232761383057
u04878928,b67150201,4.140172004699707
u92467232,b13716034,3.5486721992492676
u49163917,b05154189,3.786001443862915
u48764529,b86603263,4.775802135467529
u39201858,b47764774,3.3619019985198975
u80713921,b46983724,3.8869290351867676
u55963896,b43915900,4.451725482940674
u85140297,b70342723,3.2035465240478516
u22978018,b70701888,3.105731725692749
u03259927,b24413532,3.2747416496276855
u37551860,b44615453,3.9746041297912598
u81981700,b76932568,3.4562907218933105
u04571700,b84892512,3.61643123626709
u97096868,b19867465,3.422560691833496
u52946121,b54369491,4.145088195800781
u09163932,b51485694,3.8818721771240234
u10537550,b76329691,3.106383800506592
u01098180,b29802159,4.096969127655029
u56298849,b85321421,1.7306299209594727
u09169542,b46024181,3.944425106048584
u43551925,b22016281,4.102942943572998
u96404228,b97062216,4.005881309509277
u38066437,b67030393,4.139585971832275
u27207590,b08004121,2.717211961746216
u58448416,b87439329,3.209439516067505
u79373616,b05154189,3.8592238426208496
u74613111,b01714936,4.049914836883545
u46937493,b26953382,3.9967923164367676
u86675497,b19410069,3.729874610900879
u52027995,b74559815,3.1835477352142334
u75299123,b69989437,5.0
u53683296,b90764043,2.944690227508545
u22793605,b73098962,3.1783392429351807
u46937493,b16001033,3.3712143898010254
u72646099,b98824412,2.2017855644226074
u12089845,b47303902,3.405536651611328
u32664682,b62718965,3.9472367763519287
u92124360,b39050561,3.787198066711426
u04346189,b06439034,3.540494918823242
u05484478,b64538575,2.763057231903076
u75477316,b60107102,3.876194953918457
u13797876,b69191526,3.7106947898864746
u98694846,b41341679,4.186191082000732
u30566146,b28981063,2.911731481552124
u66686788,b64932806,4.291909694671631
u88523025,b12920844,4.7400312423706055
u89789555,b46344425,4.132957458496094
u74800369,b01714936,4.374585151672363
u31903808,b07150752,3.3694443702697754
u49905319,b52500520,3.5129799842834473
u67359517,b88947899,3.6385602951049805
u42270110,b26138336,3.941699743270874
u52453326,b96067067,4.282478332519531
u09985071,b60613242,3.5594513416290283
u42528828,b07563168,4.276064395904541
u00882770,b26354292,3.5580320358276367
u27545987,b84753332,3.393930435180664
u62064722,b22226947,3.0044219493865967
u38576263,b73813199,4.577115535736084
u44127137,b90720538,3.2051568031311035
u95014035,b38238028,3.9861538410186768
u32592052,b63622997,3.361957550048828
u57943745,b72782535,3.8161845207214355
u54438342,b56816784,3.517120361328125
u72779856,b22570609,3.4472386837005615
u51015408,b51791070,3.227944850921631
u80545299,b12288445,4.220188140869141
u16950081,b41726148,4.492377281188965
u52004346,b37561328,3.385072946548462
u30056847,b80531041,3.8160204887390137
u15673904,b76305437,3.759700298309326
u21927923,b89024434,4.566089153289795
u58931399,b42046854,2.9217422008514404
u33521229,b78402742,3.7474637031555176
u71392835,b13222925,3.225037097930908
u95111492,b79928088,4.5497660636901855
u43034138,b14653724,3.0454347133636475
u31042844,b96367319,3.3896279335021973
u41558067,b51735088,4.151294231414795
u23414935,b88182084,3.558302402496338
u71506103,b94732784,3.793673038482666
u25130436,b73062540,4.245540618896484
u53370719,b73296646,3.8782010078430176
u82820981,b80596289,3.185258150100708
u76496466,b71904117,3.8167824745178223
u46410914,b46006537,4.020833492279053
u42229875,b84003655,3.6357898712158203
u06588019,b04222499,4.231707572937012
u30822497,b43479570,3.9115705490112305
u25616849,b18610759,4.394440174102783
u99521392,b35526856,3.4536802768707275
u32262871,b20790379,4.4940361976623535
u84426400,b29392448,4.2387847900390625
u17340087,b08135061,3.9830806255340576
u04273726,b94454893,4.255629062652588
u37075471,b24886026,2.455834150314331
u90608175,b22204774,3.252143383026123
u33529038,b12151882,4.383938312530518
u91839334,b39676787,3.8675222396850586
u45763677,b32439426,4.338900566101074
u66326180,b21400871,4.003836631774902
u45629803,b03458965,3.9894027709960938
u51288595,b10239804,3.7900190353393555
u26771904,b05487017,3.9469118118286133
u26758830,b70912031,3.9599013328552246
u87423585,b40598851,3.6480724811553955
u59076583,b48021111,3.9765939712524414
u64451348,b14547631,3.6556496620178223
u74180310,b17585340,3.5615792274475098
u74026838,b26616276,2.8930611610412598
u30529070,b23760358,3.7387356758117676
u09479839,b20144597,2.910966396331787
u09031290,b52523183,3.44392991065979
u31082611,b51986055,3.7849817276000977
u87361031,b49740475,3.723355293273926
u35683151,b57167994,3.5951826572418213
u82243049,b67030393,3.901150703430176
u78822346,b86376623,4.42448616027832
u48525144,b20905228,3.747580051422119
u24258489,b69989437,3.7410459518432617
u00173278,b20135529,3.0597963333129883
u27171652,b82682340,3.4178030490875244
u12089845,b20812505,3.124593734741211
u89505010,b39837030,4.080667495727539
u40392321,b09304076,3.2808070182800293
u18178666,b50275880,3.1693761348724365
u99143146,b54499051,3.328986883163452
u60092297,b76329491,3.379540205001831
u47504882,b25808746,3.3125662803649902
u03926025,b70912031,4.2489824295043945
u16581860,b67165478,3.7065491676330566
u02249509,b67550881,3.399961471557617
u20128710,b36766414,4.38577938079834
u82753211,b21221430,3.881588935852051
u95539341,b98335764,3.830967903137207
u04553027,b73921727,3.67828631401062
u36059952,b86212728,3.2501509189605713
u21269242,b39260049,3.8400018215179443
u12768642,b74511960,4.098110198974609
u87623235,b79928088,4.0442047119140625
u48100030,b65667329,4.335648536682129
u67289516,b90354954,3.342541217803955
u78850166,b16231894,2.684056282043457
u78088174,b86377281,3.853414535522461
u25148688,b43479570,4.152074337005615
u44829333,b46344425,3.678614377975464
u28900632,b67584295,3.9912514686584473
u24991825,b69647795,4.538055419921875
u55968146,b29802159,2.9872255325317383
u15532276,b61430045,3.7196438312530518
u27507536,b44377908,2.8987960815429688
u27720122,b34463991,3.3712196350097656
u53839847,b65216323,4.864177703857422
u75536482,b29505914,4.375607490539551
u85293388,b51068688,3.1176092624664307
u44930551,b31821160,3.8002185821533203
u57016763,b21674268,4.518099308013916
u17524044,b51332181,3.8265976905822754
u44715210,b34755064,3.7879481315612793
u96448185,b43521644,3.3187403678894043
u41870835,b79253970,4.053689002990723
u97183695,b07812624,4.529008865356445
u79674829,b07278059,3.655061721801758
u66498298,b69989437,3.699521064758301
u72946262,b51332181,4.340399742126465
u78584736,b82148195,2.1902122497558594
u29712206,b82853645,4.127227306365967
u21257300,b09614554,3.7508695125579834
u67964450,b79928088,4.895077705383301
u65842138,b89572033,3.7383687496185303
u41960750,b68759472,3.272291660308838
u35386473,b80596289,3.057032585144043
u45856961,b82148195,4.680267333984375
u37384333,b06167371,3.5796899795532227
u20558426,b13298774,4.56130313873291
u83190357,b79640364,4.828132629394531
u51060214,b57283428,3.436844825744629
u21132835,b73712332,4.202351093292236
u59760546,b23760358,3.5729503631591797
u29161789,b51534871,3.301391124725342
u18398508,b42749067,3.735085964202881
u87402876,b14338293,4.756753921508789
u04842819,b05154189,4.44566535949707
u57647401,b33091876,3.2668392658233643
u84659559,b42227543,3.9313693046569824
u30632823,b31310601,3.4813594818115234
u42896748,b71827801,4.648599624633789
u46693505,b21231766,4.158902168273926
u53274598,b96621963,3.6033942699432373
u09868115,b52648851,4.374107837677002
u13687492,b17618752,3.323390007019043
u39456243,b66416013,3.8900399208068848
u65024457,b39916665,3.7016611099243164
u23364336,b90593106,2.902305841445923
u09600630,b29998162,3.3401570320129395
u89356530,b07666694,3.400176525115967
u86700844,b07925447,5.0
u58528081,b20537286,4.410320281982422
u84257148,b93198882,3.319981098175049
u37215839,b00553199,3.8687262535095215
u53507546,b95656028,3.2172257900238037
u71605139,b54842512,3.528156280517578
u86869148,b11689530,4.345285415649414
u60746807,b58973293,3.3060712814331055
u85577626,b18469261,3.6998515129089355
u65037244,b83135565,3.823275089263916
u87839834,b88463400,4.06948709487915
u94448754,b48718276,3.1054563522338867
u51710996,b20263758,3.822554111480713
u92127840,b48801576,2.617748260498047
u31253563,b88947899,3.7770652770996094
u76884862,b86889066,3.515554904937744
u80414607,b00450789,3.4545445442199707
u47145091,b90724246,2.905385971069336
u03846552,b38352355,3.5356788635253906
u45916414,b19406922,4.015106201171875
u76724774,b63721105,3.123072862625122
u27947311,b94989213,4.097766876220703
u99564152,b26138336,3.10841965675354
u55584124,b23457095,3.8114728927612305
u07247118,b54781444,4.651179313659668
u59182455,b03579093,3.7551162242889404
u15396837,b07812624,4.17404842376709
u17448555,b59818681,4.205805778503418
u34251370,b60875236,3.1864585876464844
u77484630,b72338731,4.213271617889404
u54634485,b48337204,2.8206777572631836
u48716629,b69989437,4.199960708618164
u18614155,b25762643,4.364555358886719
u30130876,b08004121,2.328594207763672
u47540203,b40598851,3.410796880722046
u64385666,b55984728,3.0456178188323975
u96819645,b98789468,3.299037218093872
u99746749,b77101493,4.186802864074707
u19494363,b25811713,3.985159158706665
u65544125,b06218662,3.159177303314209
u36616372,b06831882,3.7033257484436035
u56464476,b71606543,4.446108818054199
u19357278,b15268547,4.569193363189697
u43462128,b89571675,4.204891681671143
u54068510,b97309966,3.9990835189819336
u48959413,b60562440,3.330843925476074
u66921345,b19822827,4.927887916564941
u27693579,b18530260,3.883075475692749
u73071458,b71734908,3.2843189239501953
u88632127,b43914262,3.6512486934661865
u25842819,b59909176,2.762470006942749
u09392194,b61372131,3.194061517715454
u19865744,b33796246,3.1936278343200684
u97202589,b26635003,3.6590280532836914
u03638593,b29738200,4.076235771179199
u94076461,b80070869,3.816725254058838
u15551896,b24247877,3.725532054901123
u48716629,b60500282,3.767770767211914
u64361391,b72005521,3.5236406326293945
u42463198,b78377250,3.876190662384033
u40233346,b51286612,3.613201379776001
u15210221,b72244461,3.240243911743164
u33344403,b19867465,4.2530317306518555
u46509376,b82853645,4.149493217468262
u18737911,b77628606,3.7418625354766846
u96488856,b95080493,1.5778567790985107
u85084155,b09049778,3.93560791015625
u14469050,b08268015,3.582737445831299
u60284761,b01338628,3.144483804702759
u51643522,b08135061,3.321000576019287
u48297772,b87618318,3.901801586151123
u56310054,b09317112,3.78918719291687
u93067250,b66046995,1.7061891555786133
u63969340,b34925770,3.8477869033813477
u65030356,b98034668,1.7734177112579346
u47448521,b38399229,3.7654740810394287
u56970745,b31362596,3.9757590293884277
u23330314,b03946791,4.42370080947876
u81534409,b16428538,3.639988422393799
u31951919,b83439687,3.8970260620117188
u33120659,b17347267,4.394800662994385
u00529487,b74078005,3.5052733421325684
u65162013,b74821603,3.1351819038391113
u46721218,b09049778,3.8330817222595215
u83083434,b90840036,3.79850435256958
u50761769,b01714936,3.939876079559326
u49060323,b37657413,3.5309245586395264
u56850527,b38850631,3.55945086479187
u66765469,b10322960,4.253090858459473
u94615527,b70912031,4.564136981964111
u94060084,b00450789,3.4305360317230225
u21143790,b14796819,4.555366516113281
u77146748,b09304076,4.139259338378906
u27077247,b13222925,3.509678840637207
u37948213,b93164941,3.5525224208831787
u55307606,b22785797,4.336164474487305
u36226931,b14476018,3.750190258026123
u56690747,b42027204,4.220388889312744
u64390767,b44944170,3.8761253356933594
u64397122,b26138336,3.488588809967041
u96715051,b69989437,4.399307727813721
u97428867,b17906067,3.9062156677246094
u78550924,b72304066,4.509166240692139
u00517184,b41128929,4.452975273132324
u71246645,b26783178,3.1164183616638184
u53579333,b95113879,3.5440609455108643
u91516269,b70715493,3.715533971786499
u35189718,b48867860,3.0458221435546875
u81966865,b38122928,3.5207343101501465
u02329896,b72750413,3.83652400970459
u58322454,b30830987,3.297731637954712
u13184825,b05819688,3.5193676948547363
u05981024,b99762967,2.938382625579834
u75613037,b41790290,3.628265857696533
u25300164,b06766591,3.58964204788208
u15510052,b69931234,3.3875889778137207
u28030421,b84462089,3.556530237197876
u51807981,b84822634,3.0719351768493652
u15013028,b80596289,3.2828145027160645
u94468941,b65481557,3.6089954376220703
u79619374,b10161001,3.441161632537842
u92304955,b78180005,3.232405424118042
u30296347,b38115755,3.7751872539520264
u47208586,b36066654,2.9172768592834473
u81787594,b18469261,4.303091049194336
u22175834,b33230428,4.010293960571289
u09517988,b37363405,4.139279365539551
u01220534,b09589765,3.9815871715545654
u25081483,b10567312,3.7850964069366455
u22335701,b23369233,4.2175116539001465
u09545986,b70594592,4.088180065155029
u55885991,b26940296,4.249074935913086
u19408896,b42634152,2.8628182411193848
u67556546,b14632405,3.9804348945617676
u00387165,b59032154,3.6313252449035645
u41373370,b16024414,3.3086071014404297
u14211629,b65061509,3.8176732063293457
u28829598,b75979651,2.6725354194641113
u81018018,b36972912,4.29556131362915
u81828791,b50275880,3.960026264190674
u01619835,b46006537,4.596719264984131
u16121473,b38122928,4.077802658081055
u81554759,b62223240,3.8879313468933105
u26772085,b43914262,3.6037416458129883
u16359454,b04670551,3.53954815864563
u90662972,b62130513,3.7780025005340576
u64485886,b59061395,4.08272123336792
u63549776,b96621963,3.5421178340911865
u58900348,b51332181,3.90285587310791
u35286587,b88317943,2.1920509338378906
u92228683,b92369977,3.4158947467803955
u93085815,b30494145,3.5683059692382812
u93894361,b07812624,4.377519607543945
u37943608,b05154189,4.19527530670166
u97904443,b53545849,4.256706237792969
u27077171,b21674268,4.1162190437316895
u08954049,b02130926,2.4424171447753906
u52478134,b57745506,3.4437379837036133
u04149302,b23482469,3.6479203701019287
u79464776,b80070869,4.784865379333496
u15617488,b33701355,2.859632730484009
u81190113,b72782535,4.160557746887207
u00325618,b72782535,3.9195923805236816
u85894700,b32735719,3.245664596557617
u03298800,b48867860,4.14411735534668
u73795663,b93997659,4.5521464347839355
u92604009,b29751550,4.351768970489502
u32767112,b22879567,4.5415802001953125
u94576872,b57704283,3.2042348384857178
u82784125,b67030393,4.324761390686035
u35365348,b43253694,4.087007999420166
u26025358,b65411088,3.6461074352264404
u00111518,b66983425,3.5532631874084473
u06369864,b54235467,3.418262481689453
u98444003,b96839297,3.102728843688965
u25542982,b68936917,3.6099324226379395
u60973863,b93997659,4.641820907592773
u33279275,b09365531,3.410576343536377
u72154489,b26385014,3.1761465072631836
u71725542,b42283267,3.7965633869171143
u43930052,b16024414,3.186668634414673
u99646364,b87049222,4.56780481338501
u80736345,b30107248,3.9411416053771973
u10918000,b60950824,3.374692440032959
u94323449,b59575409,3.0682616233825684
u00637607,b99620979,3.517794609069824
u23692066,b52736396,3.9729127883911133
u67857862,b08361489,3.9715652465820312
u50069371,b88947899,3.947115421295166
u85401916,b50386610,2.4992012977600098
u98937623,b68095955,4.195545673370361
u47583529,b23711476,3.570085048675537
u93850637,b82148195,4.775582313537598
u80213152,b54369491,3.6405553817749023
u09360315,b98256804,4.15728759765625
u01510669,b33391853,3.6826729774475098
u47708111,b80236573,3.592465400695801
u29190811,b85462814,3.8699445724487305
u52427655,b87284015,4.054531574249268
u88263700,b08349503,3.9051077365875244
u00861719,b99719030,2.6285581588745117
u84560515,b34681163,4.200165748596191
u21063449,b31362596,3.800342559814453
u42922673,b19867465,3.4220075607299805
u18040686,b41331137,3.8840999603271484
u20313666,b44944170,3.7999520301818848
u90050314,b79253970,4.845029830932617
u07787942,b86896365,3.360111713409424
u13066485,b79975924,4.61051082611084
u37415689,b70912031,4.264758586883545
u20019335,b97454851,3.758538007736206
u53548844,b99995068,2.964934825897217
u11513655,b15484815,2.119719982147217
u77818535,b90421686,4.057331085205078
u56267205,b20537286,3.6802923679351807
u79706959,b61540818,3.373843193054199
u16169439,b34681163,3.9518885612487793
u85611233,b86763538,3.1661465167999268
u39804565,b45359881,4.1283159255981445
u60986005,b86788370,3.916600227355957
u81793387,b08545824,3.916694164276123
u72511767,b38337565,3.620184898376465
u67257732,b26960566,4.598746299743652
u83114225,b14632405,4.599118232727051
u01432716,b42760665,4.116762161254883
u36732651,b77342401,3.576263904571533
u66765469,b46315640,3.4778690338134766
u83185904,b18610759,3.9435672760009766
u58549394,b48177176,4.013635635375977
u89089165,b19830299,4.653158664703369
u33392819,b42349213,4.067192077636719
u96923818,b98844131,3.4478306770324707
u38349060,b00793888,2.798258066177368
u14330700,b68095955,4.007214546203613
u06165751,b89860106,2.230156183242798
u17182857,b52929604,5.0
u50426571,b26138336,3.159942150115967
u71116266,b08330741,4.563816547393799
u48060265,b04374540,4.0395307540893555
u91745627,b74504784,4.03532075881958
u18191760,b21065796,3.423218011856079
u00482526,b41094724,4.321645259857178
u86586216,b25004187,3.536728858947754
u20370957,b78407229,2.7377421855926514
u99012360,b39709801,4.354265213012695
u60587923,b96783065,3.749382257461548
u44127137,b85175518,3.498779535293579
u85232194,b36398776,3.6565628051757812
u97027031,b58169611,3.7425730228424072
u09902033,b12975176,2.624390125274658
u41535627,b52473532,3.572556972503662
u54945950,b90840036,4.055722713470459
u71534018,b70912031,3.7372288703918457
u96495609,b97491927,4.280608654022217
u05416261,b62718965,3.511883020401001
u28027991,b46006537,4.034656524658203
u72198475,b71020602,2.9396402835845947
u68302561,b95615820,3.0768911838531494
u07378658,b02766522,3.8446176052093506
u64485886,b49553867,4.396882057189941
u59443457,b36265270,3.5236401557922363
u04844640,b90032980,2.954566240310669
u96157592,b15869276,3.894092559814453
u58725454,b83749692,3.19346284866333
u29149751,b61571243,3.604572057723999
u91418804,b49553867,3.4696779251098633
u47790049,b45594562,3.1340041160583496
u54437554,b19687370,4.656824588775635
u70971350,b15354652,4.056905746459961
u32012219,b44223736,2.3417069911956787
u09488174,b86377281,2.7834384441375732
u00470071,b95511741,3.338543176651001
u81456070,b00595420,3.6389942169189453
u85299539,b87874068,4.074537754058838
u51464854,b71794852,3.4824037551879883
u79071470,b44849506,2.849964141845703
u25175469,b39088089,3.9031314849853516
u09677908,b99145398,3.7218871116638184
u99052617,b19369477,2.9541518688201904
u60413091,b70021124,3.7388689517974854
u98572288,b04374540,3.966763973236084
u84425802,b79815294,4.701691150665283
u02612539,b98954571,3.3752009868621826
u24801398,b21398815,3.330997943878174
u05419797,b60107102,4.146396636962891
u54981120,b09589765,3.8989953994750977
u79558973,b66191127,3.979316473007202
u78595221,b78156277,3.5771777629852295
u25724098,b10239804,4.04493522644043
u25978602,b35526856,3.3246734142303467
u74371555,b24413532,3.383526563644409
u69458283,b64932806,3.767068862915039
u34829814,b26540924,2.612518548965454
u13979153,b62202095,3.4953081607818604
u34131050,b54878424,3.7106094360351562
u35581149,b87691807,4.064757347106934
u57043338,b30933014,4.44373893737793
u86453416,b24593494,4.554442882537842
u73375415,b23320804,3.2734105587005615
u08883132,b72782535,4.141524314880371
u72198475,b15764467,3.6677908897399902
u92343186,b70680443,3.8987247943878174
u78999803,b41566519,3.411709785461426
u01432716,b75608279,4.409502983093262
u66017890,b52842739,4.336260795593262
u73473255,b24500781,3.586392879486084
u47603292,b22430494,3.1775121688842773
u25553227,b43329233,3.8947548866271973
u65666701,b08180481,3.627960205078125
u41544146,b28801125,4.192685127258301
u61495778,b49433911,3.9521613121032715
u71874848,b87295708,3.3138251304626465
u77801734,b44711938,4.309787750244141
u65891320,b90893106,3.4196252822875977
u13070832,b73939527,2.9526758193969727
u71008515,b78275112,3.92079496383667
u30601002,b88487078,4.542234420776367
u31522720,b26385014,3.916393756866455
u50692600,b73933163,4.216675758361816
u22497171,b26539361,3.5112361907958984
u83594983,b48270179,3.7435152530670166
u38303293,b34532932,3.4148638248443604
u30409902,b45359881,4.10248327255249
u93986505,b52842739,4.156979560852051
u79204140,b31024771,3.5355260372161865
u37445164,b22105612,3.879201650619507
u66282446,b17585340,3.102565288543701
u35388577,b15094299,4.695168495178223
u54167256,b55694594,3.7162327766418457
u15927744,b36231626,2.4311599731445312
u50046299,b29802159,4.277368545532227
u68515671,b42786622,2.708453893661499
u29190811,b57857330,4.560059070587158
u04650093,b43914262,4.0297675132751465
u99853803,b25811713,3.5994021892547607
u55755379,b01379050,4.290293216705322
u17227671,b59558374,3.955515146255493
u72053275,b95439113,4.013880729675293
u46918993,b60500282,3.74961519241333
u90678176,b27882595,3.291105270385742
u57328641,b41508817,3.4619345664978027
u35379697,b08004121,2.9518096446990967
u28485740,b35893416,3.5106492042541504
u65334994,b46954369,3.4321084022521973
u05346583,b40550660,3.3438243865966797
u59082984,b28338983,4.285351276397705
u83929385,b05231805,4.418041229248047
u28846857,b03671144,4.4759111404418945
u52788518,b87068336,3.6859662532806396
u68967234,b78457511,3.9581823348999023
u49765915,b06167371,4.288189888000488
u65714406,b40128170,3.3504979610443115
u56474810,b32727723,4.157454967498779
u10138350,b44711938,3.751959800720215
u00395093,b39081955,4.328627586364746
u37211173,b90214856,4.537318706512451
u69351677,b92899961,3.1969995498657227
u47234321,b19494868,3.9448041915893555
u04091312,b27289602,3.6489977836608887
u05767988,b04721713,3.9801266193389893
u84584540,b90814876,4.537506103515625
u45365879,b38446710,3.2319366931915283
u52501920,b98844131,3.658484935760498
u06137067,b10229286,3.3871755599975586
u49691545,b82356258,3.992888927459717
u21134374,b36754274,3.810554027557373
u17201164,b75782829,3.427506923675537
u60003923,b29422431,3.5425949096679688
u69842138,b08233764,3.073657274246216
u12396820,b97964357,3.2620794773101807
u34480141,b21893915,4.483640193939209
u87737633,b86306498,3.822441577911377
u09110936,b23378256,3.7798280715942383
u85501764,b39217525,4.201820373535156
u68289888,b94438753,3.529979705810547
u96326348,b46006537,1.7717187404632568
u62760647,b33391853,3.8510637283325195
u46983279,b46006537,3.544644832611084
u71509810,b53192007,3.8056366443634033
u53126233,b77508650,1.95512056350708
u71916948,b05853556,3.034623146057129
u09809484,b01714936,3.9531068801879883
u92630863,b86843272,3.947518825531006
u02844557,b17618752,3.1372528076171875
u52874739,b67380674,4.563582897186279
u82397227,b56482176,3.8892722129821777
u80875285,b53545849,3.5261895656585693
u66547269,b15688485,3.9185683727264404
u92101412,b65606948,2.409027338027954
u49174314,b58973293,3.3898463249206543
u29449997,b48860547,3.0602872371673584
u94730098,b27702770,4.272229194641113
u88291196,b27096444,4.252191543579102
u58073828,b68325129,3.52610182762146
u59532795,b74719644,3.998546838760376
u77839767,b17618752,4.0585832595825195
u93787467,b97302773,4.87734842300415
u01749144,b22103572,3.890963554382324
u71529610,b79619792,3.769918918609619
u48935650,b29802159,3.965425491333008
u61013786,b80070869,3.516663074493408
u35384435,b93241768,3.0727601051330566
u08141792,b08180481,1.57986319065094
u49571519,b54844775,4.376254081726074
u90678176,b09902724,3.336545467376709
u80536413,b13186075,3.4231760501861572
u25018307,b97309966,2.3068058490753174
u94601424,b59032154,3.8153443336486816
u80577265,b57002888,1.9856269359588623
u96560422,b70055485,3.5300354957580566
u05997679,b88863965,2.79746675491333
u94462479,b01035047,3.9232800006866455
u46340470,b51856279,3.3196258544921875
u34487392,b92598217,2.501274585723877
u09074201,b57002888,4.593921184539795
u63406049,b95822040,4.082956790924072
u60462825,b67030393,3.6553189754486084
u85803510,b71069695,3.146012783050537
u88615281,b82853645,4.33818244934082
u34090245,b93475213,3.7326607704162598
u83056314,b43055826,3.7589187622070312
u17237770,b77628606,3.910910129547119
u79589048,b89833966,3.549539804458618
u27484565,b00786893,4.672126770019531
u68327006,b62325202,4.489313125610352
u06657026,b91712126,3.800558567047119
u84426400,b60142959,3.890531539916992
u58116770,b41341679,3.910619020462036
u38405252,b08004121,3.3019611835479736
u20400735,b27879411,3.003840446472168
u19058908,b52484884,3.8473172187805176
u38307982,b44491912,3.9083590507507324
u82827244,b86376623,3.915919780731201
u76860820,b83439687,3.6583938598632812
u32579779,b43699450,3.6987922191619873
u82007425,b44313026,4.227848052978516
u38310727,b78180005,4.126490116119385
u43895438,b08545824,4.293396949768066
u53220051,b33298668,3.9865760803222656
u43317873,b80596289,3.3946104049682617
u65266293,b15094859,3.899606704711914
u66469777,b17618752,4.290338516235352
u47119256,b09365531,3.976738452911377
u88646949,b62223240,3.69610595703125
u94623324,b32345857,3.67863392829895
u52295916,b43914262,4.052288055419922
u57990665,b79838712,3.9070396423339844
u10138350,b60875236,3.2687249183654785
u78259288,b52227953,3.846494436264038
u58725454,b08349503,3.750206470489502
u55147626,b80934346,3.4995665550231934
u13192809,b99246476,3.9353013038635254
u21125978,b30331659,3.9894471168518066
u11744166,b82682340,3.997286081314087
u06202438,b84098191,3.808115005493164
u18809087,b10136233,3.8182404041290283
u76533230,b52842739,4.460289478302002
u51038030,b13108919,2.7610230445861816
u02571401,b71294015,3.8995161056518555
u48970508,b10302742,4.990869045257568
u43816670,b12526023,3.53096342086792
u79172607,b70912031,3.920562744140625
u41147846,b82148195,4.495340824127197
u31214827,b67550881,4.377655029296875
u28806654,b41451971,3.3386096954345703
u11441202,b66409189,2.8931970596313477
u79861396,b73813199,3.4229447841644287
u67543170,b51612619,4.1710968017578125
u02505870,b67165478,3.23530912399292
u25671544,b74929101,3.81654953956604
u87288300,b74303154,4.45829439163208
u44243794,b05994307,3.190962314605713
u40626944,b78990759,3.6033291816711426
u34247346,b20537286,3.7469258308410645
u41558067,b22016281,4.167532920837402
u06824572,b63271225,3.6245217323303223
u63291148,b10567312,3.7621312141418457
u07440501,b97887852,3.815944194793701
u05217581,b27179218,4.189826011657715
u16529761,b90370421,4.276765823364258
u46157622,b44966320,3.400167465209961
u74853087,b00192663,3.745274066925049
u28679879,b70912031,3.546391487121582
u21034541,b87779498,3.5357789993286133
u44890483,b78407229,3.289379596710205
u08455126,b95822040,3.2982637882232666
u98459177,b06482887,2.95336651802063
u12917617,b53321055,3.496920585632324
u62647861,b57055452,3.0601682662963867
u45876645,b16470203,2.489062786102295
u06054621,b21196415,4.237669944763184
u37493641,b03837849,3.4576268196105957
u26188572,b71794852,4.347253799438477
u50303041,b93745301,4.7532758712768555
u48182748,b49553867,3.6461105346679688
u17030691,b98016485,4.033958911895752
u50538799,b66261719,3.397555351257324
u23813169,b47707851,3.0032033920288086
u35715079,b21013059,3.1295928955078125
u49910645,b80952577,3.8962488174438477
u17515138,b67584295,5.0
u06562169,b36224199,3.902613639831543
u99323223,b47854311,3.3090250492095947
u39966095,b49579109,3.3568992614746094
u43838091,b53876123,4.214695930480957
u93815456,b11292572,2.978541612625122
u91236660,b66610152,3.616722583770752
u30566002,b88947899,3.6996121406555176
u29852516,b95822040,3.2721004486083984
u76929112,b15722276,3.886838912963867
u11794141,b36312601,3.201767683029175
u16284949,b03579093,4.219091415405273
u75401805,b75100696,3.282879114151001
u68892546,b71927035,2.2428059577941895
u28554293,b67030393,3.973949432373047
u86297182,b71271368,4.435040473937988
u43506922,b79975924,4.603400230407715
u45427824,b62307846,3.5816617012023926
u76620060,b53690209,3.1323964595794678
u03008015,b47831110,3.764726161956787
u45403815,b64898087,3.3935294151306152
u99361143,b16656208,3.2831804752349854
u61626899,b62008180,3.592898368835449
u31228908,b08545824,3.610757827758789
u32489493,b69110543,4.422162055969238
u90445529,b97133251,3.610340118408203
u65301301,b65558862,3.797619581222534
u97731524,b60500282,4.267190933227539
u96961019,b52485134,3.7577733993530273
u02204419,b41790290,3.765778064727783
u64651823,b94253820,3.4292643070220947
u86852126,b41451971,3.489011287689209
u44471449,b80203303,3.751585006713867
u88629857,b82682340,4.703948974609375
u12037033,b32288653,4.346640110015869
u81778004,b16263579,4.162152290344238
u98517780,b86376623,4.233158111572266
u00634922,b34348391,3.9466333389282227
u73783287,b09049778,3.9444499015808105
u02595835,b49387759,3.4232430458068848
u04169740,b12869668,4.060141086578369
u61123213,b17064684,2.9479939937591553
u51283337,b51485694,3.690920829772949
u84525913,b41662387,3.5743682384490967
u39942335,b77136574,3.796792984008789
u39869401,b68787383,4.467020511627197
u74606904,b89324149,4.3190836906433105
u46410733,b15682357,4.370643138885498
u04921752,b67873731,3.4513211250305176
u87893149,b94989213,4.095839023590088
u74810169,b78392111,4.0486931800842285
u95629432,b67550881,3.837225914001465
u47340365,b79744110,3.835559844970703
u02353478,b52842739,5.0
u95124463,b72512930,3.787623405456543
u26262309,b36742728,4.1091413497924805
u61487191,b88978481,4.342113971710205
u47406715,b52736396,4.274344444274902
u61326253,b18378777,4.824682235717773
u10892524,b15574895,4.040532112121582
u48822662,b45441357,3.21920108795166
u75473654,b71642432,3.254086494445801
u51159546,b01714936,3.6186740398406982
u36275356,b09399885,4.203524112701416
u90048210,b29199360,4.145514011383057
u83632440,b18902100,3.6965882778167725
u48208489,b75100696,4.000876426696777
u00089202,b17581033,3.3970847129821777
u14325894,b64553144,3.998927116394043
u66162303,b66908318,4.67563009262085
u01123498,b97302773,4.480050086975098
u18238233,b19657672,3.9686574935913086
u98629496,b07592356,3.490665912628174
u73789754,b94505837,4.11384391784668
u61233409,b23711476,2.8014800548553467
u36831591,b41178830,3.3500256538391113
u05809252,b70930132,4.096622467041016
u26413652,b66416013,3.671093225479126
u58202028,b93475213,3.884291172027588
u85874040,b31671086,3.277893543243408
u41115084,b59383347,4.1551384925842285
u49177338,b88317943,3.3313403129577637
u23801765,b28801125,3.47036075592041
u14057455,b60142959,3.589693784713745
u20814891,b33860867,3.479624032974243
u73528797,b15595003,3.9058210849761963
u13875751,b23760358,3.9339518547058105
u86659578,b31475886,3.97987699508667
u54007433,b25745524,3.8242383003234863
u19872187,b92723432,4.155699253082275
u20640478,b76040943,4.054518222808838
u05995281,b13222925,3.8136818408966064
u11541917,b56466462,3.96109938621521
u70941546,b62882893,2.72560715675354
u65313704,b39605350,4.444381237030029
u18178666,b69001677,3.259897470474243
u64974754,b28651364,3.969667673110962
u23099654,b12478342,3.773831605911255
u67319296,b33989802,4.480076313018799
u01564460,b36508972,4.032770156860352
u34823819,b28717296,3.638718605041504
u00202782,b86966795,3.9722580909729004
u49373453,b43038067,3.397559642791748
u12801912,b79253970,3.508255958557129
u34639302,b30494145,3.5699284076690674
u36831591,b43667628,2.7539238929748535
u15294658,b07811476,4.225746154785156
u00395539,b69802945,3.3376405239105225
u27140161,b62282738,3.114999771118164
u82561824,b41128929,3.741774320602417
u08140476,b55111127,4.142950534820557
u64626460,b07278059,3.588430881500244
u55759556,b33470089,4.476260185241699
u85944870,b81115484,4.304614543914795
u98722116,b31362596,4.239769458770752
u01510669,b73525767,3.5411360263824463
u61495778,b48968957,3.223842144012451
u52305813,b56105038,4.76749324798584
u03926025,b10567312,4.176074028015137
u01424915,b05154189,3.595947504043579
u61674146,b52438974,4.163700103759766
u02310987,b10240083,3.595945358276367
u08867710,b23738653,3.9783852100372314
u33299743,b88930687,3.9862875938415527
u13015616,b56337803,3.2690248489379883
u21064381,b41876913,2.7622814178466797
u85786442,b80469048,4.49558687210083
u27022842,b03047230,3.3059043884277344
u74058480,b09399885,2.6057252883911133
u96074998,b19212305,4.548956394195557
u85190218,b23070981,3.3752973079681396
u11927701,b72750413,4.13240385055542
u21213227,b19822827,3.951397657394409
u88295409,b10340684,2.9648048877716064
u84426400,b80730701,3.762615203857422
u07563359,b87914231,3.726024627685547
u84448456,b07533988,4.482552528381348
u05538153,b82426817,3.3231842517852783
u48245658,b52842739,3.9917314052581787
u80501769,b44488728,3.1190319061279297
u26340892,b55488184,3.689455032348633
u26340892,b25079609,4.001291275024414
u31270427,b59173418,3.6341440677642822
u08652127,b63894107,3.200680732727051
u76251939,b08545824,3.948566198348999
u41528973,b85650405,3.5325798988342285
u92246878,b68993797,3.152390480041504
u55660182,b34681163,4.7240424156188965
u72175536,b20877763,3.8621556758880615
u51259451,b30944203,3.4399001598358154
u12816990,b63721105,3.8950881958007812
u58155898,b21733131,3.3959412574768066
u36373642,b31285004,3.0135650634765625
u71076488,b89024434,4.133486747741699
u78900993,b86344620,4.2545952796936035
u48048612,b28530903,4.016221046447754
u16598420,b60142959,3.961258888244629
u93017626,b97302773,3.7627739906311035
u65374904,b45609938,4.401676654815674
u73747333,b56337803,4.37723970413208
u38222613,b25303224,3.1188015937805176
u05602022,b48860547,3.134124755859375
u19680684,b42507902,4.188891887664795
u56190427,b36231626,3.6517748832702637
u60577602,b33298668,4.561031341552734
u81847417,b28615151,3.736544132232666
u17055473,b35202318,3.3634958267211914
u93676089,b65442043,3.942622661590576
u34827484,b42202808,4.4055938720703125
u09399354,b45218814,3.462507724761963
u63922787,b08004121,2.9499998092651367
u61469790,b32727723,3.9550247192382812
u75035764,b26940296,4.068786144256592
u02206132,b47772980,4.299123764038086
u90940277,b58654737,3.591520071029663
u95529446,b98897572,3.129458427429199
u27657090,b20571829,3.5134568214416504
u93277591,b65216323,3.5683908462524414
u07537499,b24603978,3.6953542232513428
u64481396,b17652650,3.394979953765869
u60942440,b97302773,3.952033042907715
u99391793,b82711202,3.4683942794799805
u40386826,b26385014,2.8413474559783936
u37089385,b06036306,4.028661727905273
u23214384,b66132701,4.512374401092529
u17465739,b77136574,3.2645058631896973
u82509305,b20278972,3.4845404624938965
u85279952,b76040943,4.085548400878906
u92368756,b24116940,3.8989057540893555
u12792688,b60950824,3.8862686157226562
u16869945,b98552213,3.5882301330566406
u08977199,b54689104,3.684849262237549
u93400866,b89572033,3.2126684188842773
u21052007,b99014060,3.8963093757629395
u34360317,b94989213,3.688385486602783
u37736995,b59546328,3.970123291015625
u62106439,b32304104,3.777204751968384
u79870708,b55769407,3.7553610801696777
u71269798,b13254837,2.707212448120117
u37415689,b34058133,3.3527109622955322
u12731621,b09902724,3.339259624481201
u10441872,b89324149,4.53607177734375
u21475082,b74821603,4.319103240966797
u75166093,b23492482,4.31841516494751
u39360933,b12526023,4.524842739105225
u98826935,b91758795,3.7771174907684326
u61572009,b82148195,4.486981391906738
u76884862,b29030725,3.4614248275756836
u27647734,b40598851,3.617471218109131
u53930433,b27289602,2.9736218452453613
u37747560,b58973293,2.841442346572876
u43925356,b15666475,3.9236063957214355
u96562396,b52485134,3.904801607131958
u64758440,b26385014,4.3818254470825195
u64355512,b62841431,3.4393351078033447
u81189931,b86254243,3.4044084548950195
u99096024,b04493477,2.994703531265259
u56850527,b14996107,2.9781994819641113
u07055337,b34953904,4.07849645614624
u75374846,b74303154,4.048166275024414
u42463198,b04222499,3.57647705078125
u10483011,b11516322,3.2691380977630615
u23306074,b80160832,3.927615165710449
u68964588,b63774401,3.2431559562683105
u39142319,b23711476,4.212313175201416
u68023735,b07812624,4.3322649002075195
u31226500,b32288653,4.505866050720215
u33026610,b14241246,2.916085720062256
u51570709,b46888254,4.633387088775635
u52120791,b05764551,1.3727666139602661
u69121211,b14632405,4.242652416229248
u29617030,b89828055,4.053206443786621
u37000452,b82757636,3.4138970375061035
u66555010,b68725737,1.3619709014892578
u48368857,b14608214,4.469888687133789
u00417370,b01714936,4.1244587898254395
u22713280,b48033604,3.219417095184326
u13082043,b43253434,4.260333061218262
u61269446,b45742693,3.5854625701904297
u97896188,b53423202,4.445085048675537
u23158035,b26385014,3.8260464668273926
u20947133,b75798712,4.2793169021606445
u21432155,b08203039,3.2812864780426025
u53107776,b19867465,4.037810325622559
u58054645,b54907466,3.932328701019287
u63267387,b92071779,1.952204942703247
u99863911,b80294058,3.510047435760498
u01273388,b78565713,2.7985730171203613
u26384969,b38850631,4.080077171325684
u99020810,b09589765,2.995945930480957
u96387203,b58973293,2.8345158100128174
u73829497,b91712126,3.964848041534424
u43508117,b89745317,4.258716583251953
u06477400,b75100696,3.86600399017334
u75636390,b28942881,3.589433193206787
u03738218,b50303591,2.965372323989868
u40123486,b02653820,4.115074157714844
u34605664,b96858256,3.6767659187316895
u66626409,b34681163,3.446650505065918
u35105759,b60324633,4.2529706954956055
u12123643,b77502182,4.190483093261719
u79909732,b88121768,3.197690963745117
u60022924,b86603263,4.185157775878906
u68511836,b31362596,2.310143232345581
u70262521,b75219215,4.329601287841797
u86564889,b88947899,3.567403793334961
u79080984,b39664275,4.579423904418945
u10590267,b56172666,2.8678557872772217
u75312250,b77675822,4.137703895568848
u56767946,b64424298,3.216541290283203
u07889805,b79619792,3.482109308242798
u26550736,b24276994,3.2632508277893066
u05886462,b01270427,3.7458620071411133
u69343566,b35893416,3.461498498916626
u87291864,b95113879,4.003522872924805
u13184825,b79253970,3.867219924926758
u37003892,b89115141,4.458884239196777
u25010622,b49847096,3.20491099357605
u17619016,b72027832,2.7298872470855713
u36406172,b25811713,4.258965969085693
u47606079,b48339814,3.628838300704956
u11040845,b35202318,4.29091739654541
u33443154,b46345177,3.979379177093506
u63938718,b42371178,3.9646763801574707
u49469522,b41658600,3.079540252685547
u71709665,b31475886,3.6378259658813477
u01170258,b40151793,3.2793259620666504
u56882102,b38399229,3.944078207015991
u00572577,b41607302,1.1308656930923462
u93269182,b70805495,3.2884769439697266
u72206353,b17064684,3.5878875255584717
u40905485,b07278059,4.355081558227539
u83452758,b55180043,4.14736795425415
u05415632,b87874068,4.263748645782471
u23151353,b72304066,4.135540962219238
u17939372,b14851058,4.453962802886963
u32610240,b98126907,3.8892321586608887
u15513950,b15574895,3.5411553382873535
u34395652,b85930360,3.689823627471924
u60238606,b39941601,3.518542766571045
u86785252,b62592241,2.4864344596862793
u77114115,b77508650,4.14547872543335
u47322814,b78008834,3.950105667114258
u87358127,b44108993,3.268028497695923
u43325773,b64932806,2.983448028564453
u09756227,b62853608,4.258454322814941
u63897285,b19867465,3.721256732940674
u08819289,b41341679,3.4259536266326904
u09618133,b08878060,3.285937547683716
u04483430,b67956548,3.7535769939422607
u18916740,b92943233,3.2063403129577637
u98668723,b44108993,3.4337100982666016
u35574942,b57528832,3.3253350257873535
u80532603,b16231894,3.924319267272949
u27228339,b73660872,3.4888648986816406
u55600701,b86834511,4.097311496734619
u45545047,b09317112,4.0948686599731445
u34639302,b33699537,4.324217319488525
u85444164,b42749067,3.347485303878784
u21907059,b52580354,3.412639617919922
u58968072,b80294058,3.969468116760254
u46079307,b05292828,4.171189308166504
u18256938,b48931794,2.846592426300049
u70910204,b73177551,3.2803659439086914
u14104146,b40128170,3.7122979164123535
u87884508,b62003276,4.793519973754883
u05006251,b08180481,3.668367862701416
u21238072,b13298774,3.276681661605835
u11614931,b61797502,3.4586687088012695
u91082942,b94907376,4.383176803588867
u56739270,b19168659,3.434520721435547
u66538823,b91102051,3.437410831451416
u96204671,b86355152,3.7632973194122314
u97245355,b22879567,2.0522241592407227
u02372477,b17741315,3.618800401687622
u32123906,b33375918,3.9017441272735596
u47634864,b70912031,4.749114036560059
u28507242,b27137634,3.430631160736084
u54452343,b33110278,4.329981327056885
u47252808,b52429342,2.639066696166992
u86310959,b94467197,3.867363691329956
u61697759,b96756396,4.288151741027832
u91367050,b78407229,3.3106772899627686
u59139593,b74592547,3.081827402114868
u49100654,b92017783,3.8487977981567383
u51528375,b54043673,3.7109107971191406
u17736484,b51483012,4.039300441741943
u94254017,b42373487,4.179347991943359
u79558973,b09049778,4.317525386810303
u79151084,b76645531,3.5951902866363525
u81834592,b65933939,4.040650367736816
u37788316,b82713614,2.843135356903076
u59388469,b05231805,4.7282233238220215
u09825322,b05540735,4.0676703453063965
u48213464,b58973293,3.480682849884033
u66387420,b83439687,3.399301528930664
u35073539,b89572033,3.5695676803588867
u77872197,b33903888,3.299791097640991
u61173371,b29576446,4.19359016418457
u07474894,b71599980,3.5781540870666504
u28111404,b19867465,3.3343982696533203
u55691417,b92037806,3.856196165084839
u48759176,b26385014,3.9544925689697266
u41520063,b20307920,4.087126731872559
u08829420,b83214492,2.387564182281494
u09845174,b07831192,3.4807417392730713
u00163342,b70912031,3.6317315101623535
u76273490,b10264575,4.846332550048828
u10368899,b11721138,4.3037919998168945
u56513076,b42349213,3.974574327468872
u29697254,b09979253,3.473217487335205
u40353011,b92457365,3.5552594661712646
u80738904,b18591671,3.755493640899658
u24350663,b82150877,3.7416415214538574
u45819499,b78275112,4.48495626449585
u56850527,b79124168,3.4858601093292236
u27907344,b12526023,4.303565979003906
u97330462,b42920311,4.336178779602051
u27350623,b49708412,3.386500835418701
u19394645,b94080022,3.6913466453552246
u63340381,b58973293,3.21347975730896
u55985057,b39941601,4.6145830154418945
u73869827,b93164941,3.1365129947662354
u21927923,b50346968,3.688217878341675
u32804050,b07278059,4.23629093170166
u53890501,b78183028,3.3739378452301025
u51822020,b38141876,4.07511568069458
u39781443,b34681163,4.407035827636719
u12470065,b68986624,4.227718353271484
u25275900,b47854311,2.6194546222686768
u62851480,b84239754,3.9902596473693848
u66285055,b86788370,4.361311435699463
u44431121,b37664187,4.099292755126953
u85196109,b36265270,3.6572039127349854
u81593383,b61149027,3.3656325340270996
u15566571,b45609938,4.1529459953308105
u20358390,b98954571,4.6199727058410645
u55497016,b32288653,3.9503393173217773
u12648340,b51375738,3.515296459197998
u83315234,b21733131,2.87905216217041
u64580809,b55690375,3.3970139026641846
u43488884,b28213232,4.446623802185059
u45707540,b58245723,3.7123756408691406
u57652846,b86788370,4.366098403930664
u35997396,b73525767,4.236144065856934
u04779285,b10239804,3.407039165496826
u61603293,b62325202,4.233271598815918
u31176436,b76040943,4.175146579742432
u26502416,b16577739,3.488558292388916
u05744998,b79928088,4.372336387634277
u38499079,b27702770,4.226559638977051
u69716250,b36766414,3.3455657958984375
u98818379,b70664431,3.7643847465515137
u18800722,b86889066,3.7674367427825928
u76073333,b06167371,3.440314292907715
u13318634,b56337803,4.645491123199463
u55715507,b28801125,3.575047254562378
u66047398,b82203807,3.950687885284424
u41477965,b04493477,3.5877630710601807
u34133701,b56662995,4.606196880340576
u40924480,b47096249,3.3468573093414307
u11191096,b43699450,3.9352550506591797
u21815060,b46064947,3.6498312950134277
u35610640,b07611214,3.9073331356048584
u31580524,b32342963,3.6116747856140137
u13200012,b45609938,4.5139055252075195
u50415938,b79638358,4.062868595123291
u07303042,b69155228,2.6652727127075195
u31423655,b63778311,3.764896869659424
u21820241,b70912031,4.181661128997803
u16968013,b46891479,1.3133467435836792
u90525983,b67380674,3.860914707183838
u69463066,b79686261,4.186875343322754
u85348255,b39837030,4.369620323181152
u52027995,b36972912,3.4166064262390137
u66408591,b13094463,3.147150754928589
u84999389,b05154189,4.586538314819336
u25300164,b90765666,2.995868682861328
u04622054,b54499051,2.6965861320495605
u43943536,b24413532,3.530522108078003
u86688725,b71069695,4.311155319213867
u81887613,b54878424,4.280947208404541
u01674789,b50443121,3.127708673477173
u76081209,b08026552,3.6593267917633057
u64468449,b80506673,4.335545539855957
u27777601,b15439387,3.5824599266052246
u78277147,b34792889,3.5669140815734863
u80365009,b42065988,4.192984580993652
u26480193,b49553867,3.6510796546936035
u85396590,b72863745,3.3417301177978516
u59486322,b07896177,2.74837064743042
u88529568,b22893821,3.303880214691162
u34552765,b01355050,4.056482315063477
u43506922,b70912031,4.616831302642822
u66008419,b29576446,4.0458502769470215
u16846255,b25479999,2.7784507274627686
u53496611,b45609938,4.1829352378845215
u74892810,b96783065,3.0978996753692627
u66337033,b49709344,2.8271400928497314
u85533575,b15083656,3.3686068058013916
u62410124,b29802159,4.137694835662842
u09297797,b82148195,3.6321189403533936
u77331858,b60484296,3.935455799102783
u61749479,b09049778,3.953972578048706
u18202565,b56466462,3.948345422744751
u02600265,b38730188,3.8055028915405273
u43488884,b34532370,3.421609878540039
u86661971,b62290283,2.8163604736328125
u08239235,b19892880,3.5618362426757812
u66439774,b95000069,3.352071762084961
u63856739,b64538575,3.588350296020508
u46569578,b90840036,3.4463963508605957
u25124540,b19822827,4.420159816741943
u64792390,b23760358,4.031181335449219
u99668182,b08135061,2.80808687210083
u03803342,b62292824,4.110011100769043
u61861174,b37073691,4.17508602142334
u70872604,b82853645,1.9731581211090088
u06377720,b99281520,1.0
u15790044,b49401737,2.8482391834259033
u60322366,b70912031,3.830730438232422
u42229875,b97743780,3.5669665336608887
u09031290,b34348391,3.937350034713745
u01510669,b83003028,3.3498404026031494
u85501764,b53441262,4.038339138031006
u65417193,b86788370,4.292627334594727
u86789424,b99145398,3.8911232948303223
u36604453,b40151793,4.178354263305664
u78684410,b73022629,3.594529628753662
u03078319,b89860106,2.358027935028076
u02388706,b79928088,4.249715805053711
u78348576,b35202318,3.4185101985931396
u17623134,b61123120,4.123661041259766
u03870296,b00278122,3.5271472930908203
u01994828,b68095955,3.8196160793304443
u49305845,b50443121,4.395248889923096
u55526249,b82148195,4.7845659255981445
u67254919,b20252762,4.061347484588623
u91614054,b32521851,4.722064018249512
u27711397,b93144241,4.384446144104004
u25578359,b86547231,3.290255546569824
u52897199,b42547638,2.8870301246643066
u20432143,b71109628,2.885230779647827
u57566751,b17773724,2.1472885608673096
u89542204,b82086075,3.785175323486328
u56553394,b52217488,3.951927661895752
u26918913,b31362596,3.445187568664551
u46362702,b67584295,4.865270614624023
u61404340,b67550881,3.9668781757354736
u54651408,b80625075,3.4140207767486572
u00000114,b93997659,4.3864216804504395
u15192312,b72860992,2.2603466510772705
u64561428,b68456479,3.8582377433776855
u13072446,b88597012,3.4922423362731934
u64911250,b05213070,3.6942059993743896
u26608783,b13298774,4.177186965942383
u61957625,b52842739,4.032415866851807
u08904251,b05154189,3.8868062496185303
u14921259,b04384885,4.203839302062988
u76453247,b42749067,3.5902085304260254
u06980858,b18591671,3.913533926010132
u76073308,b74504784,3.025087356567383
u54330762,b95302782,3.709317684173584
u55657896,b42977080,4.347483158111572
u14464893,b52736396,4.036705493927002
u04418342,b83882616,3.362957000732422
u45227505,b96980363,3.266833782196045
u32234688,b60875236,1.0481947660446167
u84286118,b41451971,3.6125621795654297
u66562984,b22242111,3.9386401176452637
u34615241,b56105038,3.8284921646118164
u23568540,b09049778,4.057130813598633
u77141297,b13540873,2.514780282974243
u31356024,b75880737,3.5143589973449707
u59344445,b46312782,2.5560994148254395
u49279882,b70912031,3.9820735454559326
u20778779,b56105038,3.5221669673919678
u64120916,b27274191,4.081209182739258
u73523973,b29392448,4.457179069519043
u75488682,b98782986,3.511363983154297
u77413236,b95371334,4.571092128753662
u56200231,b50443121,3.598940849304199
u94003041,b93745301,5.0
u65985143,b50127254,4.687549114227295
u69325692,b34348391,3.294424295425415
u37503638,b43699450,3.34153413772583
u99200402,b18591671,4.118368625640869
u00089202,b73176165,3.012453556060791
u03028767,b82793590,4.228516578674316
u21719540,b29921261,2.5513298511505127
u64418709,b90174434,3.8745501041412354
u40481122,b00524153,4.346557140350342
u43465165,b52580354,3.4165329933166504
u46981047,b76907880,4.2094621658325195
u41894232,b32394996,3.1584057807922363
u95274588,b03961467,2.624307155609131
u00765367,b57528832,4.437819957733154
u54924048,b12894375,3.8411917686462402
u25275179,b03946791,4.1743364334106445
u60986005,b61430045,3.143355369567871
u27657090,b58047773,3.604851245880127
u69836498,b02510280,3.787856340408325
u71259313,b30342653,1.7016925811767578
u28815387,b88947899,4.313314914703369
u01436591,b52929604,4.6609601974487305
u95931755,b76670139,3.2570629119873047
u55036193,b12192381,3.566655158996582
u71246645,b91370850,2.940908908843994
u39565933,b39903678,4.1321916580200195
u76938964,b74821603,4.112067699432373
u49666140,b12870754,3.6164634227752686
u97610179,b80124239,3.5094046592712402
u00352482,b35186530,4.179591655731201
u60861475,b54781444,3.910768985748291
u98010533,b51332181,4.287663459777832
u68835962,b46271044,3.372986316680908
u79260852,b19483433,3.6929919719696045
u37592896,b55594839,3.9343318939208984
u29073625,b19822827,3.9058680534362793
u16738008,b66191127,2.795727014541626
u62657399,b84395187,2.20941162109375
u31877325,b35693434,3.72141170501709
u81170924,b18056133,3.136258602142334
u26240208,b05540735,3.5593771934509277
u86700844,b78340580,4.876429080963135
u25275179,b47831110,4.044763565063477
u50212849,b64609180,4.1624298095703125
u02603577,b82221619,3.386894702911377
u42094279,b48672624,2.6192264556884766
u92295412,b72027832,3.895557403564453
u34884496,b82150877,4.722814083099365
u43971211,b64588501,4.068935871124268
u91590297,b78340580,3.093012809753418
u88291196,b15847411,4.780160427093506
u15396837,b74484819,3.7242016792297363
u60331535,b17347267,4.093511581420898
u01451218,b40513604,4.179443836212158
u08037267,b21349423,2.8543546199798584
u06136307,b76040943,4.8574066162109375
u78140738,b23482469,3.9812088012695312
u02359050,b11179371,2.9477012157440186
u56647191,b41178830,4.031678676605225
u93989838,b22242111,3.5509886741638184
u01813815,b74821603,2.900893211364746
u48468579,b55111127,4.0621185302734375
u48951671,b18389913,3.013524293899536
u65236118,b79975924,4.565649509429932
u63873965,b14632405,4.226614952087402
u83431794,b79098002,3.919856548309326
u59777569,b64609180,3.5496063232421875
u87343513,b65558862,3.43426251411438
u35009080,b42435031,3.8559775352478027
u88580861,b93745301,5.0
u51584990,b42283267,3.6520063877105713
u43080490,b39989034,3.7980666160583496
u01561837,b14338293,4.581324100494385
u69841460,b37504309,3.909050464630127
u99143146,b60484296,2.983045816421509
u80943860,b34348391,4.286198616027832
u10943082,b95835140,3.8343300819396973
u00089202,b60584705,3.7034144401550293
u35516027,b04767223,2.788595676422119
u12084507,b83795179,3.1634249687194824
u20775179,b61372131,3.4734649658203125
u80588494,b82023182,3.661278486251831
u12470065,b71643000,4.54193115234375
u42097019,b88947899,3.495405673980713
u52092621,b80070869,4.162967205047607
u85577626,b00278122,3.1611580848693848
u18466008,b07378867,3.82279634475708
u22072123,b98654472,3.2623701095581055
u48472026,b99620979,4.025620460510254
u73992112,b29576446,4.028327941894531
u42765660,b86376623,4.790716171264648
u66729992,b10080165,4.101118087768555
u72548715,b21674268,4.593079566955566
u22300159,b05115658,4.440164089202881
u05509310,b23360099,4.030906677246094
u99538445,b09979253,3.989516496658325
u90316570,b50070819,3.7795770168304443
u57960399,b55900719,4.243146896362305
u95668652,b14304119,3.4534029960632324
u98475686,b80615876,4.549756050109863
u21711148,b95785803,3.8317437171936035
u59334602,b40598851,3.371422052383423
u95442675,b41726148,3.7672903537750244
u67459374,b07812624,4.874950885772705
u75525527,b38237569,4.124837875366211
u12603718,b64083844,3.5013294219970703
u70511144,b14836170,3.8122401237487793
u81613825,b66018154,4.083502292633057
u83685477,b15574895,3.5911219120025635
u00749507,b10302742,4.333582878112793
u58155898,b91269563,4.166656970977783
u22760437,b29802159,4.013105392456055
u48602719,b10802038,3.48769474029541
u72116019,b78407229,3.6092758178710938
u82784125,b63921929,4.308292388916016
u62525323,b14996107,3.0743486881256104
u16113806,b15642417,3.5363030433654785
u93044694,b71599980,4.025249481201172
u08088480,b17347267,4.256795883178711
u15695801,b70912031,4.825775623321533
u33987018,b21153052,3.3673503398895264
u27804338,b31687952,4.110422611236572
u14983864,b56662995,4.4630208015441895
u66224403,b26847239,4.063809871673584
u42765660,b68959843,4.881227016448975
u20304768,b20952930,4.279792785644531
u81289277,b08349503,2.875124931335449
u14321263,b29030725,3.8128812313079834
u57372506,b12192381,2.6780292987823486
u09597711,b60484296,3.6863296031951904
u41539817,b73703618,4.242739200592041
u75892966,b10567312,4.156899452209473
u37594263,b74821603,3.780211925506592
u07494141,b14304119,3.7816476821899414
u25777663,b20231888,3.3962528705596924
u08727396,b44944170,4.221917629241943
u44811009,b02624512,3.7076287269592285
u10134384,b55690375,3.55344295501709
u35134876,b84216708,3.4825944900512695
u02675213,b14338293,4.842158794403076
u91000550,b99983531,3.9570798873901367
u74486362,b18562445,3.0959601402282715
u74138903,b98545244,4.139913082122803
u26306330,b70715493,3.383108615875244
u28345292,b20358707,3.132580280303955
u30118092,b65216323,4.060242176055908
u40866278,b88317943,2.6693227291107178
u19856012,b05472704,4.595207214355469
u82148771,b52217488,3.6963040828704834
u50163382,b69110543,4.173112392425537
u13941508,b12466097,4.026512145996094
u97396625,b36185570,3.2451529502868652
u19912887,b12460704,3.051656484603882
u31378328,b77201589,4.129724979400635
u82352621,b09049778,3.603989362716675
u85954160,b03327473,3.382009267807007
u21437882,b24365008,4.022517204284668
u05332156,b46888254,4.5629167556762695
u90243320,b15595003,2.2229719161987305
u07313948,b26385014,4.500302314758301
u05152083,b23369233,3.9290127754211426
u83216529,b17187529,3.8273367881774902
u53602301,b60484296,4.646392822265625
u16439661,b37657413,4.283352375030518
u55544163,b67165478,4.253200531005859
u63147353,b84216708,3.748070478439331
u81388884,b69110543,3.8858227729797363
u32184173,b84770627,3.0824689865112305
u42091392,b42903412,3.75327730178833
u12869842,b97371893,3.8571290969848633
u00560531,b43253434,3.8126578330993652
u43998364,b75608185,4.019481182098389
u85201394,b44887521,4.041840553283691
u14357571,b22138480,3.354353904724121
u73443758,b24837570,4.752604961395264
u10921824,b28981063,3.673229694366455
u06479408,b83439687,3.657163143157959
u57136295,b28024225,2.786848545074463
u34165507,b79928088,4.415929317474365
u86818821,b05231805,4.298827171325684
u63750776,b08349503,3.8697218894958496
u90745891,b98844131,4.321145057678223
u35609837,b67349713,3.4937548637390137
u53601575,b64124445,3.8584671020507812
u64939840,b98034668,3.153205394744873
u68961769,b76793631,3.938239574432373
u99828225,b09419504,4.24331521987915
u07562287,b31494232,2.9242446422576904
u29078035,b62853608,3.398108959197998
u42702742,b04797457,4.1730852127075195
u55116037,b17906067,3.954831123352051
u47420838,b82148195,3.554481029510498
u22001970,b82203807,4.278678894042969
u64811285,b33381231,3.9573960304260254
u19766440,b83439687,3.276754379272461
u93401820,b00840923,3.86140775680542
u59082878,b78768152,3.700042963027954
u37444552,b08878060,4.300017356872559
u87687063,b89141222,4.155566692352295
u76296850,b91302109,3.5816292762756348
u33645330,b63532485,3.8487014770507812
u45577008,b23029053,3.5891082286834717
u09862214,b37539465,3.4212594032287598
u54190271,b77201589,3.3286235332489014
u48485181,b82237545,3.847121238708496
u72995370,b45954724,3.8880348205566406
u66513427,b24319159,3.432114839553833
u73951665,b14392040,4.104955673217773
u72647441,b08004121,3.1370816230773926
u36275356,b66416013,4.212543487548828
u57478950,b91130757,4.6055192947387695
u70199120,b47577328,3.2836875915527344
u08652127,b78457511,3.706284999847412
u82285840,b71271368,4.158100605010986
u72102241,b26924525,3.512376308441162
u24383232,b36224199,4.170162677764893
u74615612,b70441162,2.4687821865081787
u96201358,b58973293,4.134293556213379
u16269292,b96064020,3.7434182167053223
u51578155,b78848964,3.2088398933410645
u93434151,b52648851,4.044588088989258
u69877779,b64858692,3.6887526512145996
u39627331,b42749067,3.8817811012268066
u97326899,b95128552,3.4262850284576416
u29730076,b21742116,3.523794651031494
u87844233,b69867088,2.666088819503784
u64651823,b16231894,3.595374584197998
u90430308,b04822506,3.6929376125335693
u39896921,b74929101,4.346588134765625
u91984257,b04797457,4.392975330352783
u40918963,b15466237,2.735124349594116
u19359999,b11689530,3.609025478363037
u09176537,b36503628,3.564228057861328
u99473925,b09049778,4.268514156341553
u36151340,b07378867,4.331897735595703
u80790488,b82148195,4.144935131072998
u10603381,b06802134,4.723857879638672
u31010308,b26138336,3.560926914215088
u65105537,b46139942,4.365798473358154
u04493779,b66908318,4.515331268310547
u20490525,b13298774,4.062339782714844
u92595296,b68605354,3.8551340103149414
u15115958,b84419405,2.474102735519409
u58044618,b55479304,4.107094764709473
u64675386,b69089192,3.783278465270996
u77663878,b74821603,4.073365688323975
u99526535,b21699056,3.8187882900238037
u28063010,b19310775,4.1462812423706055
u31226500,b82148195,4.980011463165283
u88755038,b85845409,3.3413662910461426
u78072564,b48676763,3.303614616394043
u84545452,b10138940,4.791313648223877
u55286595,b52736396,4.3448100090026855
u13272452,b05487017,3.271578311920166
u81172874,b02278324,4.640267372131348
u59497814,b36030424,3.1745052337646484
u35796939,b06439034,3.323901891708374
u06088291,b82924906,4.878021240234375
u45860108,b93745301,5.0
u24498632,b06167371,3.366687536239624
u52408734,b32727723,4.145280361175537
u02676654,b04080365,4.077929973602295
u74823655,b55916323,4.546202182769775
u13551955,b22879567,4.652981281280518
u89789555,b08349503,4.096706390380859
u74112977,b72782535,3.190593719482422
u92357250,b93745301,4.432679176330566
u64094892,b62396194,3.785837173461914
u94109531,b99210585,3.512148380279541
u53768938,b07611214,4.252523422241211
u69228753,b85459545,4.560454368591309
u09558163,b36185570,3.8742928504943848
u36078174,b73113066,3.9860708713531494
u24956899,b61694785,2.8946967124938965
u07300183,b62486692,4.294864654541016
u10094684,b78275112,3.760861396789551
u02609923,b72782535,3.5961198806762695
u31255547,b58973293,3.043692111968994
u56474810,b63246630,3.777501344680786
u90376447,b56373143,3.073634386062622
u74384422,b07925447,3.7873520851135254
u36294212,b92522693,2.9769835472106934
u82207638,b74443023,3.4061942100524902
u94448754,b30996830,2.788414478302002
u59675957,b72708439,3.616541862487793
u12869842,b36914684,4.758989334106445
u62665871,b11179371,3.4113566875457764
u95045358,b13298774,1.362924575805664
u99411811,b02061575,3.9437856674194336
u66337033,b68181496,2.779801845550537
u67154326,b18469261,4.312401294708252
u71133221,b46966835,3.689301013946533
u59465590,b17525719,3.7854790687561035
u23386360,b76321859,1.6813910007476807
u59877007,b45502382,4.104640960693359
u96542512,b67390269,3.4731597900390625
u50088550,b07500263,4.065918922424316
u24531963,b49553867,3.141273021697998
u26827660,b06167371,3.1383566856384277
u93725040,b33860867,3.5593724250793457
u45593712,b79124168,3.1307036876678467
u80148355,b76040943,3.692330837249756
u25275900,b33302288,3.409759521484375
u71672017,b51177311,2.726332187652588
u10857286,b22100329,4.785452365875244
u18289126,b83328677,3.529171943664551
u88119621,b02688310,3.7137622833251953
u40631444,b36231626,3.8777594566345215
u55995722,b79601676,1.0
u61720708,b20830788,3.5693142414093018
u26757198,b75511430,3.7322139739990234
u43993729,b82148195,4.289202690124512
u49679213,b52929604,3.6853089332580566
u73862139,b64584903,2.518625497817993
u94527726,b34345328,3.1998989582061768
u19176508,b66191127,3.679384231567383
u64835702,b56105038,3.503636598587036
u72905804,b36465673,3.2753400802612305
u65344269,b48404169,4.022263526916504
u74792319,b36066654,2.955669403076172
u90609631,b52929604,4.766296863555908
u68904768,b98630806,4.522334098815918
u92532954,b78275112,4.6884307861328125
u08355920,b92338731,3.240830421447754
u45314163,b21557753,4.616809368133545
u83329456,b01376671,3.171769142150879
u19680684,b74821603,3.3881378173828125
u27693579,b63666979,3.9030308723449707
u06855324,b43633278,3.7703778743743896
u55628505,b03946791,3.1796863079071045
u17995223,b50274772,2.7623720169067383
u05561264,b46584434,2.585864782333374
u66604369,b98042514,3.629176139831543
u73862549,b68217888,3.427865982055664
u30937815,b00793888,3.9357738494873047
u36687641,b67873731,3.171837568283081
u46006824,b52339175,3.9815616607666016
u22596457,b39337488,4.641229152679443
u89456247,b46006537,3.73783540725708
u59864954,b60823162,3.839571952819824
u83090596,b95800909,4.363930702209473
u35615282,b37291845,4.412235260009766
u27686873,b97253350,4.615645885467529
u66546403,b25847150,2.7902519702911377
u97456880,b95302782,4.304780006408691
u09379499,b41331137,3.8594398498535156
u74047130,b04797457,4.263401031494141
u58578524,b80294058,3.498068332672119
u20503477,b74950254,3.6316733360290527
u19388591,b79928088,4.56862211227417
u96569995,b01714936,4.127900123596191
u95991736,b79975924,4.331179618835449
u52172041,b33230428,3.812896966934204
u39668859,b07453967,3.9165258407592773
u63828406,b72304066,4.022218704223633
u94248857,b96744826,3.775270462036133
u65238835,b16024414,3.4184532165527344
u80499659,b03946791,4.2934980392456055
u84435633,b53876123,4.488983154296875
u81574368,b20200244,3.3288443088531494
u44398147,b77938489,4.976911544799805
u35552012,b74511960,3.8420841693878174
u40902965,b64932806,4.032315731048584
u41870835,b63647498,3.696895122528076
u28580032,b75219215,4.192285060882568
u77772024,b70016806,3.601613759994507
u49734224,b40598851,2.9634814262390137
u30819579,b59126161,3.4946393966674805
u88692918,b98256804,3.7866017818450928
u94920009,b86031709,3.270064353942871
u29402755,b84494926,1.9526950120925903
u33521229,b22652791,4.143440246582031
u59753134,b03227198,4.48777961730957
u33274822,b67584295,4.414801597595215
u03911122,b35067156,3.5526726245880127
u08249775,b35067156,4.0999650955200195
u66149038,b85321421,3.2445855140686035
u32664682,b36312601,4.094271659851074
u11309798,b15574895,3.9051804542541504
u46120347,b52929604,4.502644062042236
u95235631,b39903678,3.210179328918457
u87374542,b42749067,3.1229331493377686
u64398303,b29576446,3.6251542568206787
u23112355,b10567312,3.795299530029297
u38854826,b92723432,3.7713282108306885
u02867072,b07812624,4.6168975830078125
u75035855,b29802159,3.7807276248931885
u39494240,b02700450,3.7695908546447754
u86586216,b08545824,4.03782320022583
u81965885,b42065988,4.149303913116455
u32114573,b25678098,3.4225289821624756
u61441468,b70912031,3.8636116981506348
u48885268,b89449410,4.3245391845703125
u43353818,b30429288,4.678343772888184
u90686361,b46312782,3.6431102752685547
u51410403,b39709801,3.7606260776519775
u61626899,b79640364,3.7774925231933594
u85611233,b48277417,3.9735970497131348
u95688596,b95000069,3.4872443675994873
u90253812,b66983425,4.2373046875
u26453861,b81697368,4.039158821105957
u24906720,b89572033,4.16457986831665
u65380031,b06237723,4.002805709838867
u58086523,b25811713,3.4295902252197266
u34644814,b06167371,3.623197078704834
u64140187,b19400098,3.861362934112549
u21306609,b52485134,3.42755389213562
u57026205,b52929604,4.121550559997559
u94895228,b60484296,3.536036252975464
u31111593,b39081955,3.936143398284912
u79201024,b17574946,3.363071918487549
u78142980,b13279245,3.500985622406006
u74810169,b08545824,3.8747830390930176
u58275123,b73813199,4.228227615356445
u33243372,b25811713,3.7104997634887695
u94501243,b26628253,4.733536720275879
u07240369,b34740941,3.3979525566101074
u86169008,b46139942,3.6536927223205566
u59612807,b52842739,3.5266268253326416
u02092550,b85323459,4.314186096191406
u48174548,b26371791,4.286111831665039
u16818612,b52648851,3.733969211578369
u11067741,b39501581,4.137202262878418
u50722975,b20252762,3.6836156845092773
u04887454,b56105038,3.8661251068115234
u07317934,b03837849,3.7244768142700195
u47782483,b12526023,4.125143527984619
u12200090,b59032154,4.287365913391113
u46473683,b14547631,4.471171855926514
u39513699,b26937304,3.8601112365722656
u94861664,b70664431,3.865327835083008
u63514169,b86785429,3.402027130126953
u06177577,b29392448,4.276251316070557
u85201394,b42977080,4.104809761047363
u41864743,b57055452,2.547761917114258
u09329935,b39081955,4.021360874176025
u13395356,b50384790,4.100184917449951
u27499092,b67877559,3.206958532333374
u46410733,b68763841,4.223877906799316
u73155609,b08135061,2.982611894607544
u62669458,b46584434,3.6350629329681396
u22949708,b29618673,4.066583633422852
u90757878,b21231766,3.6896233558654785
u49807892,b77265663,3.6543169021606445
u81439265,b61970919,4.37915563583374
u20289357,b04374540,3.9372076988220215
u28060673,b34953904,4.607081890106201
u80670774,b96367742,3.6606054306030273
u39949949,b19363346,3.270416259765625
u69638581,b20537286,3.9355359077453613
u85882320,b14207328,1.9423073530197144
u25800280,b38383821,3.0496983528137207
u39513699,b74821603,3.9678993225097656
u97768008,b09419504,4.257326602935791
u68761177,b73131708,3.6437737941741943
u27452728,b62363500,5.0
u41558067,b07812624,4.164546489715576
u34286784,b75851389,3.909437656402588
u64468449,b24365008,4.415460586547852
u79481749,b08233764,3.762040376663208
u05658677,b55504448,3.589661121368408
u82532497,b53474474,4.434482574462891
u47958749,b69780126,2.550173759460449
u45436164,b11179371,2.5018842220306396
u76938964,b72377040,4.142635822296143
u74047130,b59721679,4.074272632598877
u30889615,b67584295,4.548262596130371
u64398303,b36851350,3.112976551055908
u22072123,b28927044,3.7909224033355713
u28391854,b34755064,4.292538642883301
u42771555,b70930132,3.586887836456299
u46569578,b33110278,3.803253173828125
u06566592,b58888536,2.9503769874572754
u73964097,b28651364,4.590128421783447
u70782918,b42687771,3.6743178367614746
u42599779,b96921455,3.4491419792175293
u37933176,b17581033,3.900730609893799
u24851754,b65629315,4.502616882324219
u24442150,b85321421,3.5774765014648438
u40818252,b04094905,3.631427764892578
u72311202,b20684073,3.9225244522094727
u55003901,b69314705,4.0612473487854
u56108261,b19822827,4.321646690368652
u22558019,b07311339,3.9871857166290283
u14740912,b95869688,3.823428153991699
u14492955,b90140067,3.9557933807373047
u91050971,b82148195,4.5666890144348145
u50260935,b88947899,3.5153274536132812
u72951243,b22879567,3.6670541763305664
u59573039,b70594592,4.507758140563965
u01372079,b54878424,4.077479839324951
u25339594,b51573020,4.594168663024902
u06591217,b39738718,4.037740230560303
u10665625,b42749067,4.284718036651611
u82397227,b74020247,4.2618408203125
u51014688,b09555289,3.4724464416503906
u96234652,b16365742,3.732830047607422
u71961837,b71207627,4.680393218994141
u88903696,b11481995,1.9545267820358276
u94919181,b52736396,4.36065673828125
u05786215,b19867465,4.645830154418945
u16527657,b86499822,3.3242383003234863
u92300325,b42349213,2.6393399238586426
u45661636,b18562445,3.850022792816162
u38678248,b34532932,3.709176540374756
u11812235,b42977080,3.15622615814209
u48128057,b57631671,3.485098361968994
u89152618,b56970025,2.675788402557373
u85032352,b32288653,3.933467388153076
u35868108,b15847411,4.2359442710876465
u17377715,b32751556,3.560427188873291
u62812120,b79673345,3.7620182037353516
u26119989,b12526023,3.5540997982025146
u08249037,b39238354,2.7722434997558594
u38011250,b29576446,3.847601890563965
u94543319,b17741315,3.757580518722534
u04190779,b18147526,3.9182333946228027
u48846323,b40598851,3.7730190753936768
u40217898,b38802705,3.3275701999664307
u61045125,b84266529,3.943495988845825
u51825352,b72958271,3.1092000007629395
u63121742,b26104451,3.423928737640381
u31290545,b88261609,3.6392674446105957
u31255927,b40128170,3.406695604324341
u83162402,b39125372,4.205853462219238
u33386285,b61292623,3.8331098556518555
u16348497,b86132526,4.336889266967773
u34952011,b89251739,3.8459646701812744
u74134855,b06167371,3.7544302940368652
u99770618,b82148195,3.821056365966797
u67505543,b58230280,2.816908359527588
u11988530,b87068336,3.1199283599853516
u48151858,b96783065,3.1732754707336426
u28531736,b54161431,4.2772536277771
u19155146,b95822040,3.5852184295654297
u83195899,b07857410,3.5172197818756104
u97705822,b72860694,3.6836650371551514
u37139448,b71599980,3.39632511138916
u56922259,b29505914,3.500358819961548
u81118317,b03047230,2.8501741886138916
u08637395,b93745301,4.692471504211426
u03228753,b84892512,4.345738410949707
u83363542,b36185570,2.7155532836914062
u02292336,b92820276,2.9037201404571533
u29817491,b10751789,4.012566089630127
u68025819,b75851389,2.8189308643341064
u49948103,b95681606,3.814908504486084
u12154554,b35067156,3.52948260307312
u31502616,b67030393,3.40519380569458
u45020171,b08180481,3.175251007080078
u16940554,b36185570,3.763308048248291
u63453333,b87404127,3.6419005393981934
u91972295,b52013289,4.575422763824463
u33130744,b68622451,4.302759647369385
u00988397,b10949180,3.2672626972198486
u60047911,b14476018,2.709503650665283
u37357479,b15574895,3.7913174629211426
u45935397,b65216323,4.457801818847656
u31055737,b68325129,3.5585196018218994
u17202002,b64609180,3.301868438720703
u56519739,b07855606,2.8792762756347656
u54425027,b54043673,4.239941596984863
u89855981,b07812624,4.367772102355957
u19742889,b47344151,2.926771879196167
u65800498,b89115141,4.373135566711426
u13206002,b85255296,2.915720224380493
u57209684,b86785429,4.86258602142334
u00259506,b10806666,3.5852479934692383
u51674834,b38240457,4.038543701171875
u88394229,b27787131,4.767544269561768
u80479807,b53423202,3.3396317958831787
u81798559,b20761941,3.406902313232422
u37429165,b92631370,3.3615097999572754
u07225004,b74528523,3.1855061054229736
u10671674,b29576446,3.1723859310150146
u86854003,b78647061,4.5380706787109375
u50092737,b62718965,3.012380838394165
u52151387,b13831846,3.042525291442871
u03078319,b06073707,2.9084877967834473
u26988846,b20071798,3.5826172828674316
u84213365,b51018612,3.8751425743103027
u45208527,b78008834,4.081663131713867
u50219137,b78180005,4.021639823913574
u23801765,b41361390,3.558074951171875
u24499403,b79619792,3.9734649658203125
u23358116,b05231805,4.037807464599609
u95231297,b44745371,4.20815372467041
u50351808,b63882385,3.8708648681640625
u57649311,b58973293,3.66137957572937
u41536743,b59349150,3.8779869079589844
u32625877,b80596244,4.745997428894043
u60517190,b40311154,4.0149149894714355
u03961265,b16024414,3.644105911254883
u18126271,b22504420,3.326793909072876
u81892290,b77948897,4.687137603759766
u04472363,b69294942,2.667910575866699
u39111176,b24751294,3.460841178894043
u08495345,b14113125,4.300410270690918
u86398214,b49721309,3.606502056121826
u71378804,b98294810,4.461259841918945
u63798214,b54851751,3.6241841316223145
u36104855,b67894914,2.6703925132751465
u04739620,b93372318,3.5829010009765625
u96139876,b68725737,2.53987455368042
u17547243,b88863965,3.7449843883514404
u23368163,b83003028,3.766408920288086
u74565740,b20048021,2.002556324005127
u14527179,b07311339,3.9388816356658936
u14968690,b03047230,3.9566683769226074
u34478688,b42977080,3.415492057800293
u05171843,b40151793,3.945711612701416
u67094708,b57167994,4.099283218383789
u25766361,b42227543,4.283310890197754
u48525144,b04384885,4.208907127380371
u98044891,b01544730,4.052138328552246
u00965281,b74929101,4.076465129852295
u95427779,b57528832,4.811537742614746
u39223138,b86843272,3.8432273864746094
u94849255,b43020589,3.6033668518066406
u72116019,b73266123,3.9362125396728516
u24724060,b33699537,4.607740879058838
u48485181,b80808063,4.151323318481445
u93770199,b06167371,3.6155967712402344
u21032666,b34953904,3.547962188720703
u57710835,b30494145,3.603466272354126
u03358313,b62282738,3.4830594062805176
u57843861,b66018154,3.5185608863830566
u41707737,b54791634,4.000354766845703
u87662659,b46271044,3.2058491706848145
u00542280,b71887242,3.3784327507019043
u52027995,b92563633,3.2766480445861816
u59287004,b62223240,4.569116115570068
u69950090,b40128170,3.5319323539733887
u60283056,b33084179,4.410463333129883
u59283610,b91648936,4.585422515869141
u96576368,b06167371,3.737072467803955
u78139567,b93745301,4.222865104675293
u24575138,b76642772,3.863286018371582
u35379244,b65375874,1.0
u52468703,b43914262,3.1139516830444336
u54987890,b54369491,4.305629730224609
u10591711,b07857410,3.0328121185302734
u32073961,b89572033,4.03937292098999
u78647159,b08984498,2.207955837249756
u21985161,b19118320,4.179571151733398
u89614213,b61924457,3.7513177394866943
u54123292,b79928088,4.5478010177612305
u17638914,b53201085,3.85276460647583
u81847417,b04634033,3.2689592838287354
u97687464,b79253970,3.5219404697418213
u51733361,b74442841,3.2545251846313477
u78686686,b44944170,3.8460726737976074
u18386477,b35526856,4.31815242767334
u64241535,b97371893,2.5398082733154297
u29099642,b68297715,3.5232200622558594
u97057769,b06167371,3.9244933128356934
u94468127,b93745301,5.0
u36329394,b31687952,4.067229747772217
u13997223,b39916665,4.08457088470459
u58549394,b90171057,4.156454086303711
u03476582,b20790379,3.431438446044922
u65868037,b74592547,1.9588204622268677
u27691210,b16000102,2.724158525466919
u20304768,b32345857,3.9861483573913574
u30317376,b86678940,3.795137405395508
u55509158,b43196456,4.127717971801758
u42410613,b66191127,3.8242130279541016
u83831451,b15574895,3.55263090133667
u38812827,b75611519,2.8637542724609375
u92890643,b05376454,3.581173896789551
u90303198,b78340580,2.8632349967956543
u92270400,b09101227,3.80580997467041
u85707034,b93241768,1.820639967918396
u66832018,b00278122,3.4532361030578613
u31751774,b44870768,3.331057548522949
u92944764,b20071798,3.946773052215576
u96265430,b57528832,3.8537869453430176
u24762774,b59932507,3.8354015350341797
u82114895,b56779366,4.10397481918335
u12889839,b76982320,3.4706525802612305
u20241087,b09049778,4.224987983703613
u20031403,b64988737,3.8348851203918457
u10476887,b57002888,4.376070022583008
u93017626,b52842739,3.689828395843506
u89980035,b86547231,3.4633121490478516
u05147692,b34463991,4.095873832702637
u77746175,b83158521,3.451453447341919
u45317574,b02766522,3.5517001152038574
u34007459,b73131708,3.4927453994750977
u75313039,b39088089,3.7170798778533936
u96781147,b31988440,3.6983251571655273
u84965469,b34681163,4.682227611541748
u31797171,b21674268,4.394576072692871
u70054227,b26848897,3.5100691318511963
u10247652,b11689530,3.7642393112182617
u47937032,b08166228,3.3928797245025635
u79559894,b86376623,3.363945484161377
u75646373,b61612092,4.399523735046387
u89144204,b31362596,3.9453866481781006
u88064250,b88947899,4.233549118041992
u20409355,b71794852,4.086627960205078
u90972153,b88947899,3.9301064014434814
u30287016,b95822040,3.5625033378601074
u51478724,b93745301,4.448812961578369
u91428131,b65629315,4.615419387817383
u56542859,b93711721,3.771620273590088
u15325951,b92598217,3.2732994556427
u93457271,b21810982,2.1180243492126465
u04472363,b59590704,2.729579210281372
u05296785,b23760358,4.389624118804932
u78890347,b13831846,1.8631105422973633
u84150076,b14547631,4.311704158782959
u12476251,b46584434,3.426852226257324
u28494446,b19733783,3.678417205810547
u94692092,b26385014,3.943965196609497
u78882211,b79928088,4.839656352996826
u40116946,b78156277,3.1288950443267822
u51024807,b69867088,3.865370273590088
u29594826,b11338586,3.684427261352539
u38282175,b31988440,3.7714316844940186
u64180998,b92017783,4.984744071960449
u24534509,b09049778,4.261536121368408
u72725318,b82757636,3.0062079429626465
u56884739,b33798237,3.4561502933502197
u17832892,b33849296,3.8767659664154053
u05449846,b50070819,4.31883430480957
u40476353,b29392448,4.661441802978516
u88229797,b85484150,3.5830564498901367
u51977827,b69110543,3.7895567417144775
u37498390,b05231805,3.7703804969787598
u07977672,b03946791,3.7318286895751953
u92336880,b66191127,4.69071102142334
u71506103,b45594562,3.842837333679199
u13036738,b41399471,3.463705062866211
u44100063,b89502935,3.315849781036377
u27489398,b92631370,4.4165425300598145
u05416261,b38850631,3.824188232421875
u76990899,b77508650,3.987294912338257
u59753134,b02037149,4.054116725921631
u99065128,b86376623,4.315202713012695
u77294996,b29802159,4.261425018310547
u93965296,b46452411,2.4529194831848145
u41144440,b93695514,4.030196666717529
u30395909,b06167371,3.511960744857788
u45099992,b93241768,3.423832416534424
u76042716,b06585376,3.5371522903442383
u22540162,b76932568,3.710580587387085
u92899554,b46584434,3.4515645503997803
u82828380,b57283428,3.7358975410461426
u94503488,b07533988,4.776112079620361
u29298560,b69989437,4.79054069519043
u31885698,b24559847,4.242303371429443
u71948949,b41681847,3.384450912475586
u30404673,b26807998,3.545365810394287
u09404862,b25847150,3.6300535202026367
u30317376,b22727265,3.7441442012786865
u61006394,b67685364,3.718461036682129
u34037750,b51191220,3.4234440326690674
u69730614,b26385014,3.8993635177612305
u17452943,b22680910,3.6950459480285645
u93904884,b32751556,4.362749099731445
u79194319,b31988440,2.536320686340332
u57784472,b75393483,4.915336608886719
u02456486,b08349503,3.923090934753418
u45251095,b21674268,3.7259411811828613
u76314777,b71599980,4.309635639190674
u54605462,b08004121,3.549131393432617
u04655292,b82853645,3.945781707763672
u65072106,b61372131,4.0592041015625
u01459017,b20830788,4.767303466796875
u72392993,b86896365,2.8023452758789062
u01121757,b08772988,4.324735641479492
u83580686,b21674268,4.672185897827148
u87871756,b28981063,4.208353519439697
u31284201,b37657413,3.2216434478759766
u65807817,b90005045,3.8413028717041016
u16318665,b54721829,3.3876194953918457
u47660947,b28801125,3.389857769012451
u00395093,b79124168,3.690062999725342
u82753211,b19153924,3.979341506958008
u08867710,b39614912,3.759100914001465
u45073844,b63271225,3.6432011127471924
u14613069,b88947899,4.168121814727783
u17437117,b21674268,3.2149956226348877
u25866990,b15664991,4.14847993850708
u12539379,b81770974,3.584980010986328
u03389170,b31362596,4.465603828430176
u06042879,b80506673,3.346574068069458
u55403460,b32288653,1.0
u91182970,b57002888,4.226130962371826
u46480228,b78340580,4.0147600173950195
u25115908,b05154189,4.389671325683594
u66606901,b69989437,4.4284539222717285
u24816032,b79928088,3.853760242462158
u69266769,b42065988,3.7471351623535156
u51777510,b77675822,3.9764933586120605
u13602502,b76305437,3.115482807159424
u23020196,b68998721,2.9866843223571777
u76864461,b15971576,3.9988210201263428
u93620003,b47344151,3.656972646713257
u22903105,b74821603,3.5478897094726562
u17052408,b20877763,3.3234190940856934
u68319098,b23029053,4.286337375640869
u91687680,b83638329,3.8353800773620605
u01273672,b91229724,2.9304089546203613
u81363858,b86953452,3.6603200435638428
u39781443,b47990473,3.667320728302002
u63855362,b91712126,3.747795581817627
u72015549,b38589234,2.534385919570923
u24176281,b33867495,3.169048309326172
u29817491,b37363405,4.179101467132568
u84320725,b78425493,3.5136032104492188
u06298421,b65861714,2.824240207672119
u48468579,b74528523,3.3760621547698975
u30016314,b85587271,3.6766586303710938
u34411200,b05154189,3.2582857608795166
u18301940,b70462009,4.160704135894775
u33518140,b51553763,3.1922271251678467
u56190427,b50384790,4.444789409637451
u17202002,b52929604,3.9448461532592773
u81769131,b98654472,2.971919298171997
u58563514,b04529407,3.339402198791504
u89350419,b90299577,2.434267997741699
u20351808,b72304066,4.202802658081055
u93250683,b60374563,2.945347309112549
u22867894,b70701888,4.125979423522949
u29276392,b56105038,2.7575247287750244
u18722126,b72813907,3.9353456497192383
u62410124,b20547561,3.779937505722046
u92522385,b87691807,2.7053849697113037
u93568892,b92969085,3.7115042209625244
u26635843,b88402200,3.7411022186279297
u71168005,b52503900,3.60764741897583
u46353403,b26525361,3.1761226654052734
u52234710,b78008834,4.268439292907715
u31495974,b11234289,3.6765761375427246
u30367227,b52580354,3.1996331214904785
u56265479,b46923281,3.364029884338379
u61720642,b15268547,3.7665629386901855
u58337048,b48676763,3.1223368644714355
u54983801,b00653768,3.535534381866455
u44268721,b02653820,4.159174919128418
u82432694,b78132843,3.8305816650390625
u87857877,b99836543,3.2932209968566895
u01743798,b31900574,4.546677112579346
u98498753,b59032154,3.3658483028411865
u66608873,b09979253,3.623056411743164
u40678161,b88863965,3.1360907554626465
u28722937,b15688485,3.4979381561279297
u94644146,b07811476,4.152250289916992
u87068843,b06138796,2.901822090148926
u09569481,b64932806,3.794062852859497
u71685034,b35789402,3.416963577270508
u72646099,b04359978,3.2159979343414307
u67857862,b60434059,3.8456978797912598
u54945950,b20537286,3.929119348526001
u44235591,b69945803,4.329943656921387
u21194357,b92037806,3.8207273483276367
u41091260,b93063377,3.5725998878479004
u57691812,b16906807,3.5141677856445312
u09964571,b96756396,3.669039249420166
u46434969,b10229286,3.233257293701172
u88982175,b79143534,3.3247110843658447
u63430557,b82148195,4.598152160644531
u15210784,b15143653,4.2922539710998535
u49883591,b58404382,4.883670806884766
u08625479,b56362706,4.6790385246276855
u47604971,b52929604,4.601479530334473
u94448754,b64045516,2.92272686958313
u21045721,b39501581,4.218169212341309
u05769182,b07278059,4.138606071472168
u15168906,b31940706,2.6417508125305176
u72102241,b33009412,3.243915319442749
u14123217,b56105038,3.4894065856933594
u14321575,b28651364,3.92905330657959
u87366750,b47171732,3.9856600761413574
u88618125,b71271368,3.811500072479248
u64597420,b78275112,4.123411655426025
u86700844,b99935727,4.995615482330322
u85140297,b05938893,3.201185703277588
u13414888,b69989437,4.524226665496826
u92070781,b68725737,2.382302761077881
u57779891,b47771185,4.167947769165039
u54516650,b56702712,3.7718136310577393
u74154133,b85255296,3.5609724521636963
u09258420,b15466237,2.424161195755005
u61392074,b18610759,4.30315637588501
u59551779,b26003550,3.715485095977783
u95274588,b73813199,3.280122756958008
u64050451,b86522412,3.048074245452881
u94242346,b08135061,3.0942323207855225
u23547723,b67030393,3.896974563598633
u55029519,b22652791,4.411436080932617
u36952460,b93745301,4.978950500488281
u80712308,b32974421,4.111219882965088
u04292931,b57002888,3.502462863922119
u96905697,b46883929,4.143998146057129
u34390645,b92260320,3.0118374824523926
u44745846,b34878607,3.6514835357666016
u86846430,b90449605,4.300291538238525
u15334446,b57316882,2.8619017601013184
u05176063,b24751294,2.3250088691711426
u86372528,b34953904,3.891012191772461
u38708772,b19822827,4.198591232299805
u15695801,b17741315,4.245298385620117
u31425697,b71472247,3.4231514930725098
u52480921,b29392448,3.588867664337158
u30951733,b34518021,3.767202377319336
u11953539,b81841696,3.593250274658203
u04169740,b03135617,3.9968273639678955
u34306008,b90422949,3.955069065093994
u24949491,b27702770,3.509450912475586
u96804020,b48197202,4.386523246765137
u40046662,b14632405,4.487977504730225
u83568220,b54003732,4.20068359375
u90035985,b26847239,4.060762405395508
u48633704,b82785620,3.739777088165283
u61660748,b64124445,4.351833820343018
u40091872,b63603925,4.064033031463623
u58574412,b27669202,2.4434609413146973
u39330888,b09902724,4.204475402832031
u46665641,b08004121,3.1255266666412354
u19624517,b81841546,3.7951765060424805
u04637290,b15962680,3.275158166885376
u90044042,b34412831,3.753070831298828
u79728709,b32288653,3.729935646057129
u94323449,b11752294,4.043073654174805
u74810169,b15860915,3.6741294860839844
u16267729,b52929604,4.804731845855713
u21270888,b77932141,3.4606823921203613
u11812235,b39903678,3.1585030555725098
u37356350,b79928088,4.5178422927856445
u60645427,b09979253,4.077664375305176
u75546313,b68009767,3.2196638584136963
u45924572,b11689530,3.3046445846557617
u71463465,b65216323,4.473089218139648
u95222161,b04094905,3.132539987564087
u24383232,b54115653,3.4216341972351074
u11541917,b88487078,3.924790382385254
u27968472,b79253970,4.000715732574463
u35865134,b59459809,3.4528448581695557
u84383885,b65216323,4.470816135406494
u19300588,b09777918,4.226940631866455
u07504648,b68107492,4.416562080383301
u69636273,b21398815,2.8525259494781494
u50107628,b01136753,2.704270601272583
u22638248,b36224199,4.572032928466797
u60308492,b88947899,4.340365409851074
u56743163,b67550881,3.312758445739746
u13984942,b17652650,3.409423351287842
u18265021,b70912031,4.112032890319824
u75769572,b77342401,3.8214597702026367
u44490709,b89324149,3.8293673992156982
u15203965,b15869276,4.0188469886779785
u82072455,b27882595,3.5614562034606934
u69548402,b52439315,3.5971198081970215
u11090131,b74167560,3.346733808517456
u47481096,b97887852,4.344945907592773
u59443457,b99719030,2.145723342895508
u13810664,b56915887,3.410961627960205
u58053714,b05154189,3.5547428131103516
u06585432,b41361390,2.271993637084961
u86835538,b71599980,3.710601806640625
u12210966,b79116544,3.700312614440918
u97308548,b33391853,3.306791305541992
u29873526,b05154189,3.922577381134033
u16284949,b21458320,3.682124137878418
u11602597,b07325411,4.00642204284668
u67498173,b04798547,3.437899112701416
u63267387,b26783178,1.9450395107269287
u84077771,b24915312,3.8271310329437256
u38179383,b80730701,3.4969401359558105
u71819251,b38423888,4.220556259155273
u00840685,b74445461,3.362980842590332
u31517854,b75100696,3.6348376274108887
u75176595,b08233764,3.9217934608459473
u85290789,b69294942,3.550196647644043
u13831604,b61292623,3.416538715362549
u95917540,b06633346,4.567314624786377
u96558248,b03530794,3.397482395172119
u89999370,b14338293,3.8741605281829834
u95216256,b55180043,3.359616756439209
u05649152,b09304076,4.184269905090332
u34086789,b09049778,4.152376174926758
u39379707,b69241339,3.426495313644409
u81180136,b71643000,3.9962158203125
u02344106,b39664275,3.834449529647827
u43873908,b13887817,3.391901731491089
u39178567,b70892724,2.4834961891174316
u93029646,b16024414,3.88967227935791
u54500750,b93745301,3.34283447265625
u61269446,b36398776,3.9156951904296875
u20865214,b66664015,3.8964426517486572
u74797687,b70912031,3.754230499267578
u90215949,b08349503,4.092854022979736
u62218957,b75219215,4.2209367752075195
u71672269,b84770798,2.8051304817199707
u84050864,b63603925,3.4615564346313477
u70598867,b81894885,3.379788398742676
u63377987,b13298774,3.9642016887664795
u28345292,b44849506,3.854846477508545
u27809516,b68095123,3.401522397994995
u72005470,b36153689,3.3476903438568115
u04366823,b36398776,3.739199638366699
u17094612,b77201589,3.5648996829986572
u62759138,b38122928,3.825829029083252
u02898980,b49553867,4.012809753417969
u96435276,b81323559,4.654192924499512
u71506103,b40934702,3.689375400543213
u70609334,b07278059,4.6392927169799805
u54096351,b88562055,4.3977131843566895
u07688795,b07831192,4.402874946594238
u13190175,b28190473,3.4620862007141113
u99213638,b66664015,3.9709877967834473
u57160874,b54369491,4.3458147048950195
u52999548,b37073691,3.593750476837158
u81410686,b55226287,4.579920768737793
u26808131,b82890607,3.5417580604553223
u78905183,b29422431,3.6824841499328613
u41966708,b63332173,3.343435764312744
u35542152,b55105377,3.9069290161132812
u21962254,b81323559,3.5904054641723633
u89491378,b52485134,3.1839523315429688
u70549733,b88487078,3.461517810821533
u54766708,b64731092,3.512907028198242
u20961224,b54781444,3.2916033267974854
u24240245,b32521851,3.7996323108673096
u79273486,b07378867,4.399031639099121
u19521923,b96756396,4.31825590133667
u58009017,b66132701,3.3965067863464355
u80763459,b52736396,3.294186592102051
u84960512,b08545824,3.6097683906555176
u12624695,b13274041,3.6051361560821533
u09216025,b88785299,4.050532341003418
u68914359,b33860867,3.785208225250244
u25181290,b46064947,3.6062419414520264
u27797229,b86376623,4.641593933105469
u95360464,b90516259,3.4518792629241943
u89018385,b38724274,3.9741244316101074
u08237580,b14113125,3.472684860229492
u11291574,b78008834,4.215434551239014
u49726134,b24646714,3.625006914138794
u97632515,b31988440,2.919633388519287
u73268222,b97528491,3.267585277557373
u29464259,b27307698,3.1497690677642822
u09829223,b16689742,3.3176040649414062
u80594626,b35067156,3.156215190887451
u54800402,b32727723,4.1416521072387695
u26386255,b95800909,2.8737294673919678
u96326348,b85868333,1.3136310577392578
u22011480,b43914262,4.296318054199219
u53135701,b04763192,3.234924793243408
u77049815,b80970834,3.294801712036133
u60899733,b09902724,3.7849059104919434
u81010240,b62470547,3.3585500717163086
u71721329,b21674268,3.4010050296783447
u19703161,b42977080,2.7358341217041016
u00791522,b93936801,4.595619201660156
u09454810,b81323559,2.416635274887085
u42679093,b44387119,4.031954765319824
u04330470,b50384790,3.9558515548706055
u26716074,b88182084,3.346971035003662
u71210923,b38850631,2.778905153274536
u38042079,b18722570,4.195466041564941
u77049815,b41361390,3.3932862281799316
u78169984,b06655641,4.267392635345459
u07860817,b02653820,4.270119667053223
u44814362,b54369491,3.976508378982544
u29493940,b56466462,3.4880542755126953
u47475363,b68095955,4.405484199523926
u23522423,b14548141,3.486821174621582
u42571614,b06167371,3.533364772796631
u63318773,b52217488,3.8547635078430176
u32863918,b65629315,3.999375343322754
u80707632,b36766414,3.777745246887207
u17320859,b21674268,4.216905117034912
u56976216,b69989437,4.315705299377441
u72295004,b32727723,3.890578269958496
u64160511,b42977080,3.117239475250244
u97921066,b44393400,4.17444372177124
u33334535,b86788370,3.852203130722046
u05958200,b10567312,4.438502311706543
u93464516,b55073403,4.165689945220947
u07583213,b05115658,3.487377643585205
u24651790,b41402498,3.90814208984375
u72396636,b71794852,2.8058786392211914
u21904445,b82924906,3.5471696853637695
u27348290,b43699450,4.08585786819458
u49249126,b86376623,3.9386510848999023
u49575669,b12120726,3.4057343006134033
u89999370,b74770858,3.6586437225341797
u34647803,b56105038,2.3770577907562256
u66979743,b58990319,4.131593227386475
u75084914,b11721138,3.972355604171753
u58141815,b09123950,3.0276384353637695
u00869433,b26385014,4.390278339385986
u77133239,b10335589,3.1375670433044434
u20796304,b45868107,3.498499870300293
u07564647,b82924906,4.600022315979004
u22632143,b54922231,4.434368133544922
u57684620,b62008180,3.7906012535095215
u37344410,b60484296,2.4121716022491455
u15723018,b83935517,4.273608207702637
u58785485,b83003028,4.370425701141357
u95711768,b73703618,4.086932182312012
u12594094,b97302773,4.351780414581299
u57523140,b15484815,3.0093564987182617
u05281300,b77508650,3.473728895187378
u71485314,b40598851,3.118149995803833
u50047256,b50109072,3.4853711128234863
u47475363,b46584434,3.9426827430725098
u39061707,b16571480,3.3090462684631348
u62957827,b52842739,4.377991676330566
u47504011,b21357510,3.826756000518799
u26550736,b85462814,2.8715405464172363
u91289077,b36754274,3.2654731273651123
u78834683,b28190473,3.6832590103149414
u28165115,b04721713,3.466191053390503
u63485177,b95816463,3.6132383346557617
u58070159,b26385014,3.6816625595092773
u59923784,b06256559,3.2896816730499268
u93090724,b86740889,3.777637481689453
u72492389,b50384790,4.247578144073486
u34037750,b80102793,3.7329916954040527
u68095158,b02880533,4.227202892303467
u98535966,b21357510,3.6839890480041504
u64684093,b17679110,3.8998517990112305
u47636586,b57528832,4.848001956939697
u46006824,b03671144,4.192090034484863
u90758823,b12526023,4.500001907348633
u96432194,b76040943,4.383267402648926
u84733572,b03370511,4.281504154205322
u34430576,b03579093,4.545118808746338
u02155011,b73098962,3.5984816551208496
u72565183,b22242111,3.3774282932281494
u35607002,b93997659,4.273987770080566
u27094344,b91302109,3.7467288970947266
u72369831,b51242397,4.275363445281982
u37689928,b82056709,3.4346487522125244
u87857877,b87956405,3.251350164413452
u52785240,b15268547,3.5072665214538574
u51050734,b41341679,4.425841331481934
u90598721,b26385014,4.63257360458374
u24875976,b33798237,2.3224191665649414
u84872505,b88978481,3.7784318923950195
u92300325,b47772980,2.8943281173706055
u52234710,b88597012,3.8135364055633545
u31411881,b75511430,3.6522345542907715
u70455688,b78008834,4.326581954956055
u24383232,b90182673,3.343735456466675
u94240390,b28615151,4.127687454223633
u54901031,b54446861,4.091140270233154
u96668941,b47772980,4.097164154052734
u55548321,b46006537,4.224476337432861
u38099391,b64898087,3.455779552459717
u84733572,b00793888,3.8320183753967285
u92277367,b70016806,4.38585090637207
u49729340,b14547631,4.10258150100708
u49506272,b54384341,3.493518829345703
u22811283,b88317943,3.4514293670654297
u45072695,b44711938,2.8444175720214844
u58977287,b26138336,3.715371608734131
u45098647,b40151793,4.069815158843994
u54416194,b53545849,4.1353864669799805
u19874911,b18070400,3.946707248687744
u62899912,b13222925,3.017123222351074
u17627269,b11179371,3.888261318206787
u25680174,b50869133,3.3830463886260986
u15073128,b47027276,3.394369602203369
u62851036,b10169084,3.450695514678955
u96635387,b44267669,3.4818925857543945
u94567955,b15218884,4.225587368011475
u32166934,b70849527,3.809934139251709
u65590032,b74484819,3.399205207824707
u33286991,b74034107,4.906610488891602
u29431489,b74821603,3.9377570152282715
u24357683,b63303984,3.3676533699035645
u26706123,b86788370,4.721927642822266
u41551166,b08349503,2.7305803298950195
u13045132,b55260914,3.786715507507324
u11567969,b28063904,3.957916736602783
u94462479,b26711051,3.364470958709717
u91540789,b09101662,4.128580570220947
u48226172,b90171057,3.487427234649658
u36984392,b26138336,3.0957109928131104
u85950801,b50851932,2.934291362762451
u21755840,b52648851,3.4698312282562256
u26073289,b64898087,3.0574355125427246
u09073028,b51791070,3.44600248336792
u45302560,b19822827,4.789491653442383
u94861664,b09049778,3.9153804779052734
u88457062,b01792617,4.023947715759277
u12983626,b34668017,1.0407788753509521
u11452959,b93418350,3.1819286346435547
u43925356,b02167358,4.374839782714844
u58053714,b98844131,2.499581813812256
u48245003,b08004121,2.251021385192871
u25978602,b06167371,2.9413301944732666
u61094465,b99503422,3.3424205780029297
u84862389,b15764467,4.044518947601318
u27792313,b16474359,3.7626404762268066
u78168080,b18363826,3.061995506286621
u93915775,b04767223,2.936069965362549
u84824214,b34681163,3.5729126930236816
u42824099,b88086544,4.017035484313965
u90060094,b80625075,3.903430461883545
u81121219,b52580354,3.4328999519348145
u31044955,b27289602,3.461392879486084
u79468483,b29802159,2.7674810886383057
u42151271,b07812624,4.4083099365234375
u53564523,b62325202,4.073352813720703
u73010249,b90354954,4.571963787078857
u66970209,b34736748,3.0158774852752686
u03683135,b52842739,3.3267877101898193
u51825352,b97062216,3.9467320442199707
u14541133,b79975924,4.487737655639648
u69048842,b31687952,4.230422496795654
u08431648,b20071798,3.8543622493743896
u69136030,b39574458,4.0236616134643555
u92043367,b34233906,4.2654500007629395
u57992518,b07563168,3.3485476970672607
u52376392,b39398529,2.701505661010742
u46290104,b56751792,3.9643101692199707
u67480372,b95800909,4.963043212890625
u67681449,b47344151,3.498150587081909
u92680908,b64898087,2.841921329498291
u06298421,b52101224,2.6072747707366943
u10178570,b04525911,2.9348278045654297
u67246150,b91361163,4.116063117980957
u06784787,b41451971,1.6668332815170288
u57286628,b66664015,3.99094820022583
u70092269,b23457095,4.255847454071045
u14353351,b85416756,3.320902109146118
u83632440,b67049834,2.5320427417755127
u49310252,b46139942,3.7645528316497803
u29550270,b69945803,4.198073387145996
u33788705,b16577739,3.260106325149536
u75130235,b52500520,3.864783763885498
u04361978,b46888254,4.2899675369262695
u87284756,b61372131,3.760256767272949
u47181254,b91885011,3.521252155303955
u10427131,b28661214,3.8445582389831543
u18256938,b55111127,3.554084300994873
u15476394,b80479144,3.518716335296631
u99944945,b08777170,4.051847457885742
u87744255,b73712332,3.5216221809387207
u03458163,b47027276,3.9706592559814453
u46043296,b58973293,3.0605850219726562
u36911755,b64278334,4.0526275634765625
u05217581,b92010491,3.6119651794433594
u13185986,b21861372,4.127517223358154
u24000217,b61430045,4.862525939941406
u89703512,b35479202,3.826535940170288
u39493790,b87267848,4.000164031982422
u37277743,b66019554,3.1550910472869873
u74356619,b95269354,3.1218655109405518
u27851097,b66261719,2.3389697074890137
u93479410,b34742848,2.2681527137756348
u48242450,b79124168,3.847236156463623
u08464982,b17820095,3.5437393188476562
u92168005,b71472247,3.798229694366455
u39735183,b36724483,3.937891960144043
u33345425,b21557753,4.051933288574219
u86909855,b60848425,3.6478443145751953
u10427131,b21733131,3.6527490615844727
u43547543,b77049201,3.467707872390747
u80217579,b92460150,2.447903633117676
u36507913,b15869276,3.9478931427001953
u32631785,b72005521,4.293542861938477
u61961435,b15268547,4.614812850952148
u83580686,b22475341,3.977055788040161
u30247228,b97177380,3.748077869415283
u41119039,b88947899,4.32144832611084
u21555884,b34681163,4.034960746765137
u48264563,b99145398,3.4179701805114746
u27781118,b98844131,3.8276901245117188
u68731367,b65626007,3.687811851501465
u32091922,b04739421,2.2543537616729736
u44675264,b40598851,3.911952495574951
u62238693,b64523850,3.6711525917053223
u59068150,b52485134,3.8623764514923096
u46389571,b86376623,3.3198485374450684
u93986318,b71450314,3.5052061080932617
u63872610,b76864243,3.460329055786133
u86409638,b60508787,3.17716121673584
u76380974,b92536464,3.493563652038574
u63549776,b95816463,3.68001389503479
u85444164,b53545849,3.294567346572876
u44649985,b71904117,3.7596452236175537
u92278115,b61454811,3.314234495162964
u22830013,b96621963,4.281201362609863
u55497016,b87439329,3.858757972717285
u59710887,b96714327,3.2511472702026367
u61464415,b47935301,3.588198661804199
u60770648,b14071276,2.9510421752929688
u56542859,b76982320,3.2197418212890625
u56546075,b26385014,3.6422853469848633
u75167549,b43695301,3.4934611320495605
u44593593,b74821603,3.9588842391967773
u86409638,b75798712,3.6107728481292725
u66084034,b61743606,2.6647369861602783
u17547243,b75438842,3.5131824016571045
u93235322,b62424088,4.262759208679199
u54647336,b43159696,3.667762041091919
u18122576,b53423202,4.0882415771484375
u42244645,b42749067,4.037513732910156
u18256938,b88333392,3.5820932388305664
u67104672,b17939631,3.558544635772705
u51641688,b84770627,4.356714248657227
u38943505,b57528832,4.003252029418945
u96905697,b64507769,3.5679893493652344
u81778004,b59304782,4.004637718200684
u69351677,b63603925,3.4542102813720703
u77484237,b01571761,2.770885944366455
u30224193,b70855644,3.498507499694824
u37236630,b13298774,3.200425624847412
u95042890,b82853645,3.1605358123779297
u06461443,b00629748,3.2591559886932373
u11159744,b72860992,3.6521129608154297
u00984674,b78457511,4.16549825668335
u81534409,b51068688,3.685192346572876
u59726619,b74303154,3.7816314697265625
u75525527,b01714936,4.384789943695068
u96959819,b52842739,3.8528666496276855
u46692287,b02751647,3.8064684867858887
u09479839,b19830299,3.4646339416503906
u89558878,b93745301,3.9897866249084473
u97390297,b10136233,3.6746304035186768
u71890522,b79816155,2.911484479904175
u58492729,b52217488,4.6306023597717285
u45545047,b11292572,3.7872488498687744
u27484565,b54842512,4.435047626495361
u99086278,b23760358,4.205199718475342
u09988113,b42977080,3.1649436950683594
u39974341,b35526856,3.6672935485839844
u78959848,b82237545,2.407538890838623
u48361482,b79253970,4.251540184020996
u14191803,b05154189,3.1654975414276123
u75686882,b48177176,3.9003477096557617
u89310958,b91561409,3.021148443222046
u31875123,b11425731,3.8769288063049316
u62748577,b03946791,3.984409809112549
u97245355,b19650844,1.935394287109375
u43129256,b30188578,4.1110100746154785
u94780617,b03946791,3.886385679244995
u42107152,b03047230,3.6078426837921143
u08701811,b78275112,4.38123893737793
u73375415,b75622933,3.432497501373291
u09343094,b54791634,3.185117244720459
u22624609,b50443121,2.0738065242767334
u91984244,b90764043,2.7672252655029297
u30901325,b12920844,4.244037628173828
u29694361,b68095955,4.088559150695801
u66973658,b18939723,3.759890079498291
u34069686,b60875236,3.6487512588500977
u57328641,b52428602,3.887533187866211
u09868115,b45033558,4.099538803100586
u99156920,b80070869,3.5110597610473633
u55403460,b90695144,1.0
u19634496,b49553867,4.213061332702637
u12316433,b73703618,3.9583349227905273
u38368721,b63647498,2.5272016525268555
u72025819,b60484296,4.122577667236328
u30879161,b21674268,4.2901787757873535
u51733361,b08878060,3.015084743499756
u93063253,b47581912,3.976911783218384
u42689137,b70912031,3.903805732727051
u66776120,b33989802,4.219941139221191
u19102514,b98115511,2.8236289024353027
u38310234,b83048635,4.212250709533691
u12181648,b10791681,2.8168044090270996
u30897587,b35526856,4.02741813659668
u16968302,b91102051,3.408094644546509
u59624397,b96097640,3.8612775802612305
u94352118,b07378867,3.460923194885254
u19585970,b47027276,3.429611921310425
u77344036,b04374540,3.9091551303863525
u01758089,b15268547,2.8483777046203613
u17395820,b33558185,4.31351375579834
u13597624,b21546847,4.134645462036133
u26036246,b90593106,3.319244384765625
u73585105,b51735088,4.010531902313232
u96713758,b36265270,3.671652317047119
u72232716,b56816784,3.6847996711730957
u97991951,b97743780,2.5794460773468018
u47152202,b47800807,2.576986312866211
u12483090,b21231766,3.2412657737731934
u38368721,b41296906,2.5095479488372803
u72021817,b20147450,3.5496678352355957
u78683939,b87762893,3.312934160232544
u25074593,b61372131,3.6435110569000244
u20590450,b19867465,3.8116376399993896
u84194413,b82853645,4.39386510848999
u26129499,b13298774,3.523085117340088
u28554293,b71271368,4.227195739746094
u27801126,b13254837,2.639596462249756
u45458094,b78430581,3.078207015991211
u77331858,b90421686,4.467432022094727
u45012382,b50869133,3.007265090942383
u41551166,b33243384,2.806166172027588
u11177202,b93745301,4.649748802185059
u33686107,b69594380,3.650247573852539
u40507714,b77813452,2.593317985534668
u70931592,b39916665,4.6128644943237305
u97888089,b03946791,4.486636638641357
u19228047,b17943549,3.376044273376465
u78424225,b90653923,2.686809539794922
u20023620,b39837030,4.262727737426758
u21610895,b59428284,3.9783756732940674
u32266880,b79928088,4.431330680847168
u52234710,b62349347,4.1730523109436035
u17648214,b20500557,3.9113450050354004
u82243049,b40598851,3.875857353210449
u06660085,b98335764,4.6428117752075195
u05809252,b86376623,4.549241542816162
u70968838,b21398815,2.4197146892547607
u24626448,b60423608,3.102447032928467
u98933574,b07383339,2.4166088104248047
u40666763,b31362596,3.5848441123962402
u72173357,b29576446,4.0729265213012695
u14954666,b51334378,4.25186014175415
u53278923,b17203966,4.025357246398926
u66124992,b29802159,4.721566200256348
u17465935,b07948310,4.054756164550781
u39657659,b61391034,5.0
u85382877,b42349213,4.319072246551514
u68350933,b69294942,4.777766227722168
u23896410,b07812624,4.618525505065918
u77590621,b15869276,4.077697277069092
u18126056,b74929101,3.770031452178955
u93143852,b61743606,3.9699339866638184
u04727732,b42920311,4.546482086181641
u37661087,b14304119,4.089165687561035
u05711461,b34740941,3.453407049179077
u09324412,b61694785,3.8550076484680176
u32266495,b00722811,2.9610393047332764
u37592896,b62292824,4.3610711097717285
u85466643,b75275963,2.9514973163604736
u92122903,b04222499,4.483063220977783
u32751728,b26924525,4.648067951202393
u21214511,b94889574,3.7602548599243164
u31026561,b82785620,4.061850547790527
u88291196,b38532418,4.824671745300293
u80834355,b06327905,4.156729221343994
u63143657,b80959413,4.293459892272949
u34227820,b39837030,4.044371604919434
u30529070,b07278059,3.6911697387695312
u24422920,b40980078,3.0457653999328613
u66970209,b63829192,4.046384811401367
u39345457,b65629315,4.873611927032471
u36475611,b75852622,4.120138168334961
u24791027,b74234897,3.636143684387207
u45523932,b27179218,4.002829074859619
u24320745,b84770798,3.573026418685913
u09404862,b18265073,3.512279510498047
u46433019,b74442841,3.9490883350372314
u01257267,b56105038,4.072119235992432
u56127064,b23029053,4.01455020904541
u60740077,b79928088,4.610886573791504
u53564523,b00595420,3.73355770111084
u55830121,b82148195,4.030136585235596
u56992143,b58323108,2.862100839614868
u24087748,b10847759,3.209958791732788
u30521914,b83072744,4.144667148590088
u73559061,b40598851,2.136260986328125
u06037009,b74915270,3.1229500770568848
u07857830,b88487078,4.639639854431152
u87898897,b11338586,3.6764063835144043
u49011838,b44711938,4.22981595993042
u95124463,b05231805,3.9670724868774414
u69788525,b91712126,3.712660789489746
u63798214,b26940296,3.4458651542663574
u48000516,b89040055,3.0348048210144043
u66310181,b71734908,3.00380539894104
u96610731,b98807667,2.9684531688690186
u04440988,b34681163,4.098180294036865
u67391336,b29738200,3.817908763885498
u05745575,b66908318,4.551703453063965
u88463198,b64242065,3.503641128540039
u82250922,b09589765,2.9038469791412354
u34114582,b11721138,3.4674787521362305
u46370918,b82757661,3.808253288269043
u51945387,b93241768,3.7839770317077637
u57013229,b62290283,3.413667678833008
u74094404,b32439426,4.2906012535095215
u78155381,b56806391,2.5347790718078613
u29042194,b19483433,4.4541192054748535
u71095681,b13517988,3.383793830871582
u11355295,b17347267,4.580801010131836
u42532766,b52499583,4.07518196105957
u24728320,b82853645,3.866424560546875
u76768886,b87709656,3.0519402027130127
u46299117,b36359900,4.3483500480651855
u87925281,b50869133,2.969876766204834
u69351677,b18705025,3.4432175159454346
u52202738,b62470547,4.082026481628418
u13130392,b39398529,3.419424533843994
u60559881,b89024434,3.9762234687805176
u54218466,b29738200,3.027059316635132
u77254426,b39903678,3.8132147789001465
u48671660,b45072298,3.8953170776367188
u98668723,b30155139,3.1285765171051025
u61823996,b14888446,2.6929383277893066
u95899701,b92260212,3.886260986328125
u81233460,b67584295,3.328793525695801
u55329943,b36231626,3.1664276123046875
u08925078,b08349503,4.234506607055664
u89089165,b42786622,4.059391975402832
u44862282,b10299423,3.250469923019409
u62742755,b24276994,4.252364635467529
u74436132,b21546847,4.053440093994141
u92182338,b66908318,4.927065849304199
u46790228,b24915312,3.3703300952911377
u23518370,b88555976,2.805881977081299
u57765111,b79619792,4.404815673828125
u66916471,b31808792,3.305553913116455
u87590888,b78180005,3.8509998321533203
u88516444,b22242111,4.0524983406066895
u69228753,b38422937,4.28835391998291
u16778523,b33298668,4.45602560043335
u92916958,b86788370,5.0
u91532662,b08349503,3.7912187576293945
u78910637,b83439687,4.185001850128174
u21666831,b37068431,3.705993890762329
u48058140,b68986624,3.8433656692504883
u60675077,b23555475,3.8381705284118652
u95015481,b61372131,2.836418628692627
u26280113,b15460735,4.038282871246338
u23764965,b31365966,3.242480754852295
u29240765,b26385014,3.6897687911987305
u64259780,b20114940,4.476296901702881
u17055473,b64644552,3.539496421813965
u97610179,b38447018,3.954434871673584
u06855324,b24365008,3.719088554382324
u79080026,b88740280,2.928720235824585
u83790986,b38730188,4.16818904876709
u69283655,b81292094,3.9697208404541016
u64610245,b20790379,3.6745901107788086
u46567769,b70912031,4.127174377441406
u42383074,b02688310,2.9609947204589844
u65962023,b92040053,3.020158529281616
u08473988,b40151793,4.364262580871582
u81217657,b43173083,3.8454720973968506
u91562378,b79124168,3.199272394180298
u48879906,b80625075,3.5173754692077637
u41082713,b55703166,2.9339776039123535
u26980276,b21546847,4.06203556060791
u54148553,b21633717,3.1318116188049316
u40290162,b86788370,4.72473669052124
u92042806,b09979253,3.7236485481262207
u62712517,b59845564,3.1837024688720703
u12535744,b44944170,4.180049419403076
u14788793,b70413228,3.654365062713623
u22210390,b76473315,3.365537643432617
u59119929,b79662329,2.8740363121032715
u57175916,b75219215,4.612402439117432
u89222098,b46584434,2.9253149032592773
u71246645,b90052069,2.382657527923584
u80679910,b65222341,4.077802658081055
u78542024,b77597364,2.846832752227783
u83363542,b18530260,2.897670269012451
u54901031,b60484296,3.6924426555633545
u60854291,b20478240,3.921069622039795
u68350605,b34681163,4.078625679016113
u17581034,b80854971,3.3571271896362305
u54850787,b55111127,3.2155463695526123
u50067861,b08157430,3.003770351409912
u49249126,b61372131,3.033034563064575
u11701219,b59721679,3.8505327701568604
u37560065,b79357715,3.192072629928589
u97338470,b51986055,3.687257766723633
u83190357,b93997659,4.920561790466309
u58230644,b71102516,3.546175956726074
u09532974,b10399391,3.865985870361328
u97498909,b52736396,3.8380751609802246
u40556620,b66132701,4.644643306732178
u16548533,b93745301,4.200445652008057
u55137080,b75782829,3.733455181121826
u33057319,b23760358,3.893376350402832
u54672927,b18469261,3.2807183265686035
u29678487,b57862088,4.813426971435547
u31855195,b78275112,4.223467826843262
u34915234,b82148195,3.846951484680176
u54500750,b29013369,2.3260304927825928
u75095246,b16993699,2.963623523712158
u75670678,b47771185,3.292515277862549
u34059845,b92338731,4.168830871582031
u11589829,b72813907,4.876345634460449
u61920359,b20144597,3.165071725845337
u62004707,b82682340,4.053086280822754
u03795661,b00525842,4.4402971267700195
u57878897,b41399471,3.8602406978607178
u47509604,b58654737,3.3463082313537598
u11067390,b72374633,3.744145631790161
u32261600,b82679092,3.326331853866577
u00418891,b19650844,2.764188766479492
u17089395,b99014060,3.8495450019836426
u11318860,b61005749,3.9880361557006836
u22486540,b72005521,3.55482816696167
u48797879,b84502187,3.0151588916778564
u41716143,b83048635,3.8863463401794434
u57197131,b36231626,3.3695337772369385
u77673592,b21674268,3.94352388381958
u26457293,b66416013,3.6986467838287354
u26800877,b41198847,3.7355165481567383
u90267670,b31687952,4.360098838806152
u89760080,b34755064,4.119713306427002
u94623324,b57937614,3.5245583057403564
u72849820,b50275880,3.5420656204223633
u66230908,b61292047,3.557110548019409
u21127799,b14851058,4.368196964263916
u36063847,b25044151,2.9184141159057617
u42094279,b22338654,2.108100414276123
u47119256,b73029799,4.585579872131348
u32388572,b33470089,3.9891836643218994
u22497171,b25745524,3.315126657485962
u77076759,b50852802,3.3363609313964844
u76493356,b14304119,3.965850830078125
u22425167,b59192498,3.713923454284668
u66765469,b94080022,4.232021331787109
u86620632,b82972083,4.169594764709473
u85173080,b08349503,2.86706280708313
u50345207,b07812624,4.5326409339904785
u14664592,b58888536,2.7240867614746094
u00991293,b62718965,3.570669174194336
u60138529,b37364308,3.8045692443847656
u81773614,b03047230,3.463437795639038
u37927435,b27702770,4.7385969161987305
u35762606,b50453414,4.578131198883057
u59889044,b46271044,4.151845932006836
u26810226,b05280403,3.8447623252868652
u90360554,b87103879,3.8254623413085938
u89209455,b59126161,3.8335018157958984
u21542808,b59940707,4.428605556488037
u25465474,b75880737,3.803499698638916
u80733525,b26354292,3.4908230304718018
u46949741,b07831192,3.710732936859131
u65490394,b13363712,3.962034225463867
u73715121,b50602125,4.143880367279053
u69815652,b18469261,4.895367622375488
u05075929,b55690375,3.4094719886779785
u58181013,b29738200,3.9075303077697754
u34966368,b67550881,3.309915542602539
u61307887,b36795461,3.2132537364959717
u45249311,b76040943,3.6414318084716797
u61259480,b49553867,3.3463566303253174
u33354487,b86769740,4.3986687660217285
u81494053,b09589765,3.711826801300049
u58055060,b50070819,3.83035945892334
u41236627,b98844131,4.415632247924805
u54908511,b25797574,4.798299789428711
u39140454,b51735088,4.70452880859375
u80588494,b14304119,3.8417906761169434
u50362000,b87589166,3.6367831230163574
u71442538,b56105038,3.6972622871398926
u32307367,b75852622,3.794858932495117
u42767664,b91712126,3.7471189498901367
u78142980,b05971350,3.7797915935516357
u04437764,b13222925,3.7024264335632324
u55497766,b68965152,3.382207155227661
u49952837,b83439687,4.407867908477783
u16284687,b56879260,3.5673694610595703
u78424225,b05947771,2.8364083766937256
u33896824,b64898087,4.1390275955200195
u16744075,b79253970,4.378682613372803
u58257032,b22475341,4.026721000671387
u64442900,b91712126,4.101398944854736
u43970657,b18363826,3.0184991359710693
u50277417,b06403266,3.47763729095459
u53831622,b23369233,3.359400510787964
u45528840,b41790290,2.9979755878448486
u72950619,b52217488,4.365906715393066
u02742084,b00278122,4.181204795837402
u06010884,b11179371,3.6796979904174805
u38710387,b42903412,3.7041850090026855
u39657659,b35051646,4.685030460357666
u21522382,b37807365,4.420005798339844
u29084780,b93745301,4.674386978149414
u37010365,b78431760,2.387655019760132
u53013867,b87889648,3.9265832901000977
u70712835,b21674268,4.091999530792236
u53228885,b42749067,3.9782216548919678
u60787699,b83075214,3.3594799041748047
u55399587,b10078983,3.716215133666992
u61898999,b52580354,3.56015682220459
u45306830,b61372131,3.825685501098633
u89999370,b70595061,3.3393025398254395
u69727992,b34058133,3.7109222412109375
u89144204,b79242317,3.1911656856536865
u13184825,b56702712,3.479776620864868
u26573287,b02582153,3.492260456085205
u10476887,b73287273,4.0771989822387695
u33364550,b52580354,3.9532198905944824
u11679033,b99073543,3.911740303039551
u31386688,b84395187,3.6545722484588623
u96387203,b38399229,3.1654443740844727
u94462479,b41790290,3.92587947845459
u92776443,b43696887,2.646430492401123
u82553810,b73525767,3.9336233139038086
u82053704,b05231805,3.79364013671875
u74958607,b69989437,4.33429479598999
u78595221,b48368739,2.9983127117156982
u53580619,b27787131,4.372200012207031
u48945450,b07378867,4.5342631340026855
u98915213,b05501378,4.332162380218506
u73010249,b00793888,4.99364709854126
u54133671,b33846906,3.686573028564453
u72382987,b20071798,3.255977153778076
u21302344,b88487078,3.679105281829834
u19758941,b99713185,4.164433479309082
u30069721,b04525911,3.055490732192993
u95088004,b71904117,2.7366809844970703
u30162627,b05882139,3.9899778366088867
u92918906,b78180005,3.7466366291046143
u87493816,b72304066,4.076159954071045
u49934932,b14013622,3.025141716003418
u54582784,b82853645,4.548332214355469
u19585150,b89324149,3.4614272117614746
u64050451,b21546847,2.667829990386963
u09253824,b02880533,3.913724422454834
u68538088,b78275112,4.069217681884766
u20143691,b66664015,3.28826642036438
u07018979,b76829808,3.781177043914795
u85174026,b17718695,3.2926759719848633
u07681751,b09123950,3.5560264587402344
u17949515,b20146989,3.1237616539001465
u99399877,b88309525,4.520786762237549
u45508257,b50109733,3.026766300201416
u43905074,b57603464,3.7705366611480713
u81189931,b39501581,3.804985523223877
u64167461,b58888536,3.2960081100463867
u64877041,b18056133,2.9761433601379395
u11911630,b51485694,4.697089195251465
u11000617,b52648851,4.485482215881348
u31913916,b71904117,3.6792430877685547
u25671544,b13222925,3.3715662956237793
u31255402,b16024414,3.9565510749816895
u01897010,b64124445,4.064866542816162
u25924685,b34466452,3.265289306640625
u06069493,b20664798,3.875108003616333
u19359999,b00524153,4.158665180206299
u32631785,b46345177,4.714245319366455
u16173129,b10377853,1.4851964712142944
u27524637,b88071350,3.6885266304016113
u81582119,b23029053,3.649171829223633
u39246299,b20344104,2.837156295776367
u19615755,b74821603,3.326815605163574
u81707720,b21674268,4.103888511657715
u07740439,b38130227,3.9459099769592285
u04989210,b91885011,3.4555625915527344
u58689829,b70930132,2.982135057449341
u18965951,b61863874,4.202949047088623
u99446749,b79640364,2.9481074810028076
u14288259,b11580764,4.257037162780762
u35493745,b88172809,4.212114334106445
u31040573,b66664015,3.8460636138916016
u82378694,b33935257,3.157254934310913
u90972153,b64609180,3.7549781799316406
u38627902,b87439329,4.032252311706543
u53370719,b50733255,4.223046779632568
u74874457,b12691802,3.7106575965881348
u81527276,b38757143,3.3153889179229736
u06712700,b60050919,3.239201784133911
u20400439,b85062953,3.112469434738159
u12636566,b59349150,4.014671325683594
u65410337,b59978152,3.911160945892334
u83216529,b24886026,2.6738662719726562
u08371493,b52929604,4.914780139923096
u41790502,b15869276,4.45440673828125
u48407755,b06167371,2.968963623046875
u85753748,b48339814,4.474522113800049
u83431794,b81651581,3.8564255237579346
u31234363,b73645629,4.115015983581543
u91061432,b26385014,4.016029357910156
u49141436,b86953452,4.026993751525879
u67999292,b01899333,3.604738473892212
u58696411,b86376623,4.528497695922852
u03226560,b82148195,4.262650489807129
u03416441,b90798631,4.753773212432861
u17096154,b78051968,3.1317873001098633
u62914842,b65119844,3.5256149768829346
u12673409,b01714936,4.280755519866943
u41668604,b54791634,4.640296459197998
u91557880,b55916323,3.6906213760375977
u66158072,b98545244,3.773597002029419
u84620000,b98115511,2.1381473541259766
u72381570,b08349503,3.6818313598632812
u99156633,b29452634,1.1821521520614624
u37130143,b72863745,3.737297773361206
u23135518,b87060879,3.2606093883514404
u31055737,b36297650,3.479762315750122
u72558244,b26385014,4.118447303771973
u84569363,b86603263,3.930694341659546
u04152588,b21557753,4.6226396560668945
u41126463,b34524650,3.749396324157715
u95392126,b82148195,4.171660423278809
u78226466,b56180380,3.96120548248291
u42815318,b08330741,3.88112211227417
u29288375,b41653159,4.400318145751953
u94448754,b59164750,3.3026764392852783
u83715524,b85604407,3.5333824157714844
u06086244,b56105038,3.390981435775757
u57715603,b52736396,3.7839818000793457
u41162010,b89436866,4.055657386779785
u18724075,b03946791,3.2308120727539062
u45344999,b77424871,3.593228816986084
u79800469,b28801125,3.359447717666626
u55910085,b86254243,3.716984272003174
u31739094,b78457511,3.3547797203063965
u10328501,b79253970,3.6976962089538574
u56553394,b28519607,3.893707513809204
u70338038,b03671144,3.3823094367980957
u93948750,b83124878,3.3263139724731445
u14051815,b60500282,4.15165901184082
u60655685,b90171057,4.574565410614014
u82989804,b88562055,4.363961696624756
u71517793,b13716034,3.644272804260254
u36091350,b99620979,3.510334014892578
u27372536,b79253970,3.2581872940063477
u22159048,b23760358,3.6686363220214844
u56837488,b90140067,3.1792664527893066
u13208248,b69110543,4.51024055480957
u64732233,b44446074,3.2619712352752686
u49096741,b26385014,2.9165384769439697
u78267337,b86132526,4.397387981414795
u75613037,b56373143,3.5778121948242188
u39398766,b47303902,3.7343220710754395
u62029571,b78457511,3.3842411041259766
u40810966,b39088089,4.603174209594727
u85882320,b39903678,2.2861247062683105
u25115908,b35620613,4.281953811645508
u42718165,b59818681,4.307218551635742
u09797879,b93063377,3.9190855026245117
u66224403,b26385014,4.090532302856445
u94961517,b83439687,4.1312947273254395
u34133691,b49553867,3.359621047973633
u56697825,b70930132,3.981381893157959
u82053704,b37363405,3.620274066925049
u03165092,b80754115,3.8756513595581055
u82364770,b39941601,4.8754143714904785
u87590888,b05334612,3.955120325088501
u00916262,b18562445,3.2749319076538086
u84131087,b36465673,3.1527936458587646
u27313054,b15682357,2.7953238487243652
u28888777,b39664275,4.510746002197266
u48691555,b31988440,3.7113428115844727
u99990398,b38122928,1.6727840900421143
u15115958,b79346993,3.1710243225097656
u42515360,b94502424,4.296402931213379
u15055677,b00278122,3.8118534088134766
u36879881,b77049201,2.0583322048187256
u64196499,b95822040,3.3000917434692383
u16237216,b33091876,4.0715484619140625
u76432767,b31362596,4.535358428955078
u78494608,b82853645,4.101204872131348
u62277016,b34261873,3.4895377159118652
u32494501,b34532932,2.9025330543518066
u02604337,b87439329,4.070281982421875
u05728439,b01232926,3.5622291564941406
u59543272,b43916544,3.6307730674743652
u66224403,b58973293,3.705544948577881
u06824572,b81940295,3.666552782058716
u15756535,b31687952,3.876162052154541
u07726744,b57704283,3.6668548583984375
u26917898,b76470121,2.663735866546631
u82625048,b02149667,4.538424968719482
u24668625,b56123208,3.2426750659942627
u98085412,b36766414,3.5243208408355713
u23469890,b38730188,3.5409064292907715
u96992187,b79928088,4.807580947875977
u98096380,b82203807,4.0438995361328125
u26593326,b26354292,3.3492977619171143
u43797989,b39989034,3.2469255924224854
u64628004,b59061395,3.838438034057617
u47921826,b26246971,3.6739654541015625
u58790954,b31753921,3.451195240020752
u29680242,b58973293,3.7273192405700684
u34291703,b89948845,3.2722058296203613
u90134552,b09419504,3.599337577819824
u08937921,b29738200,4.18414306640625
u46157622,b78288340,3.085141181945801
u98556977,b18378777,2.9756696224212646
u10844607,b85915926,3.839324474334717
u12011468,b56105038,3.7082901000976562
u32402065,b42749067,3.915591239929199
u89576286,b86785429,3.733058452606201
u60247303,b07019352,3.6314592361450195
u68841179,b05231805,3.8265910148620605
u59145160,b90724246,3.5437440872192383
u19471149,b58826806,3.8486838340759277
u58790954,b12547338,3.145900011062622
u39066421,b77299092,3.901313304901123
u03053566,b54689104,4.598353862762451
u63202713,b81471826,3.0873847007751465
u51818370,b83291643,2.8080191612243652
u82183048,b73997973,3.892829179763794
u96326219,b23760358,3.812188148498535
u42508506,b81787983,3.102931022644043
u83318922,b12024531,4.578702449798584
u44233952,b21557753,4.016811370849609
u17070365,b29802159,3.87784481048584
u93250683,b52736396,4.035069942474365
u43447351,b09049778,4.163078784942627
u36063585,b22242111,4.431964874267578
u93469766,b71760156,1.0
u62654307,b78275112,3.871720552444458
u55684307,b67030393,4.278321266174316
u65803128,b48718276,3.791518211364746
u11485723,b56879260,4.3201189041137695
u47958749,b31024771,2.5209710597991943
u60311801,b15764467,4.2547173500061035
u39095779,b29451564,3.8718981742858887
u74380153,b82711202,3.684479236602783
u13948831,b68453196,2.721914768218994
u02238161,b51986055,3.3744122982025146
u38810874,b24365008,4.085096836090088
u18097935,b35789402,3.3886377811431885
u80983190,b48177176,3.534914970397949
u63709159,b29576446,3.7209153175354004
u14325894,b91130757,4.080681324005127
u39241443,b37068431,4.635185718536377
u98248980,b79815294,2.9842004776000977
u50696116,b93745301,4.067527770996094
u52920643,b70912031,3.3713536262512207
u20656909,b32538072,4.164847373962402
u21542808,b93745301,4.651811122894287
u49992366,b00278122,3.331052780151367
u35103187,b17367693,3.482335329055786
u84196085,b39837030,4.069354057312012
u82356844,b69071335,3.8945093154907227
u59859036,b27353119,3.5129799842834473
u91577358,b58947933,3.534409284591675
u95567194,b19867465,3.921647310256958
u99607968,b13061166,4.304304599761963
u84412390,b20547561,3.986201524734497
u03397610,b64813643,3.5463929176330566
u59543272,b04669122,3.815877914428711
u36794150,b93790862,2.42972993850708
u05569797,b87439329,3.9923157691955566
u38854826,b47831110,4.375888824462891
u89393971,b09223715,3.304513931274414
u63828406,b75100696,3.8611810207366943
u90042564,b93997659,4.973984718322754
u30625099,b46899348,3.0492546558380127
u35865134,b54620720,3.3331143856048584
u49067634,b28981063,4.118279933929443
u87751667,b82148195,4.308740615844727
u43875065,b28190473,3.7068707942962646
u09876839,b74821603,3.8448901176452637
u04360025,b71794852,4.254943370819092
u88456257,b79098002,3.134871244430542
u55453694,b78275112,3.973909854888916
u50049998,b00810060,2.525251865386963
u61688550,b52736396,4.059141159057617
u90233076,b93055140,4.30140495300293
u30367227,b00943731,3.945685863494873
u72470133,b37657413,3.8692526817321777
u98659929,b27702770,4.584972858428955
u03774806,b26385014,3.384537696838379
u35124651,b92037806,3.6890487670898438
u62768982,b95822040,4.344461441040039
u40442292,b25808746,3.3647985458374023
u82082719,b08545824,3.917318344116211
u92446519,b94385137,3.665475368499756
u42464333,b54645733,4.145463943481445
u95838678,b06439034,2.8846096992492676
u95539341,b95835140,3.6005446910858154
u10650087,b39448964,3.530500888824463
u15435225,b67584295,4.226559638977051
u40215179,b14081542,4.274868965148926
u95037980,b44387119,3.9774980545043945
u99197226,b15103442,4.22216796875
u16673941,b14848528,3.5623152256011963
u96163672,b79928088,4.679641246795654
u33115808,b36754274,3.415895462036133
u37838018,b70595061,4.214194297790527
u38003445,b93745301,4.4151153564453125
u39736880,b60823162,4.406888961791992
u43951342,b42348056,3.332746744155884
u64905276,b78275112,4.65810489654541
u05871517,b36130502,3.7844009399414062
u94897441,b19830299,4.385599136352539
u59157206,b12869668,3.729311943054199
u72346908,b44711938,4.267894744873047
u48803677,b89024434,4.0223798751831055
u33355397,b44628555,4.099321365356445
u38194183,b39081955,2.726572036743164
u65299580,b48912209,3.2130191326141357
u90499750,b39238354,2.6229476928710938
u80209244,b08349503,3.7940614223480225
u11276499,b27975191,2.7217764854431152
u28748704,b81894885,4.215154647827148
u14901580,b12526023,4.594858169555664
u15312867,b48132407,4.490692138671875
u57263661,b03458965,1.882068157196045
u36720655,b13929033,4.262434959411621
u79294617,b70912031,4.040127754211426
u16326249,b55847701,3.5966992378234863
u17377815,b36265270,4.069247245788574
u90396527,b08004121,3.083890199661255
u11722319,b65629315,3.813229560852051
u65587438,b18610759,4.291395664215088
u86123074,b59304782,3.3665611743927
u81363858,b57937614,4.091580867767334
u89393971,b42347987,3.218902826309204
u02784453,b03579093,4.049764633178711
u34413174,b40128170,4.253720283508301
u05579580,b37365052,3.0582165718078613
u89516071,b87484177,3.2421045303344727
u98045186,b01308420,3.580942153930664
u09546067,b44108993,3.4037275314331055
u66043780,b91747034,3.9299864768981934
u47727805,b51744141,2.9967246055603027
u92720202,b72782535,4.262711524963379
u25022734,b85845409,4.068883895874023
u80285471,b11284653,4.072770595550537
u24547087,b83439687,3.6137149333953857
u64490675,b16365742,3.884705066680908
u92131415,b19867465,4.7077813148498535
u80931186,b56879260,3.5906291007995605
u58883116,b65667329,4.255924701690674
u08437010,b18334270,4.179853439331055
u48380934,b28293389,3.445079803466797
u17849884,b86376623,4.128715515136719
u30391997,b14338293,4.965155601501465
u20961224,b57266227,3.081265449523926
u33992789,b12151882,4.805278778076172
u17202002,b42977080,3.0008091926574707
u38225553,b68857887,3.442622661590576
u19359999,b60373143,3.745844841003418
u94502728,b28801125,2.811929702758789
u04140938,b31362596,4.175043106079102
u95309858,b80754115,2.7213408946990967
u80622283,b29802159,3.9085206985473633
u95713253,b46006537,3.9023027420043945
u02389632,b07812624,4.299623489379883
u24793598,b46139942,4.242656707763672
u44844841,b93745301,3.7904956340789795
u11796591,b32751556,4.396339416503906
u62060679,b39837030,4.444732666015625
u37492872,b79928088,4.163137435913086
u34146883,b21674268,4.204580307006836
u68478630,b19953221,3.572718620300293
u24185650,b40598851,4.2547149658203125
u03077867,b77297900,3.572294235229492
u21194357,b07812624,4.059544563293457
u52977248,b12526023,4.610950946807861
u26848443,b67550881,2.5293502807617188
u31908462,b05994307,3.5208418369293213
u80499613,b09049778,4.024478912353516
u27562698,b44944170,3.4388318061828613
u62225242,b83750707,3.892793893814087
u93530281,b46139942,3.855099678039551
u84050864,b88754191,3.0046143531799316
u44660670,b59443639,4.083523273468018
u30935540,b41399471,3.596458673477173
u90954930,b70342723,4.186572551727295
u45714370,b93997659,4.787318706512451
u44207648,b71271368,4.265073776245117
u52961952,b14304119,4.48084831237793
u19315074,b05124623,4.499077796936035
u52661735,b00278122,3.7731542587280273
u34282775,b74821603,3.2489328384399414
u21121975,b95822040,3.894479513168335
u25908260,b10924257,3.889723300933838
u65478251,b83935517,3.3357741832733154
u20542404,b82758799,2.888606548309326
u47041745,b13117093,3.785465717315674
u18223751,b29802159,3.9384241104125977
u18241962,b48697286,3.4528167247772217
u55441960,b14013622,3.606959581375122
u99924548,b57106359,2.604093313217163
u63715958,b83328677,4.142880439758301
u73121434,b05231805,4.297550678253174
u22008538,b76473315,4.131336688995361
u30463426,b27159885,2.872103452682495
u55724076,b11234289,3.774142265319824
u21827949,b10369117,3.9809279441833496
u65692978,b03946791,4.368618965148926
u41060760,b86889066,3.4184350967407227
u09197006,b05376454,3.5871810913085938
u24283348,b52842739,3.809347629547119
u05527046,b69294942,3.6685757637023926
u25653997,b78275112,4.559879302978516
u12323854,b41640679,3.2895381450653076
u97476788,b55420143,3.6805248260498047
u95312005,b76040943,4.163175582885742
u10805172,b66550129,2.8428802490234375
u71615669,b72304066,3.3632328510284424
u69004417,b04493056,2.441960334777832
u55203176,b60324633,3.262443780899048
u48048612,b66261719,3.3015518188476562
u20304768,b56482176,4.167081832885742
u34247346,b92166225,3.3492090702056885
u85899585,b15682357,3.5356807708740234
u58903794,b50384790,4.0074872970581055
u39235740,b95822040,3.8890531063079834
u34642130,b78180005,3.829415798187256
u85226199,b04763192,3.17476749420166
u69709377,b74821603,3.892873764038086
u06244890,b67584295,4.897576332092285
u99399877,b41804017,4.0467939376831055
u34770741,b90796075,2.6114389896392822
u62073093,b59383347,3.6267991065979004
u94010999,b93475213,3.452930450439453
u36067539,b61863874,2.9008545875549316
u27765737,b51612619,4.4840264320373535
u15867767,b05231805,3.4567508697509766
u55653027,b69989437,3.537144422531128
u64626460,b59032154,3.0829806327819824
u35888656,b29738200,4.87961483001709
u40568292,b30090936,3.595684051513672
u18679354,b97887852,3.775331974029541
u58382963,b67956548,3.9567227363586426
u01129953,b74189476,3.6572561264038086
u15291116,b75612001,3.8559818267822266
u81392517,b61743606,3.5991322994232178
u83323525,b86769740,4.313070774078369
u48660295,b12526023,3.5432827472686768
u40152352,b26540924,3.3119707107543945
u82630635,b32970789,3.1506192684173584
u80058206,b80053887,2.935328483581543
u91038580,b82195188,3.8094322681427
u92238010,b09419504,4.539836883544922
u10384047,b66416013,3.4914188385009766
u00861719,b05231805,3.982175350189209
u58689829,b94825634,3.2894392013549805
u95711768,b28801125,3.7493696212768555
u87937867,b83328677,4.368270397186279
u34871763,b41508817,3.682326316833496
u99493936,b68456479,3.585071086883545
u59119929,b47152281,3.615488290786743
u83651058,b51332181,4.3479413986206055
u40026320,b42125449,4.0203351974487305
u85597133,b12526023,4.481602668762207
u65236118,b55504448,4.046065330505371
u95657157,b89863217,3.58779239654541
u68661119,b00653768,3.7609925270080566
u77437293,b22050161,3.6945810317993164
u01012215,b52503900,3.791499614715576
u48368145,b35765595,4.357807159423828
u60161125,b18610759,3.708806276321411
u74364850,b93241768,4.385913848876953
u29333120,b01792617,3.5374810695648193
u12859038,b89786084,2.796759605407715
u28722937,b33110278,3.860076665878296
u52584486,b75901207,3.3581788539886475
u56192129,b68297715,4.0981550216674805
u96968119,b36153689,3.259580612182617
u12606056,b47303902,4.176539421081543
u93557879,b21674268,4.277276992797852
u35188892,b18056133,2.8855652809143066
u73918902,b98256804,3.936779499053955
u93218611,b19687370,3.857149124145508
u20142543,b66015940,3.346487045288086
u94637255,b28190473,4.008516311645508
u88060621,b78275112,3.8689982891082764
u09365901,b75611519,4.201080799102783
u49824878,b88947899,4.148928642272949
u58289231,b64424298,3.656247138977051
u89607830,b05487017,3.6442294120788574
u66050511,b42283267,3.6657018661499023
u75560984,b77690662,3.530635356903076
u00608846,b31362596,3.9756927490234375
u68343570,b69989437,4.539742469787598
u93232346,b02603859,3.7100119590759277
u59985966,b31687952,4.168580532073975
u84087070,b45704835,3.6217093467712402
u83787062,b64731092,4.024810791015625
u14254400,b19555371,3.5443410873413086
u86418166,b00943731,3.6788854598999023
u24566678,b66664015,4.22029972076416
u91291569,b89814376,3.9382009506225586
u33376497,b32288653,3.4163522720336914
u43780528,b42439444,3.333704948425293
u59164680,b26809819,3.484041213989258
u39812404,b91385546,2.941498279571533
u56433236,b86889066,3.742307424545288
u78853481,b38122928,5.0
u37406880,b07812624,3.9863595962524414
u57611935,b21557753,3.7060890197753906
u17253366,b09419504,3.9759416580200195
u49019615,b14848528,4.125578880310059
u44121725,b46704985,3.5404350757598877
u89032257,b33470089,4.070549964904785
u27489398,b57429125,4.827452182769775
u13335616,b82148195,4.297123908996582
u94013294,b19822827,3.811161518096924
u60049334,b69761665,3.9789719581604004
u01018072,b62470547,2.61427640914917
u59838405,b75737071,3.754298210144043
u37439693,b56740013,3.56762957572937
u76064869,b11179371,4.009868621826172
u06731151,b42283267,4.256246089935303
u16453914,b52842739,3.9815149307250977
u86372528,b89765180,3.2581489086151123
u45458094,b06642675,3.603304386138916
u25278850,b45954724,3.958177089691162
u42463198,b64858692,3.4259696006774902
u96906249,b71020602,2.1489012241363525
u58044162,b97730029,1.0141425132751465
u42036634,b22879567,4.264150142669678
u17400110,b01645723,3.0142650604248047
u61605977,b40598851,4.469858646392822
u08061919,b07812624,4.003014087677002
u93464810,b18378777,3.0956783294677734
u55489391,b78275112,4.607058048248291
u93388862,b38423888,4.564070701599121
u73947280,b27545570,3.723137855529785
u96935988,b89324149,4.019312381744385
u71234418,b60484296,3.0280098915100098
u63798214,b98844131,3.808854103088379
u49695098,b66705307,3.0172224044799805
u19877516,b46271044,4.038190841674805
u77526549,b89251739,4.017515182495117
u73245354,b91229724,3.4715006351470947
u18677285,b55180043,2.9704620838165283
u09343094,b93997659,3.575590133666992
u00674852,b89248994,3.970409870147705
u69827807,b73802747,4.064352035522461
u14582741,b53876123,4.193975448608398
u42718165,b45742756,4.184121131896973
u18486543,b40715352,2.522474765777588
u56477144,b17604493,3.290651321411133
u85201394,b79994865,4.093889236450195
u59838405,b08319340,3.7520315647125244
u61603293,b29802159,4.066926002502441
u57507741,b60149039,3.31821346282959
u26758830,b40550660,3.446956157684326
u09351063,b33470089,4.237614631652832
u38565546,b11179371,2.9425649642944336
u21332587,b66664015,4.097864627838135
u53135701,b61797502,3.0279226303100586
u22858711,b59818681,3.586118221282959
u63083777,b50453414,4.413740634918213
u61645156,b37657413,2.909608840942383
u23353435,b47772980,4.27263069152832
u68215196,b48968957,3.968332052230835
u10368667,b61973226,3.8818492889404297
u00602422,b76040943,3.6090526580810547
u89496792,b74821603,3.6318891048431396
u99065128,b79928088,4.798848628997803
u56816291,b14888446,2.831035852432251
u25384225,b41451971,3.632046699523926
u74269567,b82853645,4.266946792602539
u41793451,b58607054,4.241147041320801
u08283346,b54842512,3.050823211669922
u69842138,b41726148,3.5249106884002686
u36045689,b09049778,3.749227523803711
u53931856,b73939527,2.1193108558654785
u13930662,b64124445,3.6488218307495117
u60559881,b33276088,3.8728621006011963
u15540717,b64609180,3.6863789558410645
u39674102,b27644577,3.6654300689697266
u49100654,b31687952,3.738248348236084
u22960284,b17618752,4.2029266357421875
u93085815,b08166228,3.0310580730438232
u03789710,b23493033,4.068604946136475
u94468127,b09050359,4.323312759399414
u31352533,b17718695,3.127227783203125
u15038484,b37351373,4.072551250457764
u95113736,b33989802,3.6427392959594727
u20477370,b70319465,2.2179644107818604
u44519325,b09365531,3.311730146408081
u94054925,b57528832,4.672128200531006
u36184855,b45675681,3.2581629753112793
u80786591,b81438943,3.369396686553955
u14615333,b88947899,3.678359031677246
u28811165,b49553867,3.724959373474121
u09154069,b65667329,3.9860222339630127
u42257944,b13298774,4.3567728996276855
u94953789,b84661358,3.0254323482513428
u40734619,b82838854,3.890378952026367
u86979424,b35526856,3.833984851837158
u91486437,b15460735,4.388792037963867
u05509310,b57608002,2.865415573120117
u31435767,b74511960,3.353145122528076
u39578061,b67873731,3.7000179290771484
u64250012,b35020640,4.244844436645508
u67480372,b03135617,4.420596122741699
u28965926,b37351373,3.7760825157165527
u24883700,b65701444,3.0659358501434326
u18701258,b34681163,4.467595100402832
u64655191,b17250872,3.816467523574829
u19742889,b38905954,3.7069716453552246
u03503049,b14632405,3.8964717388153076
u95332391,b84319928,3.6616439819335938
u47762513,b60484296,3.736593723297119
u47614197,b97770488,4.153718948364258
u28075346,b14632405,3.287217617034912
u25179928,b92563633,3.1695351600646973
u69345352,b86376623,4.618692398071289
u81860456,b13254837,3.047111988067627
u88453886,b68725737,3.316793441772461
u07721397,b19822827,3.932868480682373
u40287642,b79928088,3.8316659927368164
u86675497,b41566519,3.5810861587524414
u96635387,b88136526,3.319502115249634
u95791329,b04161893,3.474562168121338
u79260852,b19203225,3.8473172187805176
u36007294,b24319159,4.268393516540527
u80252285,b69684851,3.3172249794006348
u82625048,b56779366,4.396166801452637
u05419797,b93186213,4.596278190612793
u90569458,b11734216,4.359880447387695
u82853057,b48544437,3.4275355339050293
u77981905,b88182084,3.4296908378601074
u15922581,b88487078,3.4602560997009277
u71934069,b32476884,3.001030921936035
u57013650,b47707851,3.000558853149414
u65972086,b97743780,4.007848262786865
u79706959,b41341679,3.8805603981018066
u94698458,b95021405,3.511101245880127
u03819057,b72027832,4.4715895652771
u27411614,b17683710,3.075357437133789
u03165092,b16597234,4.871541976928711
u12711223,b96921455,4.019077777862549
u87891022,b51365796,3.7775697708129883
u31383198,b92598217,3.9705190658569336
u61534589,b37068431,4.293828964233398
u97222273,b15564676,3.0044469833374023
u24366288,b74929101,4.529099464416504
u76860820,b84098191,3.1451821327209473
u90188383,b88978481,3.5072264671325684
u67285079,b98155674,3.8835010528564453
u48462933,b11179371,3.4472599029541016
u20775179,b38383821,3.310964822769165
u13445906,b32140949,4.254670143127441
u11581742,b08473327,4.121375560760498
u07724828,b57528832,4.642505645751953
u22746823,b81310554,3.8125736713409424
u38198183,b29452426,3.5949740409851074
u04164137,b12962230,2.486826181411743
u05502569,b11338586,3.5645129680633545
u86857833,b62670070,4.436181545257568
u02678459,b63488553,3.1416592597961426
u12579043,b09150505,4.081955909729004
u19587941,b79815294,3.871452808380127
u33613956,b88978481,4.533320426940918
u60147278,b31362596,3.411452054977417
u91918210,b76040943,4.992392539978027
u50566922,b65411088,3.0551376342773438
u00680825,b78234515,4.600098133087158
u46410733,b54597883,4.458641529083252
u30759279,b06167371,3.195435047149658
u49382438,b75866249,3.7316274642944336
u83116410,b10335589,3.433351516723633
u34548082,b26924525,3.8534202575683594
u84552452,b54369491,3.9077534675598145
u08305368,b67967555,3.633561611175537
u19552351,b42349213,3.330554485321045
u33120659,b32727723,4.233527660369873
u13719182,b19867465,3.076143980026245
u44457694,b54791634,4.493112564086914
u17483377,b81672135,4.105563163757324
u45674208,b71794852,4.057143211364746
u92249823,b04663186,4.3098626136779785
u93594365,b33883603,3.757573366165161
u10870971,b63880346,2.8450963497161865
u62989688,b90171057,3.690227746963501
u23129686,b66018154,3.900672435760498
u66860171,b52648851,3.8109984397888184
u85401916,b53255527,3.394162654876709
u10665625,b10229286,3.8293557167053223
u44639204,b15847411,4.099293231964111
u59710887,b80203303,3.1848480701446533
u05281300,b79116544,3.2883718013763428
u54365851,b26385014,3.914449453353882
u71447250,b27125652,4.532467842102051
u80873246,b17369030,3.763050079345703
u83396764,b98844131,3.4710500240325928
u75415393,b38337565,3.547837734222412
u78226466,b42112857,3.587785243988037
u66092830,b16412910,4.575812339782715
u68153200,b77508650,3.9799630641937256
u37049827,b52485134,4.04940938949585
u81642546,b28745856,4.309601783752441
u94719032,b64124445,4.2928972244262695
u95254015,b11338586,3.3927361965179443
u41694816,b72782535,4.535425186157227
u28162759,b26138336,3.3095102310180664
u85047258,b95816463,4.18079948425293
u67805239,b54369491,1.3737741708755493
u59864954,b47764774,3.2525417804718018
u94692092,b84462089,4.549516677856445
u92131415,b31687952,4.746449947357178
u39265208,b98844131,3.9739389419555664
u88793627,b15860915,3.48779296875
u74345562,b03671144,4.146204948425293
u31712655,b30307775,4.504603385925293
u39552556,b30321639,3.750795364379883
u28566111,b38423888,3.680379629135132
u30355312,b55186557,2.1427693367004395
u58725964,b36185570,4.283164024353027
u70658779,b75979651,3.993929624557495
u19577049,b63721105,4.481139659881592
u42170039,b31215424,3.1198978424072266
u27587066,b41550515,3.075098991394043
u82352963,b31988440,3.8616530895233154
u18608818,b17618752,3.313124656677246
u94155285,b05376454,3.812265396118164
u87998402,b37122469,3.974813938140869
u46945108,b46704985,4.205747604370117
u40921921,b73146684,4.63636589050293
u42489290,b03516455,2.145454168319702
u92295412,b78990759,3.743753671646118
u14974865,b27702770,4.484793663024902
u17885844,b70783140,3.9456992149353027
u88096373,b69681768,3.408961772918701
u38032677,b37073691,3.8313074111938477
u20436075,b14700744,4.150138854980469
u31315391,b17187529,3.313798427581787
u77739311,b15642417,3.831106662750244
u93701587,b77680859,3.502767324447632
u77384847,b01370236,4.348822593688965
u45055421,b09365531,3.2133917808532715
u16562754,b26138336,3.945713758468628
u57823181,b54446861,4.525121688842773
u13050965,b54878424,3.956851005554199
u96848320,b82301487,3.476088047027588
u71712282,b66416013,3.920905590057373
u44375150,b42903412,4.571619510650635
u45094749,b88182084,3.184864044189453
u75358553,b14304119,3.1615474224090576
u39830749,b37657413,3.503401279449463
u60488908,b60423207,3.0599331855773926
u20016139,b44499252,3.5585408210754395
u73528797,b01136753,3.257714033126831
u80899382,b43943356,2.830538749694824
u71603947,b18610759,4.480340003967285
u67564656,b33699537,3.0847814083099365
u84571450,b38122928,4.24019193649292
u99072303,b88317943,3.290419340133667
u74384422,b26246971,3.6633503437042236
u58713646,b98954571,3.8878955841064453
u02898712,b58973293,3.791806221008301
u27912098,b16231894,3.1768734455108643
u11581742,b46024181,3.9929003715515137
u68392251,b75817040,2.335359811782837
u65751729,b88953396,3.7004594802856445
u75374846,b57283428,3.4499049186706543
u18222417,b31687952,4.582238674163818
u76876687,b00793465,2.9607439041137695
u85541628,b28801125,3.120150089263916
u26911182,b29802159,4.289009094238281
u10328501,b54627716,3.389695405960083
u67526412,b70930132,3.568204402923584
u83925591,b75215350,2.6664323806762695
u68062189,b93418350,3.882885456085205
u69788525,b00524153,4.36976957321167
u61143829,b94989213,3.4566140174865723
u23724109,b50443121,3.7952651977539062
u74384422,b53545849,3.845292568206787
u14443343,b45651575,3.1507179737091064
u03354731,b82853645,3.7848989963531494
u92624969,b37657413,3.5870370864868164
u55702325,b19733783,3.6555490493774414
u47606079,b34964632,3.838937759399414
u59612807,b27563355,3.0330281257629395
u19308296,b36231626,2.514984607696533
u23353435,b40128170,3.9594666957855225
u76759283,b69989437,4.165539264678955
u61441990,b09123950,3.584792137145996
u65301210,b30494145,2.897779941558838
u27489398,b10136233,5.0
u06773982,b05332134,4.453823089599609
u82540742,b15439387,4.212872505187988
u40481233,b41525636,4.034607410430908
u11911630,b77675822,4.502170562744141
u62695354,b44944170,3.727200984954834
u88849216,b98654472,2.0339105129241943
u27545987,b34681163,4.334404468536377
u73363481,b09399885,2.775115966796875
u71912763,b68009767,4.048366546630859
u90105683,b43113749,3.302765130996704
u80670774,b64242065,3.808692455291748
u17612002,b80945486,3.9391016960144043
u20571753,b62282738,3.5422093868255615
u23631579,b43914262,4.229979038238525
u56004011,b93241768,3.4521877765655518
u04453517,b44887521,3.190525770187378
u80517813,b43699450,3.9280409812927246
u93459297,b07812624,4.416894435882568
u48060265,b81401127,3.387688159942627
u84059767,b78768152,3.882293224334717
u68782599,b46923281,3.703554391860962
u24176281,b65332935,3.4492578506469727
u24486152,b90457746,3.9478883743286133
u90624462,b10017690,3.252124309539795
u88017117,b28190473,3.702443838119507
u12283362,b73712332,3.908562660217285
u59126904,b93997659,4.539912700653076
u40593388,b09101227,2.5542876720428467
u06290847,b29738200,3.8876848220825195
u38102191,b71294015,4.32090950012207
u96853937,b94020277,4.152655601501465
u42692606,b63791555,4.0088653564453125
u27251305,b14632405,4.372147560119629
u59777569,b75852622,3.8410000801086426
u02351030,b03837849,3.1806132793426514
u72667370,b36914684,4.407485008239746
u91614054,b88978481,4.710728645324707
u28052333,b45373576,4.120710372924805
u36749601,b26385014,3.5861477851867676
u98749038,b14115711,3.025874614715576
u98994100,b59304782,3.880634307861328
u11882489,b29422431,3.7798304557800293
u95608135,b79253970,3.9442710876464844
u49468556,b65933939,3.7675042152404785
u30625099,b42911455,3.707672595977783
u62950805,b57648353,3.8301281929016113
u31125090,b67030393,4.05726957321167
u79205082,b14632405,4.185682773590088
u99370997,b00589069,3.756103992462158
u46939494,b15038153,3.1861412525177
u23718254,b61652439,3.053382158279419
u95235900,b20830788,4.023831844329834
u86399926,b23760358,4.951172828674316
u03211838,b53220424,3.6036930084228516
u47101856,b89449410,4.433760166168213
u05714050,b02624512,3.794973373413086
u37829032,b73733655,3.4681179523468018
u25952793,b31362596,4.248955726623535
u17844283,b44583163,3.300501585006714
u21909758,b41715593,3.4375152587890625
u46482370,b20537286,3.7448596954345703
u41109369,b79815294,4.185157775878906
u69667817,b97528491,2.399232864379883
u27482571,b85903526,3.524697780609131
u07344743,b09419504,3.907376766204834
u71038531,b95816463,3.5940256118774414
u78094006,b29576446,4.5266642570495605
u13420738,b87709656,2.637364387512207
u25703835,b78457511,4.40132999420166
u12558328,b04374540,3.5672316551208496
u24724060,b96783065,3.7751927375793457
u84050864,b35873913,3.7309694290161133
u09134281,b22338698,3.4285173416137695
u15854656,b93997659,4.823218822479248
u25413424,b60373143,4.2354536056518555
u82754354,b51332181,3.8401830196380615
u66916471,b42027204,3.8298234939575195
u56722389,b19822827,4.551093101501465
u67480372,b39325908,4.047226905822754
u66513427,b15682357,3.304448127746582
u40698612,b82148195,5.0
u13076721,b23985802,3.253851890563965
u72345879,b01428640,4.390679359436035
u71534659,b45594562,3.4782028198242188
u40298447,b82682340,4.717371940612793
u68799067,b14013622,3.8499717712402344
u64919672,b15642417,3.599123954772949
u07157628,b09589765,2.995741844177246
u64719754,b34740941,3.718928337097168
u55660385,b33845037,3.6586780548095703
u04187143,b19867465,3.8785252571105957
u81584177,b61372131,3.643869400024414
u03115251,b37466269,3.2295525074005127
u84104407,b56466462,3.2932987213134766
u39949949,b95785803,3.6507506370544434
u47390798,b82301487,4.380855083465576
u84633050,b98106048,4.10536003112793
u08181581,b93475213,4.003121852874756
u16327776,b09393084,4.322845458984375
u74797687,b55439788,3.7261080741882324
u54031308,b34742848,4.10554313659668
u51038101,b65629315,4.302755355834961
u21083857,b46025192,3.7355501651763916
u08493085,b40151793,4.0480852127075195
u50846401,b05376454,3.4985830783843994
u87552319,b96921455,4.416470527648926
u50501650,b52648851,3.8616480827331543
u32468681,b38447018,3.905514717102051
u25992469,b52842739,4.036721706390381
u65807817,b12526023,5.0
u44241000,b26385014,3.1766867637634277
u44521747,b52339175,3.802877426147461
u65135412,b13094463,2.939829111099243
u56842173,b25678098,3.791018009185791
u80258037,b04797457,4.177962303161621
u71133221,b29520915,3.880971908569336
u35212535,b82713614,3.52354097366333
u21820241,b72243003,4.0262227058410645
u05129439,b41715593,3.1723685264587402
u44298708,b17115009,3.6938230991363525
u35385075,b70680443,3.7769839763641357
u15210784,b17482278,4.213473320007324
u90971268,b88182084,4.08152961730957
u08899840,b89572033,2.849982738494873
u09030946,b79601676,3.3880488872528076
u78191596,b30815378,4.05681848526001
u50341443,b96783065,3.852933645248413
u32899628,b79975924,3.98050856590271
u09163941,b70930132,4.48354434967041
u38037570,b36185570,3.8088769912719727
u60577436,b08004121,3.664855480194092
u79896374,b48801576,2.6804327964782715
u77094188,b51485694,4.081292629241943
u65010306,b59349150,3.677244186401367
u41146054,b67584295,4.441061019897461
u11116833,b46652937,2.7001771926879883
u49499105,b67967555,3.515606641769409
u47397199,b42373487,4.227256774902344
u68888758,b20066723,3.0679001808166504
u61495778,b21674268,4.096023082733154
u11882489,b73807294,3.5456080436706543
u65686655,b78614468,3.6588025093078613
u01662164,b51485694,4.098010063171387
u61896213,b98115511,4.370668411254883
u13400944,b48931794,2.980983257293701
u61667590,b08122618,3.2922356128692627
u24840654,b44745371,4.3253631591796875
u37543669,b44711938,4.8236494064331055
u59838345,b78457511,4.449151515960693
u80713921,b39065480,3.4747653007507324
u44519787,b95835140,4.433999538421631
u45503845,b19867465,4.069395065307617
u15294658,b44595908,4.17901086807251
u03891211,b06949973,3.126931667327881
u48485181,b35202318,3.8291845321655273
u45298367,b69852022,4.628538131713867
u02250001,b71069695,4.565725326538086
u39054857,b07278059,3.7834763526916504
u14474538,b60373143,3.7234725952148438
u25278850,b85901970,3.680391788482666
u09297553,b52467549,3.930652618408203
u78550924,b64055778,4.670511722564697
u92487793,b70912031,4.39251708984375
u93029646,b42977080,3.6395297050476074
u63958609,b80754789,4.188446998596191
u52977248,b42590814,3.326280117034912
u42941492,b27096444,3.537322521209717
u99891147,b75871556,3.9575483798980713
u44945147,b31475886,3.9267539978027344
u45697256,b80754115,3.8428492546081543
u05894104,b02766522,3.290177583694458
u49729340,b04529407,3.8357086181640625
u73765947,b52217488,3.601764678955078
u35473269,b99145398,3.561858654022217
u35402676,b67550881,3.2882471084594727
u75817470,b34984766,3.5584492683410645
u32616845,b12526023,3.6874241828918457
u47311833,b22338698,4.022414684295654
u81733782,b91216157,3.4103355407714844
u43775713,b45359881,3.955824851989746
u54988183,b00278122,3.168919086456299
u17361499,b24644027,4.9834794998168945
u59385653,b23238133,3.2023215293884277
u12377521,b62349347,4.817157745361328
u88401341,b91417770,3.09659743309021
u53172662,b80754789,4.225790500640869
u42532766,b14990943,2.9125661849975586
u92866633,b60770713,3.986046552658081
u72509863,b67877559,2.988643169403076
u80414310,b89513984,1.254795789718628
u40924480,b06331111,3.5775418281555176
u65018233,b59555104,3.7734036445617676
u64879580,b02688310,4.14559268951416
u39733358,b37291845,3.5335278511047363
u58074057,b36231626,3.315077304840088
u57931849,b34734220,4.317429542541504
u47937032,b96764489,3.6906073093414307
u28683954,b33153583,4.055960655212402
u98040382,b22430494,4.341390609741211
u83248010,b52842739,4.45412540435791
u13342804,b31988440,3.396308660507202
u36993225,b29998162,3.249440908432007
u38551680,b31988440,3.560797929763794
u30188659,b09049778,4.172542095184326
u19353171,b90840036,4.334390640258789
u86603284,b60324633,1.0
u37744053,b79975924,4.445575714111328
u90678176,b20877763,3.4500808715820312
u68913248,b06167371,2.580181121826172
u01273388,b19483433,3.6201369762420654
u19080594,b12526023,3.949958324432373
u06905806,b16024414,3.895258665084839
u05744674,b35307029,3.132929801940918
u69934107,b34149514,4.39652681350708
u91347539,b62975669,3.7126317024230957
u84733572,b34532370,3.0635342597961426
u01448631,b59575409,3.5584051609039307
u33954973,b59032154,4.135311126708984
u94677784,b30307775,4.1622748374938965
u84316228,b63303984,2.717404842376709
u96466312,b71663032,4.338359832763672
u06077031,b83458137,4.009458065032959
u47945386,b28801125,3.9305756092071533
u36096478,b77201589,4.012634754180908
u15115958,b93625021,3.1501200199127197
u18178666,b53396891,2.8549561500549316
u86173342,b71663032,3.4626169204711914
u55878619,b21861372,4.193027496337891
u24987588,b61743606,3.4431581497192383
u33907495,b37068431,4.699597358703613
u15220575,b08004121,3.8670878410339355
u64185289,b39605350,4.235572338104248
u18398508,b32974421,3.4614481925964355
u61767643,b52648851,4.246640682220459
u80712308,b17882892,3.8843913078308105
u87165718,b08916036,2.970478057861328
u41989403,b31362596,3.8181803226470947
u55246006,b76040943,4.147780418395996
u94448754,b31671086,2.596970558166504
u31885448,b11734216,3.2889244556427
u22118071,b89365082,3.541717052459717
u32450991,b19867465,3.949979305267334
u75035764,b78275112,4.643588066101074
u82753211,b36299646,3.543271541595459
u11813122,b52485134,3.7202343940734863
u46252485,b16955253,3.4151291847229004
u21229773,b93745301,4.3398895263671875
u13360372,b79928088,3.681790590286255
u72948092,b09419504,3.895341396331787
u45361269,b71069695,3.2942495346069336
u45492252,b87138227,3.539241313934326
u99844571,b46006537,3.770458221435547
u57767740,b85321421,3.711744785308838
u75504370,b08330741,4.790276050567627
u62953833,b38877642,2.682121753692627
u72939062,b14632405,3.779456615447998
u67916975,b74167560,4.241661548614502
u38037570,b41402498,4.006566047668457
u87898897,b13777136,3.9093871116638184
u21077899,b64898087,3.058163642883301
u77796335,b66908318,4.150783538818359
u64899424,b82757636,3.614513874053955
u47828412,b65816300,2.825491428375244
u93778297,b46584434,3.8731164932250977
u82483487,b54781444,3.3900859355926514
u11099702,b37657413,4.183695316314697
u83053306,b92928728,2.5766124725341797
u31310480,b46219415,3.0541908740997314
u09368176,b55135376,4.300295352935791
u24133329,b20287395,2.9228615760803223
u19912887,b12526023,3.805123805999756
u39147305,b67584295,4.494327545166016
u66968948,b64138226,4.054045677185059
u18692953,b17187529,4.226920127868652
u23410350,b86376623,4.010795593261719
u96328255,b59845564,3.397087574005127
u30259889,b69647795,4.863291263580322
u89131359,b35185805,3.296111822128296
u71137006,b95816463,4.62306022644043
u61511488,b55152063,3.695537567138672
u67359517,b22879567,3.8387327194213867
u30379737,b17741315,4.4513726234436035
u90180055,b07378867,3.9391138553619385
u93362544,b12526023,4.981890678405762
u38349060,b31362596,3.083008050918579
u88404428,b76040943,4.391743183135986
u66555010,b94931388,1.9249234199523926
u78269892,b79994865,4.0260162353515625
u47863431,b26138336,2.6987195014953613
u33767076,b75920771,4.2055344581604
u97211029,b00524816,3.989434242248535
u63715088,b12920844,3.5667102336883545
u36142325,b17718695,3.5343103408813477
u48048612,b40825074,3.994654655456543
u85150077,b05853556,3.0349197387695312
u85894700,b70930132,3.885096549987793
u58009017,b34105659,3.0150680541992188
u64525333,b08545824,4.025699615478516
u61231592,b42027204,3.321885824203491
u43059668,b35866819,4.066755294799805
u80980679,b36431467,3.987560510635376
u34719751,b83966849,2.542941093444824
u44155125,b33091876,3.4887914657592773
u38469672,b22785797,2.692286968231201
u85919421,b79409477,2.800823211669922
u58838965,b73409233,3.564859390258789
u74911236,b35765595,4.2614336013793945
u37089385,b40128170,4.059202194213867
u96034485,b60484296,2.760159969329834
u65878317,b63246630,3.6298441886901855
u72925507,b41355300,3.963008165359497
u93294815,b89115141,3.2869112491607666
u30681822,b62223240,5.0
u27622334,b98552397,3.909599781036377
u47795535,b20877763,4.135399341583252
u70549733,b96064020,2.623988151550293
u61787064,b13716034,3.016364097595215
u93354113,b27096444,3.4264440536499023
u19359999,b15682357,3.275247097015381
u88737197,b47025306,3.691469669342041
u79447669,b75852622,3.757615804672241
u28857851,b50274772,2.7544660568237305
u17030691,b37363405,3.978646755218506
u45274400,b79928088,4.471404075622559
u00520823,b20928296,3.8205699920654297
u76037320,b79601676,3.274202346801758
u32863964,b63603925,4.0921430587768555
u39178567,b08361489,3.576432704925537
u31214827,b92457365,4.149163246154785
u18340817,b31687952,4.0542707443237305
u92823987,b98630806,2.936265468597412
u40152352,b35328167,3.671647071838379
u83580686,b32288653,4.347070693969727
u69349148,b34964632,4.395359516143799
u57537695,b92631370,3.4629015922546387
u01451218,b02766522,3.9524097442626953
u27291457,b13798173,2.3634307384490967
u44235591,b70319465,4.0119781494140625
u14157443,b20877763,3.343815803527832
u17237770,b29738200,4.244283676147461
u06836711,b78156277,4.106545448303223
u95703598,b13368019,2.8054168224334717
u86453416,b95785803,3.9972448348999023
u73638441,b63671773,3.783665657043457
u85378616,b87328001,3.8100922107696533
u49993228,b73131708,4.129617691040039
u26911182,b27271886,3.778479814529419
u93756125,b85321421,3.6828293800354004
u88632301,b52455485,4.153606414794922
u19831040,b19830299,3.5910563468933105
u02062618,b17604493,3.7507665157318115
u05369137,b07327816,4.271209716796875
u54628002,b05271936,3.4801928997039795
u86383480,b72005521,3.5933637619018555
u43655900,b86480331,4.4350762367248535
u49069811,b35526856,3.8240628242492676
u17320859,b57316882,3.5853488445281982
u52919349,b76971280,4.226206302642822
u06119316,b22987468,3.2186994552612305
u87585758,b65915835,4.208596706390381
u85290789,b09452008,2.000307559967041
u33497832,b48421113,3.2589025497436523
u60082410,b99629573,4.619386672973633
u72745395,b08180481,3.081444501876831
u62878753,b29576446,4.624602317810059
u18204198,b19822827,4.773515224456787
u21813613,b02840016,3.9544596672058105
u15669862,b07811476,4.334618091583252
u94928958,b97302773,3.9346203804016113
u12606056,b66664015,3.45827579498291
u51050734,b98676746,4.674326419830322
u39079795,b73703618,4.236043930053711
u07532047,b23760358,3.887502908706665
u37200174,b57283428,3.464259624481201
u72161401,b60479803,2.681736469268799
u26474410,b08180481,3.123319149017334
u65964172,b57528832,3.685046672821045
u17300099,b41399471,4.153686046600342
u75635802,b09589765,4.39202880859375
u30888201,b42232720,2.6280434131622314
u87385721,b93997659,3.4010508060455322
u84012356,b06439034,3.653132438659668
u80899382,b12962230,3.2178757190704346
u85279952,b22785797,3.6356492042541504
u45796950,b39664275,3.7475857734680176
u17688338,b38944714,3.7433385848999023
u36554038,b03671144,4.728236198425293
u35134876,b19909879,3.320000410079956
u22666459,b35307029,3.25675630569458
u41162010,b58177693,4.13559103012085
u71819251,b25020940,3.7898712158203125
u35104737,b04820955,3.5692882537841797
u76181448,b66664015,4.122681140899658
u66823672,b76040943,4.250533103942871
u14788793,b49553867,3.5765199661254883
u27304578,b69989437,4.019192218780518
u95045355,b96067067,4.541644096374512
u55018841,b57283428,3.0691275596618652
u53896424,b79686261,3.8184776306152344
u58257032,b97659010,4.074323654174805
u67250327,b96067067,4.818172931671143
u01266603,b23089015,4.387988090515137
u07823177,b57528832,3.2867252826690674
u94996121,b13483523,3.1638095378875732
u40395059,b22409558,2.8701601028442383
u50647825,b66664015,3.6701488494873047
u26538583,b96064020,4.116989612579346
u71672017,b10940603,2.758204698562622
u69999754,b34348391,1.5079936981201172
u38923892,b08777701,3.7697794437408447
u22148159,b66908318,4.283921241760254
u24176281,b36503628,3.0318844318389893
u92183965,b02328220,4.549858570098877
u03963023,b39837030,4.458758354187012
u25578359,b44270946,3.718134880065918
u09351063,b45441357,4.247956275939941
u91609906,b15664991,3.9190869331359863
u39753021,b00793888,4.145571231842041
u04155815,b26940296,3.626114845275879
u99370625,b14448675,4.3582868576049805
u95155934,b94989213,3.779958724975586
u78074738,b79896536,3.9064338207244873
u74683862,b80730701,4.1118268966674805
u05910977,b40151793,4.317994117736816
u80899382,b41516337,3.208509922027588
u23359243,b08004121,4.196023941040039
u42713262,b48335940,2.81866717338562
u42677320,b69989437,4.017365455627441
u01677781,b87068336,3.7909562587738037
u79211066,b23457095,4.2147088050842285
u36389014,b19516972,3.8844475746154785
u67856875,b26385014,4.036833763122559
u84521511,b24500781,3.555903911590576
u80367015,b77136574,3.7743585109710693
u02549216,b97302773,4.710239887237549
u07675985,b42065988,4.089243412017822
u95089834,b55152063,3.9627885818481445
u47294288,b82757636,3.9591381549835205
u24380089,b56482176,3.548677444458008
u41311870,b76040943,4.047787666320801
u58021088,b18056133,3.1149847507476807
u11355295,b33699537,4.750668525695801
u36261891,b69314705,4.086868762969971
u52252935,b05381215,3.9456582069396973
u44411451,b24264133,3.6805367469787598
u66108479,b91130757,3.554388999938965
u20571753,b03047230,3.292167901992798
u61563076,b18610759,3.8826749324798584
u85466643,b80531041,3.5764365196228027
u44701163,b22657792,3.200225591659546
u86586216,b71271368,4.201353073120117
u80905897,b15268547,4.198879241943359
u97897862,b19867465,4.235956192016602
u33415158,b68150984,3.8103179931640625
u82690658,b69294942,3.7929749488830566
u78204554,b62853608,2.815986156463623
u12216460,b15764467,4.193786144256592
u04162864,b41331137,4.2681779861450195
u48570578,b20790379,3.8811893463134766
u83831451,b98196499,4.099140167236328
u02541401,b11516322,4.054220199584961
u15851410,b26138336,3.371126651763916
u12513149,b22475341,3.3729658126831055
u64806975,b56362706,3.6534039974212646
u07787942,b05231805,3.861636161804199
u72272944,b54860296,4.013669013977051
u24000217,b38214177,4.4744462966918945
u01276595,b78275112,4.922054290771484
u39174849,b05154189,4.0005879402160645
u16359454,b15264750,3.2985899448394775
u37049827,b29998162,3.838088035583496
u62288777,b60031658,2.423396110534668
u41331960,b70664431,4.3273396492004395
u96523087,b98581094,4.061494827270508
u11433263,b17369030,3.7471699714660645
u50475188,b78990759,4.543063163757324
u72725318,b64898087,2.894522190093994
u54133671,b68325129,3.4048924446105957
u65299580,b68713172,4.057395935058594
u60382907,b91130757,4.382952690124512
u34165507,b23760358,4.195921421051025
u29432487,b86815198,4.008360862731934
u00187613,b42977080,1.1746742725372314
u05983142,b74484819,3.759356737136841
u95399909,b93695514,3.460493326187134
u63136306,b66664015,3.031348466873169
u46480228,b49170199,3.498569965362549
u84707130,b30107248,3.7500128746032715
u38116243,b41711062,4.276668071746826
u89115012,b18378777,3.4928460121154785
u11232249,b89040055,2.459378480911255
u03865460,b07378867,4.840664863586426
u43353665,b04493477,2.2687442302703857
u75369963,b75511430,4.25876522064209
u14329214,b71294015,4.2284626960754395
u48364396,b79124168,3.112957000732422
u74801140,b26688492,3.1127851009368896
u97892320,b60500282,3.677588939666748
u93387401,b03946791,4.103057384490967
u31203625,b88947899,4.301257610321045
u05346583,b67165478,3.339357376098633
u34815980,b02061575,3.938491106033325
u78226466,b19822827,4.6727471351623535
u24926990,b29576446,3.1411988735198975
u86984744,b07586151,4.317709445953369
u49223520,b30331659,4.111057281494141
u55116037,b29576446,4.092834949493408
u86590253,b51986055,3.520761013031006
u90362066,b93475213,3.907789707183838
u08813961,b67584295,4.47365665435791
u33278628,b78275112,4.813431262969971
u15349638,b08157430,3.492731809616089
u41722913,b81268070,4.142446517944336
u39576547,b02984754,4.152915000915527
u61394609,b04669122,3.9387753009796143
u13894065,b38122928,4.518300533294678
u94895228,b26940296,3.5543317794799805
u27407499,b82785620,4.027647018432617
u81295482,b07278059,4.141073226928711
u83106562,b11689530,4.168703079223633
u10814679,b37848013,3.718177080154419
u52728007,b79975924,4.635552883148193
u99791247,b22475341,3.988417148590088
u02697725,b65216323,4.177855968475342
u70320313,b50881390,3.6517693996429443
u96655558,b13298774,3.620828628540039
u67019885,b36312601,3.648648262023926
u41651084,b93418350,3.7136054039001465
u10219218,b31891913,3.0188887119293213
u32590962,b16720980,3.0176055431365967
u87640306,b48968957,3.801593780517578
u55465840,b76329691,3.6636500358581543
u14300648,b97743780,3.9407854080200195
u82810482,b52217488,3.2453997135162354
u04140938,b77136574,3.7190170288085938
u92243879,b80596244,3.8432600498199463
u05271717,b71090799,3.752617359161377
u49746729,b84319928,3.615255117416382
u53743855,b60484296,3.5974271297454834
u04783492,b88733051,2.311675548553467
u01465724,b47074257,3.579192638397217
u21813168,b06036306,3.4989707469940186
u43287150,b39501581,3.902721643447876
u96781147,b80506673,3.914043426513672
u75289760,b71255744,3.2569527626037598
u64140187,b24753073,4.291440486907959
u68241439,b31176307,3.3084239959716797
u83149833,b45609938,4.294346809387207
u38010442,b45502382,3.387218475341797
u00942320,b34755064,4.2644453048706055
u07717247,b07161961,3.6239418983459473
u68803386,b83439687,2.923153877258301
u74364434,b44393400,4.803461074829102
u68531721,b28213232,3.9312186241149902
u74222360,b23457095,3.5526649951934814
u06370203,b75189008,3.4574532508850098
u94698458,b86785429,4.077498912811279
u44271219,b62003276,4.153027057647705
u85601284,b33470089,4.69287633895874
u85107602,b51986055,3.7059831619262695
u52581825,b78275112,4.820706844329834
u55955380,b52227953,3.6384692192077637
u54913471,b46888254,4.067208290100098
u73299189,b69822524,4.583670139312744
u10178570,b12821868,3.307950019836426
u43033428,b17326654,3.883552074432373
u35146256,b62791186,4.314417839050293
u88190746,b51332181,3.5306899547576904
u87402876,b63603925,4.075897693634033
u02791388,b96067067,5.0
u62676865,b51286612,3.6435608863830566
u55971559,b23369233,3.747753620147705
u72950619,b77675822,3.958634614944458
u86571880,b72512930,3.571540355682373
u66102030,b45954724,3.7802159786224365
u60533410,b18469261,4.326652526855469
u72521868,b31362596,4.305290222167969
u11538951,b15439387,3.8990705013275146
u31661970,b23457095,4.252912521362305
u31229868,b11151904,3.549318790435791
u54981120,b35202318,4.23333215713501
u74765283,b70912031,4.6092939376831055
u47471483,b44991539,3.995516777038574
u13824774,b83075214,2.7350895404815674
u73525646,b08302230,4.343936920166016
u96757811,b67030393,4.26246976852417
u89814562,b53423202,2.832094669342041
u22162560,b21557753,4.570570945739746
u63231427,b23086534,2.788409471511841
u08178266,b74511960,3.292680263519287
u10029113,b08180481,3.392487049102783
u94597305,b75852622,3.1899983882904053
u87898897,b15595003,3.8009932041168213
u85626045,b70014102,3.679861068725586
u07356813,b65442043,3.82932448387146
u78233419,b61969759,3.5664021968841553
u00609107,b00722811,3.262545108795166
u39798574,b96335505,2.722303628921509
u54724496,b79253970,3.101625442504883
u51757424,b21345256,3.5896317958831787
u73929420,b78425493,3.282198905944824
u63504207,b83689008,3.4615840911865234
u03226560,b06167371,3.3704700469970703
u90084285,b22727265,3.8471617698669434
u10345168,b52485134,3.4704015254974365
u29391626,b70014102,3.2371129989624023
u38389437,b20755858,1.0
u19409927,b13298774,3.4979655742645264
u68807312,b95000069,3.8518567085266113
u12178076,b63603925,3.808345317840576
u06657026,b05376600,3.622185230255127
u45344999,b68325129,3.584461212158203
u04234818,b68461819,3.567870855331421
u76471292,b08349503,3.286538600921631
u42898236,b00793888,4.440173149108887
u51015408,b66416782,2.942354679107666
u11770031,b18591671,3.855355739593506
u13095872,b54781444,4.332694053649902
u53968656,b08135061,3.4267690181732178
u22608086,b51986055,3.489743709564209
u98517780,b41671266,4.063175678253174
u57222077,b93745301,5.0
u14974953,b62181786,3.371737480163574
u32091922,b88172809,2.9019694328308105
u01500089,b55916323,4.252444744110107
u86181148,b68588879,3.010202407836914
u13082043,b73131708,3.8360509872436523
u87008154,b41451971,3.615497589111328
u26237225,b14632405,3.8918418884277344
u91230975,b08777170,4.521210670471191
u43603590,b14632405,4.066468238830566
u37462952,b52026046,4.4220733642578125
u47068307,b24620866,3.604292392730713
u91631824,b59575409,2.045346736907959
u12899576,b00192663,3.4123337268829346
u80395931,b31362596,3.9541776180267334
u10932336,b66908318,4.436875343322754
u65945202,b64898087,3.821401596069336
u77593706,b95371334,4.07808256149292
u28894790,b07142228,2.969062566757202
u42146169,b79253970,4.745242118835449
u12749705,b60470430,4.40231990814209
u29854347,b91302109,3.650620222091675
u92122329,b41566519,3.2457568645477295
u24778437,b08116189,3.3607282638549805
u40754742,b39903678,3.5989718437194824
u44986397,b18562445,3.6005945205688477
u00089202,b42590814,2.6861324310302734
u91856172,b29576446,4.155523777008057
u59113286,b20547482,3.237462282180786
u16327776,b00242900,4.790428161621094
u27170688,b65216323,4.741424560546875
u96746007,b74821603,3.5638675689697266
u83260415,b39941849,2.939663887023926
u28530884,b36688616,2.6942996978759766
u58705457,b97218983,3.1616053581237793
u77244604,b09589765,3.327186346054077
u95617982,b15574895,4.312564849853516
u49757163,b31283678,3.943157196044922
u95312005,b60484296,3.635857582092285
u31596642,b78008834,4.273901462554932
u30941279,b30307775,4.26488733291626
u65880474,b26138336,3.4565353393554688
u09343094,b68095955,3.013096570968628
u42718900,b80631188,4.065803527832031
u71501754,b54878424,3.6217269897460938
u90784225,b65667329,3.9799304008483887
u83157707,b78457511,4.268102645874023
u21045721,b88740280,3.7513718605041504
u28385354,b44849506,4.260941505432129
u33666895,b93997659,3.6277270317077637
u27693579,b35526856,3.980250358581543
u56459100,b86033855,4.438747882843018
u98856815,b42977080,3.043138027191162
u92924449,b39837030,4.1365461349487305
u57990665,b41681847,3.4464893341064453
u42528630,b78275112,4.171363353729248
u43465165,b99057972,4.138116359710693
u38239198,b81125080,2.8172051906585693
u67687517,b40737971,3.137446641921997
u54886144,b78008834,4.056683540344238
u35076434,b79143534,3.368040084838867
u88492985,b04669122,4.0042405128479
u45990381,b74432268,3.1926956176757812
u16348497,b38594218,3.8909215927124023
u90925303,b76455791,4.201920509338379
u51831329,b36701991,3.265347480773926
u30134287,b77012397,3.6532838344573975
u12323854,b65433694,2.973339557647705
u19826054,b68333766,2.581001043319702
u27698356,b55690375,2.87062406539917
u23588312,b26897614,2.5061540603637695
u32863415,b99155596,4.020369529724121
u72382987,b29802159,3.7744503021240234
u84440964,b00278122,2.744609832763672
u80594626,b47581912,3.8434009552001953
u49729015,b10229286,3.973536491394043
u80351548,b59575409,3.580045700073242
u11794141,b10136233,3.5875234603881836
u64920375,b08349503,4.0451812744140625
u01465724,b63702370,3.8114917278289795
u74711059,b86376623,4.058333396911621
u80825229,b98034668,3.028879404067993
u99389904,b14209714,4.208810806274414
u03028746,b54597883,3.0873701572418213
u78381936,b52736396,3.6670827865600586
u95645990,b59192498,4.635741233825684
u82928246,b76818058,2.155487298965454
u33271431,b62853608,4.110317230224609
u95283312,b33653482,3.523271083831787
u01228449,b26940296,3.7106800079345703
u49726134,b14160521,3.9596118927001953
u28230230,b69989437,4.582729816436768
u99072303,b88136526,3.129176139831543
u80733525,b80160832,3.9715702533721924
u23435310,b50384790,3.6980104446411133
u31433567,b34755064,4.16644811630249
u72386824,b29520915,4.230193138122559
u68782599,b46888254,4.224491119384766
u39373932,b77201589,3.8410816192626953
u72263727,b98919800,4.0785651206970215
u27866473,b01645723,3.5420897006988525
u23549440,b33796246,3.8389759063720703
u93459297,b54729838,3.893322467803955
u40392321,b76040943,4.017767906188965
u58130168,b28293389,4.229206085205078
u56462594,b62292824,3.819565773010254
u98788536,b89502935,3.3928732872009277
u12883963,b75706553,4.325352668762207
u84473749,b82150877,3.297447443008423
u56310054,b44745371,3.4397053718566895
u95729648,b95511741,1.7861990928649902
u67251957,b21249236,3.8242123126983643
u31487802,b71325140,4.480138778686523
u45934079,b41341679,3.5306718349456787
u99389904,b08910064,3.034478187561035
u36072679,b60613242,3.714604377746582
u48712274,b26847239,3.827754497528076
u52176178,b60613242,3.6414637565612793
u79533904,b31687952,4.7031331062316895
u77195309,b08349503,4.213964462280273
u88119621,b63671773,3.836658477783203
u28815482,b54771564,3.1199827194213867
u80395525,b91644790,4.206271171569824
u90145590,b69647795,4.0716447830200195
u94920044,b74189476,4.110030174255371
u54766708,b83644107,3.3755669593811035
u02463087,b51986055,3.6944031715393066
u94122926,b84537834,3.689056873321533
u63407690,b67165478,4.017749786376953
u35976821,b23377556,3.6593098640441895
u13314718,b66908318,4.664639472961426
u31761191,b50453414,3.4183990955352783
u59949303,b80968466,3.567476987838745
u05216971,b29802159,4.342723369598389
u16800387,b99145398,3.6926498413085938
u32813115,b13696850,4.08594274520874
u18256938,b59164750,3.570608139038086
u39500890,b69089192,3.607945680618286
u75834612,b08753466,1.5125086307525635
u50882540,b06167371,3.986269950866699
u06576134,b93745301,4.549895763397217
u09253072,b15460735,4.167802333831787
u75248127,b91758795,4.215809345245361
u97308548,b38399229,3.295710802078247
u14423748,b19867465,4.121495246887207
u28967410,b80952577,3.196234941482544
u30283538,b67584295,4.3835768699646
u15974149,b35611681,4.317846298217773
u16517340,b56679875,2.820789098739624
u55161013,b41094724,3.8173716068267822
u11067741,b13163359,3.811758041381836
u36159470,b52736396,3.752319812774658
u36388384,b84770798,3.0563697814941406
u13200628,b32727723,3.8923428058624268
u47906475,b18056133,3.762981414794922
u76535077,b37068431,4.310349464416504
u59864954,b24054097,3.1676151752471924
u34933245,b19814553,2.3285961151123047
u65668985,b43722165,3.7195029258728027
u60967911,b29316857,3.2426223754882812
u51172904,b40598851,3.2828941345214844
u05157449,b27702770,3.327977180480957
u92600262,b98335764,3.619540214538574
u18364153,b66416013,4.154297828674316
u00268642,b70026837,2.4314141273498535
u47409526,b71271368,4.296915531158447
u90654563,b62282738,3.642284393310547
u11874675,b42977080,3.3328282833099365
u56782053,b70664431,3.4967098236083984
u81564419,b63880346,3.364542245864868
u32859467,b47462205,2.3333799839019775
u47623118,b88531403,3.773074150085449
u65292900,b42977080,3.0030269622802734
u20406538,b98220261,3.938042163848877
u74850751,b54369491,3.8000173568725586
u94368913,b72717928,3.818693161010742
u27722916,b25485861,3.510831594467163
u27851097,b26924525,2.6539347171783447
u81563683,b50384790,3.8838486671447754
u32859467,b72304066,2.2820701599121094
u05039268,b05643903,3.3030567169189453
u31819624,b81894885,3.6768078804016113
u10905348,b49553867,3.4187090396881104
u86308891,b66373100,3.5120038986206055
u48710861,b33391853,3.9255571365356445
u64848102,b60423207,3.1750705242156982
u42229875,b30188578,3.6806414127349854
u45451877,b33653482,3.0886077880859375
u92212199,b96783065,3.2787280082702637
u20661599,b21458320,3.4679386615753174
u36075241,b82924906,4.236822128295898
u77345583,b35750024,3.563666343688965
u13452665,b11338586,3.27986478805542
u37146560,b43856030,3.705808162689209
u29193562,b79928088,4.339085102081299
u35441885,b24058570,4.016244888305664
u20171277,b14602134,3.016364097595215
u34008350,b39837030,4.505162239074707
u60604937,b06167371,3.3116204738616943
u94685335,b40809211,3.8153634071350098
u72153092,b88947899,3.549471139907837
u83162402,b55694594,4.485357761383057
u24906290,b41566519,2.6951940059661865
u04647337,b36688616,4.0310258865356445
u63686868,b57560785,2.7923355102539062
u36804931,b14632405,4.528245449066162
u36253444,b36742728,2.9522311687469482
u26280113,b88562055,4.107021331787109
u22040768,b86481101,1.8956093788146973
u54415687,b70912031,3.753114700317383
u10186706,b26937304,3.527346611022949
u55438986,b36030424,2.758288860321045
u48368857,b70664431,4.400400161743164
u53517112,b76470121,3.9156980514526367
u89999370,b58139174,3.513420581817627
u92418281,b69110543,1.9954155683517456
u89776444,b48076498,4.18243932723999
u83916752,b09123950,3.3215720653533936
u90912294,b87612334,4.549825668334961
u97791330,b00682250,3.3828647136688232
u70816650,b04222499,2.51222825050354
u36850316,b10567312,3.6622610092163086
u53274598,b16001033,2.8174450397491455
u93310747,b29802159,4.424834251403809
u64668970,b35620613,3.20479679107666
u42185739,b40825074,4.129681587219238
u45642446,b91803785,3.001570463180542
u50067861,b13168701,3.305407762527466
u89722702,b46006537,3.9189438819885254
u33940670,b94931388,3.2674167156219482
u20558426,b78275112,4.926995277404785
u96063214,b74511960,3.9932303428649902
u45384323,b63603925,3.5354084968566895
u29452212,b83048635,3.8541269302368164
u24364162,b67351913,4.073241233825684
u49042679,b59126161,3.345273733139038
u01510400,b11734216,4.9979963302612305
u72002179,b89115141,4.286745071411133
u93824571,b77628606,4.089236259460449
u64418709,b62396194,3.6774330139160156
u72944496,b62325202,3.3861212730407715
u44231126,b52842739,4.231161117553711
u46429470,b22242111,3.357217788696289
u65526477,b98844131,4.363234519958496
u49704095,b68095123,3.8372058868408203
u22332122,b23760358,4.069052696228027
u68914359,b04820955,3.529568910598755
u24357683,b25811713,4.286602973937988
u64722224,b07278059,3.4418327808380127
u23886510,b90354954,3.348834753036499
u82532497,b37657413,4.249636173248291
u11092792,b19483433,4.128873825073242
u25214996,b07278059,4.069694519042969
u14366179,b30188578,4.055914402008057
u38198183,b84502187,2.8171515464782715
u65778808,b07925447,4.311888217926025
u14561689,b93745301,4.169559001922607
u49682699,b18056133,3.215974807739258
u41578414,b08824716,4.585000991821289
u86743603,b16792882,2.174504041671753
u28019541,b89449410,4.105713844299316
u64075204,b74720509,3.799194812774658
u89616697,b74821603,4.00136137008667
u28871970,b18610759,3.4509220123291016
u89229950,b04222499,4.3229193687438965
u26949491,b23457095,3.9136366844177246
u40051347,b02061575,3.7144107818603516
u78079158,b73131708,3.7060494422912598
u12522342,b92457365,4.1512041091918945
u38749133,b36724483,4.05913782119751
u84150076,b32051554,3.930190324783325
u75047836,b40461164,3.7127761840820312
u21110986,b54721829,3.327700138092041
u42767664,b36810424,3.5989460945129395
u53516084,b05994307,4.1281962394714355
u11218299,b23760358,4.1148362159729
u19359999,b29451564,3.247039318084717
u90954930,b19537558,3.9015445709228516
u15728468,b08473327,3.980886936187744
u93965296,b79098002,2.731419563293457
u67012124,b30177082,3.2043704986572266
u24514790,b86788370,3.521122694015503
u99844571,b74929101,4.231867790222168
u83620922,b76040943,3.842355966567993
u41018417,b06439034,3.6043858528137207
u22082696,b20480775,3.578247547149658
u49011838,b34348391,4.002920150756836
u05053280,b61372131,3.9759116172790527
u72524935,b18056133,3.785403251647949
u61657634,b70680443,4.058826923370361
u01215804,b69217848,1.4760715961456299
u46353403,b19830299,3.251167058944702
u91091073,b66908318,4.895977973937988
u94076461,b47027276,3.9206302165985107
u58798079,b23711476,3.5937576293945312
u49052155,b12920844,3.7981338500976562
u93029873,b32304104,3.008059024810791
u93634803,b62853608,4.522566318511963
u33795061,b84239754,3.557507038116455
u68918240,b38122928,4.056117057800293
u08963969,b32735719,2.2104063034057617
u88855120,b90639021,3.1883113384246826
u80545919,b28530903,3.6878409385681152
u13174235,b18610759,4.115758419036865
u05426031,b62008180,4.174504280090332
u12699035,b43020589,3.6226625442504883
u07065718,b90840036,3.3246779441833496
u35701429,b05154189,2.928921699523926
u33541460,b67835665,2.9206461906433105
u93082778,b17525719,2.790503978729248
u66649804,b36766414,3.750614643096924
u52142148,b85321421,3.8595938682556152
u74156215,b26354292,3.513038158416748
u55246006,b70930132,3.2591161727905273
u64250012,b11760574,2.8333852291107178
u39328336,b25342608,3.5857534408569336
u08711981,b66678855,4.094259738922119
u15439346,b17367693,4.044432640075684
u43658390,b35020640,2.5970797538757324
u63535210,b57704283,3.647587299346924
u24651790,b39989034,3.746774435043335
u83824062,b40128170,3.0548810958862305
u89371570,b23760358,3.754323959350586
u95309858,b83644107,2.972376823425293
u73528797,b91418854,3.559216260910034
u88160149,b63894107,3.2300543785095215
u94597305,b52892780,2.981525421142578
u23486500,b41451971,3.5327279567718506
u94010999,b43423374,3.1415116786956787
u70093844,b60484296,3.2722702026367188
u33756658,b39081955,4.232568740844727
u01312674,b90720703,2.3543694019317627
u69788525,b93418350,3.4858133792877197
u02595131,b61372131,2.9425771236419678
u20705504,b93475213,3.0771617889404297
u95645990,b84770627,4.616571426391602
u66422273,b68009767,4.0970916748046875
u24039586,b84394767,4.222171306610107
u95352714,b72600058,4.3211517333984375
u78208769,b71642432,1.6646816730499268
u47439388,b13716034,3.2682945728302
u08003077,b86574556,3.0871386528015137
u84830545,b03946791,3.8672852516174316
u13318779,b00682250,4.907519817352295
u57647098,b14851058,3.634767770767212
u89804464,b80294058,3.2666683197021484
u93768630,b80102793,4.78593111038208
u03182407,b11028012,4.07248592376709
u60509224,b93043249,3.791949510574341
u93961145,b51050771,3.368276357650757
u55229187,b41242113,3.7772765159606934
u19587941,b26635003,4.0212721824646
u22057983,b78407229,2.8794517517089844
u04162144,b80719023,3.3879663944244385
u69345352,b14476018,4.089483261108398
u03963023,b60107102,4.085729122161865
u12754251,b74511960,3.7059202194213867
u07046778,b00524153,4.785641670227051
u82636648,b82203807,4.883079528808594
u71504121,b79975924,4.478437900543213
u94253888,b15936866,3.4030532836914062
u86485225,b19822827,4.338011741638184
u92127840,b12120726,2.730329990386963
u97291734,b40598851,3.4562621116638184
u93657105,b19822827,3.739600658416748
u33529038,b07327816,4.072473526000977
u22046987,b52438974,2.8363118171691895
u14555588,b80070869,4.619626045227051
u67155583,b93711721,4.075713157653809
u43723408,b39216951,4.4098405838012695
u05187443,b40650642,3.848598003387451
u94201910,b47074257,3.7401628494262695
u42177790,b38730188,3.3138957023620605
u12508559,b89141222,4.34499454498291
u99033847,b81940295,3.7834339141845703
u37566265,b88182084,4.000584602355957
u77626932,b21398815,3.113508939743042
u53046585,b52929604,4.467382907867432
u82114895,b78359727,3.2371249198913574
u24499403,b55852933,4.201796531677246
u56942139,b68605354,4.216711044311523
u65153115,b40128170,3.959033966064453
u45977223,b49740475,3.0777487754821777
u66970209,b54235467,3.3544974327087402
u84678740,b04797457,3.8924388885498047
u78330064,b09049778,4.8614068031311035
u75369963,b13305550,4.35938835144043
u79620013,b81900502,1.6451354026794434
u68344451,b47831110,3.192326545715332
u80751457,b99196780,3.2934322357177734
u48515668,b29921261,3.222242832183838
u79471930,b95056678,4.196683406829834
u93921587,b29505914,3.6250510215759277
u24275043,b61973226,3.7648606300354004
u08088480,b80730701,3.8074240684509277
u85290789,b12501556,2.4935762882232666
u15542242,b60484296,3.810197353363037
u38186388,b39065480,3.675319194793701
u25549601,b28651364,4.302252769470215
u19559277,b23267382,4.892472267150879
u94254017,b31988440,3.5953636169433594
u71501754,b78275112,4.543315410614014
u96328929,b03946791,4.2862629890441895
u29129705,b37068431,3.7516238689422607
u54674120,b36754274,3.557291030883789
u93510082,b82237545,4.39338493347168
u04116236,b11048241,3.6863303184509277
u84957700,b28334886,3.51269268989563
u41963934,b46584434,3.2291452884674072
u65080619,b97730029,2.506795883178711
u79184117,b68763841,3.4089269638061523
u10870922,b55084829,4.887102127075195
u52478134,b89765180,3.283534049987793
u24372896,b03280239,3.324850082397461
u71133221,b26937304,3.676274299621582
u48935650,b76329691,3.7815892696380615
u34354995,b22786588,2.872426986694336
u91082942,b64843954,4.05233097076416
u19078435,b05473357,4.5184855461120605
u56390283,b20048021,3.4644546508789062
u76753582,b11338586,3.3793962001800537
u08129037,b11686068,4.622529983520508
u02604082,b49708294,3.152512788772583
u18185102,b62670070,3.304987668991089
u40372703,b95816463,4.078117370605469
u37642082,b98034668,3.3774797916412354
u78358083,b94660986,3.29131817817688
u73004766,b44240900,2.713931083679199
u01341479,b08545824,4.778811454772949
u30958816,b25479999,2.6934938430786133
u51471145,b25020940,2.940088987350464
u10650650,b18610759,4.414453506469727
u20138498,b01335249,1.483501672744751
u94055084,b20144597,2.8525869846343994
u12558328,b45704835,3.186610221862793
u14321575,b92959743,3.0702409744262695
u31771696,b18378777,3.1068904399871826
u19369815,b50070819,3.2246146202087402
u56908186,b52339175,4.13137149810791
u79439479,b82890607,4.1221442222595215
u82649411,b89860106,3.476217269897461
u94780617,b00525842,3.4877758026123047
u02177139,b85483140,3.837535858154297
u56193717,b20500557,4.031723976135254
u35705210,b95656028,4.345289707183838
u51116369,b36762401,4.442091464996338
u77053891,b90109445,4.358832836151123
u85899585,b97887852,3.892335891723633
u53907927,b88949884,4.2716803550720215
u73029652,b23457095,3.650324583053589
u80285471,b62012637,4.066287040710449
u53442639,b04374540,3.7210724353790283
u52728007,b71020602,3.7819275856018066
u65490952,b00524816,3.9163765907287598
u42656130,b79928088,3.9826536178588867
u79244850,b32288653,4.057127952575684
u95966427,b69647795,3.9074525833129883
u28285396,b09979253,3.603835344314575
u36067539,b05853556,2.911015033721924
u36275356,b00278122,4.39033842086792
u32041083,b89300391,4.122966766357422
u05706135,b65873951,4.175472259521484
u08718879,b59428284,3.617948055267334
u41341224,b44944170,3.356029510498047
u51198938,b26246971,3.784491539001465
u56315230,b71927035,4.192399024963379
u14747677,b21398815,2.7462806701660156
u08575196,b74821603,3.6673688888549805
u98894399,b60149039,2.951105833053589
u94342961,b08545824,4.130574703216553
u81632612,b70912031,3.9758548736572266
u21755450,b50771485,4.743115425109863
u05706135,b08349503,4.487575531005859
u50971722,b29422431,4.224583625793457
u45943214,b09365531,3.303528308868408
u58798079,b78180005,3.5931878089904785
u20133160,b71450314,3.9600424766540527
u36578477,b04222499,3.4961869716644287
u83582416,b65540932,3.1871979236602783
u05803773,b39312928,3.4114155769348145
u50734345,b06167371,3.4068667888641357
u70528229,b58973293,3.7480270862579346
u29084780,b88978481,3.8429157733917236
u42103042,b40598851,3.2768619060516357
u53535109,b58705047,3.8038253784179688
u58132822,b39941601,4.366549491882324
u22837702,b72708439,3.816281318664551
u99289732,b77016365,2.8851804733276367
u26056926,b29802159,3.7324471473693848
u25578359,b30195280,3.4320056438446045
u10653795,b80663565,3.721968173980713
u65548859,b30331659,4.411108016967773
u26894362,b35526856,3.552990436553955
u25848530,b58973293,4.014202117919922
u27601144,b01714936,4.461572647094727
u40132847,b16404249,3.898733377456665
u95865521,b32051554,4.262660026550293
u08005445,b62853608,3.839179515838623
u01662164,b57316882,3.910083293914795
u29042194,b59428284,4.289868354797363
u21399053,b54369491,3.526494026184082
u98615520,b43099409,3.9520506858825684
u70335183,b54844775,3.7866437435150146
u59886903,b36465673,4.120217800140381
u10599598,b95080493,3.310421943664551
u92071605,b29422431,3.581780433654785
u50463587,b73220043,1.518019199371338
u94281399,b52929604,4.604292869567871
u57943745,b75622933,3.988142967224121
u10178570,b26924525,3.4127440452575684
u42123552,b78275112,4.0790252685546875
u02122107,b36742728,4.679888725280762
u70863551,b87351489,3.2524163722991943
u49142547,b03102677,3.693091869354248
u26970598,b18610759,4.601809501647949
u67675183,b52736396,4.64095401763916
u99294028,b25246589,3.515800714492798
u51943515,b36465673,3.9703469276428223
u20322725,b99502898,3.289879560470581
u52268925,b80616100,3.2747373580932617
u55735368,b45502382,3.2565176486968994
u69733353,b09150505,3.670288562774658
u60133250,b63603925,2.433016061782837
u40593388,b08827813,2.5589003562927246
u39357958,b41804017,3.3154125213623047
u21883260,b75100696,3.730316638946533
u11662039,b07278059,3.88283634185791
u20370957,b50384790,3.368849754333496
u27060136,b46024181,3.689986228942871
u00352482,b82793590,4.210057258605957
u83225585,b43599490,3.3304152488708496
u04380227,b10239804,3.0151495933532715
u60255310,b83158521,2.9604454040527344
u28871970,b76040943,3.576648235321045
u69548402,b75817040,3.766263961791992
u94083295,b37068431,4.272374153137207
u22837702,b06266660,4.7546844482421875
u24949491,b37504309,2.8974192142486572
u08263463,b66416013,3.5630815029144287
u89440195,b10061501,3.3656246662139893
u11890989,b95816463,3.8293356895446777
u91210006,b54043673,3.690316677093506
u05754952,b89860106,3.1604878902435303
u97969120,b22475341,3.47652268409729
u02131049,b50497268,3.5250654220581055
u94779480,b41432738,3.9464128017425537
u40902965,b17187529,4.012753486633301
u85158495,b16365742,4.226382255554199
u09665635,b03887811,3.192387342453003
u74287423,b53813950,4.229668617248535
u63176188,b62670070,3.0150060653686523
u19389234,b71294015,4.238516330718994
u05903903,b65629315,4.038234710693359
u05291493,b48337204,3.5984721183776855
u94777402,b05356235,3.7843945026397705
u71258935,b12120726,3.489753246307373
u87416393,b69647795,4.505006313323975
u72018224,b62325202,4.119279384613037
u65807817,b65540932,4.639206886291504
u85538255,b79253970,4.312955856323242
u26502416,b55111127,3.3656418323516846
u33869045,b18705025,3.3711318969726562
u82866002,b93241768,3.594886302947998
u06592677,b10136233,4.107744216918945
u13185986,b09049778,4.01392126083374
u79468562,b44944170,2.503267765045166
u08954179,b25678098,3.5814175605773926
u37378221,b12526023,3.937736988067627
u56157509,b29392448,3.729707717895508
u69128809,b41451971,3.8261878490448
u82853057,b71271368,4.295133590698242
u65584896,b95835140,3.3251335620880127
u37623051,b55873037,3.4417779445648193
u74284844,b45954724,3.6118648052215576
u42996376,b18378777,4.178194999694824
u94002761,b48244702,3.9226813316345215
u20456719,b63532485,4.180153846740723
u09051557,b29576446,3.30487060546875
u34298647,b74960873,3.856499195098877
u67183425,b39183217,4.562484264373779
u72018224,b33550237,4.173484802246094
u03720893,b64858692,3.925820827484131
u82290508,b44711938,4.0280866622924805
u16132576,b52249964,3.79813814163208
u41959013,b14485952,3.2633471488952637
u07242663,b29998162,3.510998249053955
u10086354,b97160170,3.9187583923339844
u01133150,b07142228,3.6364502906799316
u56850527,b25313511,3.3565592765808105
u89657234,b43964712,4.115425109863281
u59716007,b10567312,3.7550392150878906
u77839767,b78359727,3.3997669219970703
u75341448,b24941696,4.368771076202393
u72295004,b06036306,3.564875364303589
u49766071,b28661214,2.479520082473755
u53489985,b67474210,3.546902656555176
u95742213,b74821603,3.1540889739990234
u33693872,b29618673,3.49505615234375
u98448658,b78457511,3.6888070106506348
u16991119,b40809211,4.037202835083008
u52436554,b93625021,3.746314764022827
u03815866,b83750707,4.328207969665527
u84955651,b39664275,4.235475540161133
u90522208,b01428640,3.54610013961792
u15480196,b47152281,4.535989761352539
u77670229,b41171200,4.486207008361816
u14492955,b41876913,3.8442130088806152
u16232231,b33550237,3.8776628971099854
u31858791,b00745370,4.430139541625977
u93692215,b45441357,3.4875411987304688
u46487107,b70055485,3.6257386207580566
u76010851,b99935727,3.2830796241760254
u60126994,b59164750,2.618155002593994
u76083242,b06167371,3.541001319885254
u72216034,b51332181,2.380413055419922
u10040864,b65411088,3.675379514694214
u94015575,b49553867,3.6519761085510254
u04711675,b42027204,3.5966758728027344
u63529072,b51178409,3.7521493434906006
u03929923,b22931155,3.5235517024993896
u10647272,b57937614,3.455756425857544
u43767789,b43479570,4.04413366317749
u47623503,b51365796,4.360954761505127
u20796304,b39047271,3.3097400665283203
u22099110,b57528832,4.2944865226745605
u85065532,b16681073,3.6727559566497803
u96556267,b64898087,3.915616035461426
u18067046,b40151793,4.269341468811035
u18793021,b70930132,4.213163375854492
u85756978,b46139942,4.087245941162109
u91899322,b03128651,2.658813714981079
u65374904,b41094724,4.033590316772461
u74614401,b09616276,3.6929867267608643
u66607513,b99145398,4.425954818725586
u03342449,b19494868,2.8435912132263184
u42367116,b16792882,2.9448838233947754
u40522835,b38333313,4.001753807067871
u49827667,b23091439,3.832773208618164
u29159429,b76321859,3.2837038040161133
u70838455,b66994950,3.8007187843322754
u09411493,b89817655,4.426275253295898
u86755380,b15439387,3.6575136184692383
u43781286,b80506673,3.9434614181518555
u72400826,b10032964,3.8195977210998535
u43560593,b21357510,3.812514305114746
u77872197,b56105038,4.115429878234863
u52733800,b21674268,4.310766696929932
u75364480,b29576446,3.952432870864868
u72129996,b91644790,3.757272481918335
u73733436,b05051783,4.200064182281494
u83326604,b02766522,3.279900550842285
u15053831,b70664431,4.53339147567749
u09276918,b65629315,4.117248058319092
u64386674,b75852622,3.9318132400512695
u83462080,b51986055,3.985255718231201
u64711801,b56679875,2.3368489742279053
u69128707,b77906666,4.261061668395996
u60318173,b76981983,4.097236156463623
u90624462,b46966835,3.1635797023773193
u34768480,b21357510,3.7628800868988037
u37076703,b42749067,3.387439727783203
u74049313,b17187529,4.428115367889404
u64111733,b06167371,3.2243571281433105
u74470735,b07563168,3.954403877258301
u14603989,b09049778,4.4359259605407715
u97880581,b39916665,3.976105213165283
u66391046,b71927035,3.619076728820801
u67686746,b31055466,3.604114532470703
u51103758,b51332181,4.0609564781188965
u17416636,b08004121,3.455742120742798
u28775705,b06618138,1.5522851943969727
u44862282,b27121084,3.237860918045044
u14051815,b43914262,4.140815258026123
u50254533,b77201589,3.2928638458251953
u29443722,b67550881,3.8191027641296387
u25753456,b33076549,4.282446384429932
u96401773,b84537834,3.2658021450042725
u24161899,b50384790,3.8893158435821533
u96276787,b05051783,3.6233761310577393
u82983911,b26315023,3.0995144844055176
u70941546,b92457365,2.719259262084961
u50885579,b20500557,3.617672920227051
u13301535,b42977080,3.671318292617798
u39896773,b66908318,4.197265148162842
u77022004,b88487078,4.338776588439941
u76912385,b99798293,3.6402297019958496
u38026191,b10567312,4.112384796142578
u24651790,b07855606,4.14805793762207
u91577358,b18610759,4.184614181518555
u03683135,b74511960,2.955376625061035
u69631099,b32645491,3.2956058979034424
u88492985,b64124445,4.226900100708008
u63202713,b50070819,3.223717451095581
u19350864,b38519248,3.531201124191284
u77593706,b24274613,3.839472770690918
u60659034,b11179371,3.8579187393188477
u54296143,b52929604,3.7442386150360107
u04837935,b64609180,2.9734365940093994
u57523140,b65013689,4.150053024291992
u54532563,b29422431,4.091149806976318
u28520652,b47616125,4.107831001281738
u59588208,b75871556,3.6721229553222656
u95255205,b59273187,2.885258436203003
u15673904,b38905954,3.988555908203125
u76289922,b49452303,4.010214805603027
u13555505,b97152132,3.1570773124694824
u15495716,b31414608,3.4446353912353516
u78508070,b76932568,4.113697052001953
u93825940,b59818681,3.9797439575195312
u29304016,b31259442,3.5778145790100098
u43614169,b79253970,4.037379741668701
u65526477,b57528832,4.921977996826172
u46252485,b92536464,3.5917887687683105
u49807544,b79462608,4.227197647094727
u94597305,b33110278,3.3991706371307373
u82824742,b57704283,2.8978443145751953
u74759517,b40527915,3.986563205718994
u43525550,b64124445,3.5331106185913086
u18677285,b55594839,3.1962502002716064
u80733525,b70625345,4.091557502746582
u88907554,b29998162,3.1863784790039062
u30941279,b08777701,4.182955741882324
u81574368,b43055826,3.947362184524536
u90502882,b50453414,4.102183818817139
u22415566,b05994307,3.484341621398926
u20432143,b34348391,3.7290310859680176
u00572577,b31821160,1.0502454042434692
u63690783,b34953904,4.575143337249756
u63415639,b23492482,4.098835468292236
u90380245,b73176165,3.8902082443237305
u07694222,b67877559,3.165529727935791
u28075346,b31687952,3.4427928924560547
u78412287,b05381215,4.091618537902832
u61326851,b47027276,3.1897568702697754
u09332086,b93745301,4.73714017868042
u35516653,b69989437,3.4677462577819824
u18532995,b70940730,3.6880624294281006
u46470082,b54384341,4.0849809646606445
u75369963,b06319328,4.424139499664307
u60593746,b70305381,4.257667541503906
u82135094,b47971024,3.955608367919922
u70585994,b78647061,4.420696258544922
u28177574,b39613729,3.636495351791382
u36508571,b57528832,4.233098030090332
u89694806,b76864243,4.048262119293213
u69083102,b31919542,3.5421652793884277
u61511488,b22475341,3.722536087036133
u52444317,b81899028,3.5247273445129395
u24875976,b12894375,2.3365464210510254
u00539188,b44711938,4.464487075805664
u92068846,b03946791,4.5257391929626465
u72715921,b29738200,4.014044284820557
u46040510,b06167371,3.4309959411621094
u58390138,b30342653,4.222700119018555
u91500563,b39118709,4.095295429229736
u00081952,b17187529,4.107866287231445
u30062892,b91561409,3.4860711097717285
u45710721,b89817655,4.700589656829834
u06885955,b60756073,3.2616233825683594
u97599229,b18610759,4.86496639251709
u84520343,b63993683,4.3553314208984375
u63653850,b52485134,3.985286235809326
u57927806,b67550881,3.970851421356201
u34639302,b18722570,4.1645050048828125
u31876679,b63673377,4.611295700073242
u94485198,b98630806,2.291856050491333
u20520606,b99343396,3.5293619632720947
u32899581,b36312601,3.587877035140991
u45755529,b39916665,3.54011869430542
u12124877,b03719723,4.358382225036621
u50163382,b99503422,3.349356174468994
u73679478,b52485134,4.014164924621582
u46303573,b79253970,4.076654434204102
u71313113,b47854311,2.7959752082824707
u13757407,b10535798,3.534482717514038
u92268456,b90421686,4.107203483581543
u14704997,b05540735,3.6718974113464355
u18265021,b89115141,4.199810981750488
u36984392,b96244732,2.802823543548584
u75105891,b49096684,3.302975654602051
u84894108,b21864336,2.870694160461426
u52376860,b07812624,4.543270587921143
u83936105,b52217488,3.90450382232666
u25402322,b62882893,3.638486862182617
u97068646,b38587885,4.6040167808532715
u55319680,b18040488,2.1731553077697754
u41015385,b06167371,2.1593034267425537
u88580861,b29576446,4.668100357055664
u46970938,b17187529,3.195524215698242
u73528797,b04065817,3.5887956619262695
u01662164,b97282600,3.4177145957946777
u91179151,b80615876,3.9840354919433594
u57209684,b14338293,5.0
u62425760,b78457511,3.891892433166504
u22903105,b97815152,3.523550510406494
u29276337,b99502898,4.273375034332275
u10146626,b27805537,3.5270438194274902
u76620060,b04222499,3.752470016479492
u98960690,b59207489,4.132234573364258
u63919938,b66348359,3.2312612533569336
u21815060,b75573131,3.9553098678588867
u06771513,b32268381,4.687158107757568
u89558878,b33381231,3.625971555709839
u36063847,b90745685,2.875231981277466
u64170741,b52929604,4.344083786010742
u87573336,b34466452,3.14186692237854
u36613804,b25020940,3.9467334747314453
u30239919,b72969078,4.098044395446777
u66688382,b78359727,3.4366915225982666
u37802748,b28615151,3.6441757678985596
u00750701,b59575409,3.2208380699157715
u58314879,b08004121,3.3640170097351074
u46802819,b15083656,3.4938910007476807
u23820251,b60875236,4.302022933959961
u56452808,b57648353,3.1812663078308105
u65255742,b61679036,2.9574661254882812
u30386654,b63603925,2.273653268814087
u83872939,b66348359,3.7718443870544434
u59477498,b41341679,3.9290518760681152
u82158451,b69155228,3.035351037979126
u50707733,b92324747,4.081568717956543
u77869331,b42977080,4.020594596862793
u26706123,b12151882,4.663702011108398
u40220596,b29738200,4.113887786865234
u52582385,b04822506,3.3405253887176514
u30010234,b39081955,4.467453956604004
u76078817,b96783065,4.213170528411865
u77146748,b16001033,3.769193410873413
u76694297,b08004121,3.224604845046997
u20947133,b17882892,3.8749945163726807
u50529587,b73296646,3.4780352115631104
u15282615,b56105038,4.02996826171875
u45020171,b39793559,3.4311060905456543
u60814873,b83439687,4.150002479553223
u30289787,b70594592,3.921942710876465
u34823819,b82148195,3.92771053314209
u31956668,b99643124,3.2627062797546387
u92177581,b71271368,3.7419819831848145
u26025358,b74511960,3.587066650390625
u06736406,b43196456,4.395140647888184
u72974311,b89206056,2.964226722717285
u85363635,b32566952,3.033296823501587
u03764204,b08004121,3.48221755027771
u38186388,b36587154,3.517085552215576
u82919199,b20547561,3.484602451324463
u19955120,b31362596,3.6059160232543945
u57618343,b36439102,3.6700077056884766
u95529862,b43392556,3.5555343627929688
u95309858,b40598851,3.3027567863464355
u41236627,b73005358,4.692079067230225
u86405538,b98256804,3.9144768714904785
u92624969,b28190473,3.075739860534668
u88580861,b34463991,4.046883583068848
u93845045,b27975191,3.558779001235962
u23767921,b60425244,3.7351112365722656
u07530083,b33110278,4.360196590423584
u34551404,b80618902,2.8329617977142334
u03198592,b53423202,4.921390533447266
u13551955,b43107195,4.498902320861816
u80568239,b05271936,3.6583423614501953
u86043592,b88947899,4.307384490966797
u96959819,b90617158,3.8205556869506836
u47040111,b95056972,4.039286136627197
u59245355,b30769966,4.001104354858398
u45555801,b93745301,4.541556358337402
u28020081,b57648353,3.4465572834014893
u43278751,b09049778,4.603221893310547
u17588186,b36072132,4.124919414520264
u32820349,b65320766,3.9996726512908936
u53565322,b68325129,4.09616756439209
u27135408,b73525767,3.48482084274292
u56542859,b19363346,3.3301594257354736
u10299529,b41341679,3.2527213096618652
u84055376,b81841696,3.4473233222961426
u79728863,b33781701,4.165066242218018
u01133150,b03946791,4.779126167297363
u79831986,b37424896,4.54196834564209
u75060856,b41399471,3.6003637313842773
u31102720,b42989183,3.637289047241211
u06646421,b57648353,2.9696147441864014
u25796820,b29376205,4.170619010925293
u48935650,b21557753,4.190633773803711
u12750786,b82664640,3.594503879547119
u35923562,b93314367,4.102361679077148
u89074257,b00524153,4.087510585784912
u23913767,b08004121,3.237940788269043
u69877779,b02833529,2.850947618484497
u06573160,b54842512,2.510051727294922
u57942067,b46704985,3.5927724838256836
u66776120,b36972912,4.024139881134033
u88017117,b98823102,4.1386213302612305
u40224882,b26924525,3.5519771575927734
u64811285,b59349150,3.426333427429199
u58900348,b69197217,3.862549304962158
u58764035,b55916323,4.223569869995117
u97081007,b89251739,3.558269739151001
u51984237,b61372131,4.387666702270508
u13994934,b49523962,4.709437370300293
u36230736,b74929101,4.297680854797363
u30572958,b57528832,4.235459327697754
u84626644,b33470089,4.418503284454346
u63511462,b52467549,4.470518112182617
u32124903,b50443121,3.58189058303833
u71654832,b91418854,3.9514598846435547
u95422980,b96794654,4.537308692932129
u71685034,b49553867,3.1862008571624756
u72104964,b10567312,3.7100229263305664
u55464233,b12091978,4.065704822540283
u75144451,b86480331,4.625828742980957
u12384183,b44944170,2.5323033332824707
u99758131,b37466269,3.67470121383667
u56882102,b20877763,4.132274627685547
u63662742,b13298774,4.421058654785156
u28103358,b60484296,4.145047664642334
u38868815,b74214703,3.594453811645508
u26647833,b07453967,4.329578876495361
u87431060,b88317943,2.73811674118042
u80265893,b46006537,3.8755593299865723
u61465326,b16148471,3.57139253616333
u14322787,b86350682,3.062927007675171
u18931626,b31362596,4.1416425704956055
u53259713,b08166228,2.971406936645508
u67899505,b29392448,4.2431416511535645
u67329165,b71492235,3.880985736846924
u80565692,b45954724,4.192605018615723
u31101043,b27123849,1.432614803314209
u27786892,b27179218,4.5260210037231445
u03495027,b24644027,4.521183967590332
u54129361,b18378777,4.003007888793945
u62560494,b90840036,4.477396011352539
u45696130,b09393084,3.4368700981140137
u14300648,b83795179,3.6691107749938965
u87880871,b97302773,4.8180317878723145
u47405626,b15860915,2.9537386894226074
u80502541,b68297715,3.3603858947753906
u01018072,b83439687,3.1676437854766846
u46569578,b52217488,3.463249921798706
u75556645,b97309966,2.613464117050171
u20444352,b90765666,3.424940586090088
u78643696,b78275112,4.812231540679932
u34717751,b66664015,3.308643341064453
u93080623,b37504309,3.388859748840332
u65264325,b60950824,3.7727417945861816
u66542361,b46025192,3.8484299182891846
u19636190,b33230428,3.8693692684173584
u10115672,b74591012,3.7331104278564453
u31182543,b45373576,4.464944362640381
u59244206,b08545824,3.8606839179992676
u15312867,b99069142,4.619545936584473
u19670566,b96756396,3.760974407196045
u27678822,b17323580,4.505445957183838
u65105537,b08545824,4.5862579345703125
u82497120,b13363712,3.8112287521362305
u50178503,b35693434,3.901477575302124
u17713002,b74443023,3.3418118953704834
u47730533,b41402498,3.7932357788085938
u92199098,b11179371,3.566657066345215
u65255742,b15860915,3.7395033836364746
u45862864,b28716627,3.7153005599975586
u38476212,b02432872,3.844235420227051
u56628091,b61149027,3.4619295597076416
u65495873,b84405755,3.5436995029449463
u14582741,b32521851,4.100526809692383
u65301210,b96980363,3.1640377044677734
u87871756,b34412831,4.132911682128906
u18955788,b56466462,3.496096611022949
u52697737,b78457511,3.9499330520629883
u97892320,b97815152,3.2366979122161865
u60675077,b86254243,3.8163952827453613
u18086641,b18392017,3.0241730213165283
u95529862,b67584295,4.6995649337768555
u34767637,b92959743,3.303591251373291
u02687206,b64414401,3.431753635406494
u46400993,b57528832,4.110550880432129
u13420018,b67380674,3.643906831741333
u83879318,b66646834,3.201105833053589
u21813168,b35020640,3.697787046432495
u44214949,b77049201,3.890064001083374
u63420097,b15274576,3.4420418739318848
u17361967,b98844131,4.288731098175049
u40756430,b13061166,4.310958385467529
u30958816,b13274041,3.6860296726226807
u77437293,b24571577,3.2107627391815186
u19978316,b96067067,4.402710914611816
u44890483,b31362596,4.160966396331787
u42398246,b08545824,4.149359226226807
u24987588,b99519260,3.353578805923462
u14527179,b15268547,4.388331890106201
u55497766,b29576446,3.436600923538208
u44257728,b06167371,3.761770248413086
u51733361,b57937614,3.059532880783081
u09716118,b64898087,3.2886147499084473
u09197006,b84792068,2.5300474166870117
u23593217,b44628555,3.8441433906555176
u77542260,b70930132,3.4674863815307617
u45436164,b67030393,2.620591878890991
u93426510,b88947899,4.361181735992432
u33931183,b55084829,4.075798034667969
u93402555,b70930132,4.159967422485352
u29161789,b93241768,3.779627799987793
u41115084,b15764467,4.585001468658447
u76170115,b12151882,4.117466926574707
u36552146,b08473327,3.475935935974121
u23417836,b86788370,4.242781639099121
u50092737,b94732784,2.7983274459838867
u94412410,b78275112,4.9808526039123535
u16431573,b26246971,2.8261032104492188
u17508858,b07378867,4.956564903259277
u67857862,b96218574,4.0702009201049805
u57729910,b26138336,3.3516454696655273
u35740247,b39941849,3.3918652534484863
u59789307,b14888446,3.2575387954711914
u75226092,b91561409,4.002956390380859
u80933086,b40128170,4.325437545776367
u93815296,b69647795,4.717587947845459
u51600461,b39398529,4.126317024230957
u55509158,b31259442,4.047525405883789
u86078907,b36282154,4.042812347412109
u66970209,b28563077,3.7744879722595215
u46171578,b10032964,3.955446243286133
u59191201,b34348391,3.8925139904022217
u20320947,b74442841,3.043060779571533
u73273001,b56105038,4.647157192230225
u57565666,b03466142,2.444234848022461
u39243005,b17604493,3.354719638824463
u48924692,b67550881,4.265278339385986
u17508858,b41653159,4.852493762969971
u71506103,b48166789,3.25532865524292
u28052333,b80102793,4.080137252807617
u05271422,b37351373,3.2249350547790527
u30759279,b60484296,3.50407075881958
u47881645,b65216323,3.9988210201263428
u71541859,b05228534,3.9777493476867676
u98810613,b03946791,3.9214882850646973
u97703650,b95835140,4.295339584350586
u26998471,b04627067,2.790825128555298
u77049036,b03833044,4.1810760498046875
u73056721,b10369117,3.8558900356292725
u74280480,b60173142,3.914623737335205
u07647919,b08349503,3.6014351844787598
u51510467,b07378867,3.8190107345581055
u16884390,b62282738,3.3206775188446045
u62246283,b15460735,4.8537139892578125
u22317377,b98353918,3.2533679008483887
u23772909,b59721679,3.0547823905944824
u27851097,b64858692,2.9028372764587402
u48151858,b31867052,3.1140782833099365
u50654021,b54132932,2.9557480812072754
u85396590,b00722811,3.296672821044922
u24621480,b38770961,4.412619590759277
u73299189,b52001713,4.490528106689453
u19585150,b79619792,3.2026872634887695
u14067213,b74442841,3.3633079528808594
u18515348,b69110543,3.2193827629089355
u86000496,b09049778,3.887314796447754
u15940685,b72504593,4.737330913543701
u16359454,b19892880,2.6379635334014893
u56670410,b86788370,4.140905380249023
u66521601,b71494126,2.899810314178467
u18466008,b36948165,3.433715581893921
u03818853,b08545824,4.06492280960083
u53587406,b39255385,1.6039447784423828
u40637866,b86254243,4.073984146118164
u75635802,b48968957,4.076667785644531
u65071622,b50384790,4.103276252746582
u60909797,b22652791,1.7133560180664062
u91301456,b17718695,3.398800849914551
u32012696,b51191220,3.5508971214294434
u62695354,b34532932,3.527827262878418
u28168380,b15722276,4.242551803588867
u11291574,b69867088,3.5646257400512695
u99391635,b16955253,3.842784881591797
u85035338,b00862017,3.8346314430236816
u71852787,b71271368,3.9256439208984375
u57930029,b09614554,2.86555814743042
u80123752,b96783065,3.333789587020874
u31451485,b79242317,3.2862110137939453
u14555588,b12151882,5.0
u58039967,b37657413,5.0
u59679210,b14304119,4.2932891845703125
u73232662,b14304119,3.359952926635742
u53535109,b28651364,4.2435102462768555
u44715210,b96067067,4.3197760581970215
u97338470,b89076715,3.9609081745147705
u49011838,b10240083,3.468344211578369
u95208213,b07812624,4.545782089233398
u21980831,b96067067,3.9282259941101074
u85178283,b53321055,3.8344268798828125
u20133160,b26203592,3.317171573638916
u78480616,b67901319,3.7432913780212402
u67526638,b75920771,3.0977416038513184
u48880806,b09101662,4.509570598602295
u43022151,b39709801,4.283145904541016
u39916505,b92457365,3.9923033714294434
u05235592,b86889066,2.444692373275757
u28142931,b95113879,4.45136833190918
u49182796,b36231626,2.9393553733825684
u16051264,b17585340,3.6844446659088135
u31435822,b59032154,3.7096962928771973
u93123375,b20114940,3.4809727668762207
u12124877,b23369233,4.303231716156006
u45158000,b77594490,3.3188304901123047
u40777674,b57648353,3.4411821365356445
u84307873,b35185805,3.283310890197754
u39345457,b27676757,4.6045122146606445
u00260350,b35620613,3.228097438812256
u54074395,b41451971,2.5759339332580566
u51818370,b20547561,3.0514886379241943
u58181013,b32553243,3.6443421840667725
u33323848,b17159384,4.0698137283325195
u15940685,b08778756,4.185172080993652
u94505733,b97309966,3.6933531761169434
u26164890,b68922028,3.6945528984069824
u42086896,b88409508,3.533113479614258
u87440691,b09317112,4.723533630371094
u60569511,b99836543,3.7012953758239746
u07058216,b86785429,3.9581594467163086
u70424355,b45594562,3.7822117805480957
u50872236,b84249554,3.6509897708892822
u20019335,b02751647,3.315748691558838
u95089834,b86603263,4.217368125915527
u39238888,b17244552,3.452620029449463
u51380066,b15730430,2.616929531097412
u61584202,b47027276,3.773253917694092
u70877505,b88947899,3.051506757736206
u21469052,b81651581,2.8870861530303955
u85290789,b58541163,2.8766028881073
u42786157,b52929604,4.02182674407959
u92593828,b87113859,3.53770112991333
u05847649,b46344425,3.62296986579895
u12483090,b83749692,2.5710127353668213
u37740140,b29751550,2.555438995361328
u96157831,b12151882,4.597301959991455
u08715727,b07577205,3.7644858360290527
u87062457,b20071798,4.348352432250977
u47605910,b46024181,3.6895480155944824
u34247346,b59127097,3.2194275856018066
u23346966,b79815294,3.8883872032165527
u04348807,b56337803,3.51771879196167
u88453886,b19483433,4.1714186668396
u03946016,b31362596,3.668884754180908
u14136068,b41516337,2.474031925201416
u99441894,b23760358,4.590874671936035
u12581800,b71005952,4.265692234039307
u37411448,b92631370,1.390287160873413
u33863042,b64410001,2.3500423431396484
u64696137,b91908533,3.6334123611450195
u78890347,b10614264,2.375389337539673
u12123643,b38850631,4.500455379486084
u07388631,b71271368,4.208058834075928
u03458163,b06439034,3.663282871246338
u96281563,b68095123,3.4792284965515137
u24498632,b17585340,3.7446231842041016
u66008419,b56105038,3.623781681060791
u93474677,b75920771,4.026468276977539
u42487495,b84319928,3.6706573963165283
u95234780,b96980363,3.8728275299072266
u39984587,b38217497,3.1236419677734375
u51394014,b11245769,2.500699758529663
u49060323,b53766868,3.5628857612609863
u31903808,b65701444,2.4145450592041016
u82580769,b37351373,3.946758985519409
u40026320,b86085751,4.22188138961792
u36226151,b18591671,3.710824966430664
u21132835,b91709312,3.589113712310791
u18351571,b34460060,3.5093140602111816
u62160902,b62181786,3.1697072982788086
u08458904,b26940296,3.3239684104919434
u47606079,b55852933,3.943592071533203
u94342228,b34041135,4.10494327545166
u95212378,b94989213,3.575430154800415
u31756932,b47831110,4.326953887939453
u28019541,b50477077,3.7126903533935547
u82455933,b98413533,2.7597928047180176
u66758585,b31024771,3.128330945968628
u42508931,b31362596,4.151682376861572
u80491755,b19483433,3.5883629322052
u26652432,b27096444,4.070445537567139
u05808887,b00629748,2.9091861248016357
u50924960,b28190473,3.591348648071289
u19348541,b21742051,3.993791103363037
u61394609,b88947899,4.05656623840332
u00280944,b25847150,3.1941335201263428
u02250001,b72245040,4.529026508331299
u93358666,b38337565,3.3008878231048584
u40310042,b33362196,3.7410078048706055
u75060856,b05231805,3.9854958057403564
u66588004,b17604493,3.585085868835449
u80055027,b88487078,4.317445278167725
u05331703,b32051554,3.6013102531433105
u47430962,b70912031,4.463558197021484
u38479170,b67550881,4.405158042907715
u11633291,b61372131,3.5188915729522705
u52839510,b44628555,3.3140788078308105
u79870708,b66416013,3.58189058303833
u96565884,b18610759,3.7678396701812744
u88344994,b06167371,4.207752704620361
u23528815,b39501581,4.530313014984131
u09797759,b93745301,4.3119001388549805
u74791329,b06766591,3.4566760063171387
u56200198,b37548208,3.9478063583374023
u85378616,b56180380,4.2096428871154785
u31664858,b84770627,4.085602283477783
u41725320,b20790379,3.5361268520355225
u06392303,b98256804,4.086258411407471
u74523080,b29802159,3.744795799255371
u08777805,b29576446,4.577476501464844
u05914217,b68763841,3.3708457946777344
u89353973,b73131708,4.008871078491211
u08344877,b76329691,3.9226632118225098
u89618952,b28942881,2.3442652225494385
u29312493,b29520915,4.017435073852539
u54988183,b03719723,3.754906177520752
u60655685,b68725737,3.8237898349761963
u45432198,b07278059,3.183338165283203
u63678361,b10949180,3.792248487472534
u34360137,b59304782,4.449349403381348
u88456257,b78008834,3.7331738471984863
u63380040,b64124445,3.8420302867889404
u81593383,b65411088,3.3350837230682373
u90650879,b82023182,3.1156744956970215
u18419216,b32288653,4.0884552001953125
u35124651,b28003505,3.6191182136535645
u15944624,b47096249,3.215094804763794
u18307554,b61082114,4.059787750244141
u77352536,b21997501,4.299862861633301
u19012643,b31821160,4.432338237762451
u97839657,b61679036,3.0419058799743652
u45227505,b61677779,2.8203725814819336
u72173357,b53545849,3.938572883605957
u35527661,b85475670,3.244786024093628
u04024123,b19387654,3.726386547088623
u06687144,b84753332,3.497105121612549
u06900329,b38926619,2.737083673477173
u07188115,b53252526,3.45145320892334
u89633507,b41047811,3.8865623474121094
u92916405,b56337803,4.097323894500732
u22773783,b80687283,3.1844780445098877
u04999531,b28169388,4.122755527496338
u92438328,b13298774,3.6209444999694824
u38486698,b78764412,3.1434926986694336
u49498186,b09158223,4.472602844238281
u41276959,b15847411,3.4761950969696045
u68785769,b70715493,3.3633034229278564
u35109017,b21458320,2.8402998447418213
u33138373,b61372131,3.698971748352051
u93986318,b12601599,2.5616416931152344
u70130864,b33846906,4.184168338775635
u48525144,b41076898,3.5163486003875732
u20517040,b09049778,3.735726833343506
u25649808,b09979253,4.464865684509277
u95235900,b56779366,3.706061363220215
u13797876,b68580972,2.8741846084594727
u30681822,b42687771,4.106369495391846
u40633454,b01714936,4.52913236618042
u82636648,b33084179,5.0
u36365217,b03964990,1.8218443393707275
u91179151,b23482469,3.6150693893432617
u05666975,b37466269,3.176612138748169
u69357820,b95128552,3.922990322113037
u78647159,b09419504,3.5834269523620605
u86349570,b70912031,4.661534309387207
u43146014,b83158521,3.080009698867798
u71367996,b79253970,4.141666889190674
u16516341,b94438753,4.38520622253418
u27834253,b03946791,3.810946464538574
u44298708,b05231805,3.9236795902252197
u45149354,b23089015,4.047416687011719
u09295513,b02984754,3.635209560394287
u94241877,b21013059,3.308138608932495
u95030396,b57002888,3.834836006164551
u09126322,b77265663,4.050039768218994
u42758834,b13989244,3.022517681121826
u31246128,b07378867,4.263705730438232
u88013865,b12120726,3.8099794387817383
u57337526,b05154189,3.487659454345703
u47816280,b33827517,4.2712507247924805
u91161935,b70625345,2.963925838470459
u25670249,b64045516,3.74515962600708
u26400358,b54435088,2.9336063861846924
u13462062,b29505914,3.86569881439209
u18265021,b36185570,3.66853928565979
u69285047,b81552082,2.94842529296875
u95418535,b22242111,3.7705342769622803
u41018417,b11516322,3.8302483558654785
u57992518,b61694785,3.0867109298706055
u68482799,b33243384,3.8559622764587402
u34062801,b86254243,3.9224538803100586
u77746175,b18610759,4.012086391448975
u43566276,b27348716,3.6174254417419434
u22034128,b19953221,2.796293258666992
u74801159,b93745301,3.8978655338287354
u33109857,b47831110,3.051257848739624
u97010305,b34681163,4.148319244384766
u62004707,b39837030,4.179859161376953
u09984403,b77594490,3.8060758113861084
u32624189,b74790797,3.84352970123291
u32715624,b22016281,4.573312759399414
u16190850,b60613242,4.068935871124268
u98977322,b60613242,3.7324607372283936
u31733741,b84239754,3.9093246459960938
u81296646,b92959743,3.483717679977417
u74387459,b67873731,3.320366859436035
u25290922,b02582153,4.166440486907959
u38959583,b49553867,3.743230104446411
u61495778,b49542120,3.4909780025482178
u53741864,b42371178,4.093219757080078
u04189711,b98954571,3.7803573608398438
u86857833,b80952577,4.529176712036133
u96562396,b92030362,3.9125940799713135
u55011570,b87612334,4.8378825187683105
u23538254,b95656028,4.088551044464111
u23627275,b33470089,2.43168306350708
u36984392,b52929604,3.487854242324829
u95803602,b32735719,3.212675094604492
u35179065,b17585340,3.294316291809082
u07314483,b05274465,3.033123731613159
u75817470,b28624417,3.9778857231140137
u58549167,b56123208,2.883331060409546
u45860108,b98844131,4.136919021606445
u58485896,b80754789,3.865598440170288
u93803977,b74929101,3.7041616439819336
u48372327,b16385735,2.8700056076049805
u87898897,b64926766,4.19747257232666
u93993233,b21674268,4.134941577911377
u26386778,b50280528,3.054976224899292
u93476362,b20684073,4.2216620445251465
u57014405,b20225146,3.820540428161621
u28761230,b92228402,2.85754656791687
u82489636,b73131708,2.5240049362182617
u19575655,b27280638,4.6441497802734375
u55071917,b07278059,3.99499249458313
u10395592,b68580972,2.8331313133239746
u92228553,b78402742,3.563121795654297
u51612465,b88949884,4.5982513427734375
u99239293,b74303154,4.044544219970703
u78983467,b79327088,2.0045852661132812
u25331281,b35167597,3.613758087158203
u36940268,b96756396,3.9966697692871094
u43703081,b82853645,3.8656177520751953
u75509055,b86355152,3.609245538711548
u97574845,b08878545,2.4142909049987793
u29443722,b22475341,3.6195058822631836
u53672940,b72304066,3.5612900257110596
u63141559,b78180005,3.842589855194092
u95886756,b07831192,3.6172659397125244
u03341829,b88947899,3.7321135997772217
u45539765,b25020940,3.197329521179199
u18509067,b07420982,3.9757628440856934
u33019071,b84511533,4.489411354064941
u72263727,b47677064,3.2601518630981445
u62152626,b04493477,3.7134885787963867
u04067469,b70912031,3.78012752532959
u52728007,b81697368,4.012328147888184
u22040768,b62396194,2.00584077835083
u08019250,b23378256,3.9860777854919434
u81603581,b62670070,3.7006587982177734
u46565934,b13659180,3.6485230922698975
u55671313,b29199360,3.8800320625305176
u65438624,b61082114,2.0638539791107178
u56941696,b21398815,3.248609781265259
u29469733,b57002888,3.294060707092285
u61015527,b26651767,3.550212860107422
u47312937,b10463804,3.247918128967285
u75144451,b83048635,4.317813873291016
u23134617,b34755064,4.61898136138916
u63379422,b37068431,3.640530586242676
u51830357,b78008834,4.706804275512695
u50737310,b80719023,3.918137788772583
u80946521,b26043658,4.087883472442627
u87452148,b36231626,2.6224427223205566
u24564954,b67474210,2.5825867652893066
u42245227,b57002888,3.742443084716797
u86782301,b58973293,3.6948659420013428
u31360914,b45651575,3.320249080657959
u72804214,b20200244,3.581052303314209
u78428359,b77333717,3.1733689308166504
u99255968,b44944170,3.6353161334991455
u10650650,b27803824,3.384784460067749
u64822594,b69241339,3.2276535034179688
u51570709,b37657413,4.488796234130859
u85648434,b98630806,4.225899696350098
u16729766,b18056133,3.5212650299072266
u21076349,b60484296,4.1715569496154785
u75060856,b37706230,3.4941658973693848
u07615320,b90354954,3.2721986770629883
u84022190,b88380822,3.529491901397705
u20690061,b96990898,3.8494858741760254
u53534673,b00793888,4.008134365081787
u41744739,b82972083,4.008702754974365
u21625781,b17741315,3.6329879760742188
u04322681,b03854925,4.324982643127441
u45346658,b96067067,4.678854942321777
u88113247,b06266660,4.082816123962402
u23602324,b86522412,4.554346084594727
u07758969,b31365966,2.970646381378174
u11901927,b64124445,3.4474570751190186
u51352105,b71643966,2.6391124725341797
u77087319,b41341679,3.595480442047119
u09701203,b63408778,3.9010558128356934
u95645990,b39664275,5.0
u62874550,b97197433,2.6625547409057617
u14157443,b09315420,3.332787275314331
u74850751,b65873951,3.3213279247283936
u24217046,b14304119,3.6613402366638184
u01347868,b61372131,2.828788995742798
u44871467,b88947899,3.2606632709503174
u48555518,b74719644,3.400386333465576
u85197890,b88086544,3.825930118560791
u92689470,b42977080,3.737307071685791
u64269580,b69669795,4.556725978851318
u96034485,b13298774,3.136974334716797
u70941546,b72304066,3.444599151611328
u29947218,b04068168,2.8930165767669678
u04472363,b17581033,2.407371759414673
u77854909,b21546847,3.6674461364746094
u44421421,b12962230,3.92262601852417
u99828079,b50384790,3.9255270957946777
u72516573,b26940296,3.571866035461426
u53225231,b82793590,3.435929298400879
u06010884,b78275112,4.567688941955566
u50654021,b08473327,3.1091742515563965
u79804519,b57167994,2.71049427986145
u17456323,b53507756,3.810272216796875
u99411811,b31687952,4.026106834411621
u47176182,b72782535,3.4274492263793945
u27091620,b80625075,4.277562618255615
u05753831,b34532932,3.9550771713256836
u33198378,b78275112,4.645585536956787
u50722975,b53321055,3.78627610206604
u96426689,b61885569,2.8515172004699707
u49808969,b93241768,3.7486565113067627
u58566782,b28995195,4.321995735168457
u22082696,b56105038,3.7052717208862305
u88903696,b01544730,2.392974615097046
u39733358,b92522391,3.092778205871582
u42576545,b06167371,4.337167739868164
u72523185,b34755064,3.957298755645752
u36093462,b71904117,3.8423118591308594
u88449390,b73296646,3.6071035861968994
u00240267,b87030762,3.947298288345337
u13835890,b18591671,4.341646194458008
u47907635,b74929101,3.848705291748047
u58801357,b04222499,4.044867038726807
u15446768,b09049778,4.3089752197265625
u60040540,b46064947,3.9891936779022217
u40053591,b36378884,2.672224998474121
u27610799,b48544437,2.889738082885742
u60963496,b98034668,3.645880699157715
u80629397,b68986624,3.5528950691223145
u91614054,b43697974,4.451418399810791
u22729454,b11089852,3.3882102966308594
u22497171,b53773789,3.587101459503174
u29532396,b09049778,4.302346229553223
u57943745,b43914262,4.029407024383545
u21521914,b66664015,3.813119649887085
u87030214,b96756396,4.552282333374023
u31885698,b05978638,3.9225974082946777
u17812940,b31988440,3.870115280151367
u66384984,b40650642,4.137392997741699
u24432245,b28028276,4.093074798583984
u30192879,b53546909,4.023439407348633
u65584896,b46024181,3.089550018310547
u24128032,b05376454,3.1025476455688477
u47614464,b80479144,2.2623233795166016
u60386828,b11284653,4.022571563720703
u94502728,b36766414,3.477863073348999
u35632929,b62718965,3.667654275894165
u05441583,b82853645,4.305110454559326
u17326443,b54878424,3.3824586868286133
u12668296,b78750301,3.7715139389038086
u54191121,b82757661,3.1136860847473145
u28566738,b74821603,4.0029401779174805
u65941002,b90174434,3.5836844444274902
u58771335,b96783065,3.664515972137451
u32166934,b37923635,4.124683856964111
u17683255,b32751556,3.977631092071533
u26300604,b60823162,3.9283089637756348
u62412003,b29751550,2.9579989910125732
u69900195,b02833529,2.811504364013672
u21709312,b81004899,3.1644482612609863
u21056033,b20144597,3.7004971504211426
u24347218,b89407525,3.185777187347412
u57013229,b37466269,3.5877556800842285
u49052155,b60562440,3.3807125091552734
u13130392,b49488733,3.2815074920654297
u27077171,b96838424,3.4333884716033936
u96490004,b79928088,4.126718521118164
u86290164,b49494082,3.6396536827087402
u75091416,b53220424,4.369513511657715
u75435887,b74596901,3.51531720161438
u41535627,b32727723,3.9498558044433594
u44862282,b72860992,2.9772231578826904
u70430385,b04065817,3.9324302673339844
u49353084,b21546847,3.7917263507843018
u65299580,b78377250,4.6557769775390625
u95233105,b37638417,4.680459976196289
u34160118,b79816155,3.139101982116699
u42164906,b37657413,3.2818400859832764
u03359520,b71827801,3.5455522537231445
u59245355,b24620866,3.8466310501098633
u44038200,b39915063,3.1887292861938477
u21213227,b57528832,3.8642683029174805
u44718585,b96858256,3.2715044021606445
u47706676,b23457095,4.302022933959961
u55163843,b96054626,3.8368868827819824
u94648914,b09589765,3.5291922092437744
u19042551,b76691430,3.3857061862945557
u39837557,b20547561,2.997385025024414
u01518697,b39903678,4.008020877838135
u68091606,b14338293,4.781702995300293
u44519787,b05372439,4.999321937561035
u65238835,b44711938,4.127574920654297
u01465624,b91561409,3.0174570083618164
u87536260,b09049778,3.979457139968872
u69299250,b99079714,4.045831680297852
u62408348,b04222499,4.744449138641357
u31854712,b79928088,4.366832256317139
u12181648,b20287395,2.3897063732147217
u24575138,b18722570,4.3486223220825195
u59367051,b51534871,2.8501529693603516
u96848649,b85930360,2.556825637817383
u88017117,b15682357,3.700284957885742
u51478724,b04222499,3.752866268157959
u72942332,b30494145,3.016422986984253
u46772870,b00490633,3.533033609390259
u65080619,b80148153,2.975105047225952
u33376497,b67086257,3.3302369117736816
u42749427,b40477781,3.7799887657165527
u12816990,b07278059,4.124531269073486
u26480193,b77508650,3.61275577545166
u03942781,b38905954,3.7836036682128906
u13861223,b31362596,4.245587348937988
u60015993,b54384341,4.4829936027526855
u58563514,b51311359,3.32295560836792
u25537009,b06802134,5.0
u75753102,b84826557,3.6453070640563965
u15778147,b58139174,4.369241237640381
u52268925,b04873655,3.1299095153808594
u52321175,b56466462,3.22223162651062
u18979372,b79815294,3.478604316711426
u89004977,b56787707,3.874661922454834
u76956835,b56466462,3.5644822120666504
u65298567,b82301487,3.3208398818969727
u69160033,b92457365,3.1980643272399902
u15552475,b86522414,3.635603666305542
u34550327,b74167560,3.1969246864318848
u77872197,b74938144,3.533966302871704
u51836359,b44711938,3.3816027641296387
u37224153,b03197895,3.276582717895508
u92938542,b80871817,3.933432102203369
u31393439,b50384790,4.377152442932129
u13131410,b62396194,4.214618682861328
u06582764,b65928236,3.1962509155273438
u88929039,b87779498,2.92293643951416
u52376392,b33903888,2.4232845306396484
u11553276,b97302773,4.20992374420166
u51395872,b01335249,4.468056678771973
u90042564,b55226287,4.839372634887695
u40929703,b22634453,3.339965343475342
u08350594,b68674805,3.176962375640869
u01088059,b56915887,3.7143471240997314
u47470770,b50284484,3.2985551357269287
u27663047,b96054347,3.1862573623657227
u06089446,b42349213,3.702456474304199
u92312731,b07378867,3.971707344055176
u28888395,b79928088,4.992105484008789
u40801254,b78124101,3.7123284339904785
u66108479,b99145398,3.1992619037628174
u35130740,b28615151,4.2377705574035645
u31441532,b49488733,3.8043432235717773
u48831352,b95081671,4.140538215637207
u35095860,b80596289,3.372365713119507
u23876123,b29998162,3.0563173294067383
u12261233,b91102051,2.8262717723846436
u48907207,b45594562,3.999685287475586
u66162303,b33935257,4.1436567306518555
u67116445,b19208256,3.7907776832580566
u32055982,b54791634,4.433422088623047
u55029519,b00653768,4.330087661743164
u92415349,b67030393,3.679636240005493
u69870873,b38122928,4.335726261138916
u72102241,b52648851,3.913698673248291
u38499079,b08473327,4.004888534545898
u92345239,b80651257,2.9351797103881836
u72505603,b64138226,3.68829345703125
u58790283,b67165478,2.7440152168273926
u55755379,b51030315,3.870699882507324
u18035604,b46584434,3.3044533729553223
u78308541,b11519462,3.5585949420928955
u08718879,b60434059,3.4928274154663086
u92515797,b12526023,4.162534713745117
u63145838,b61005749,4.203583240509033
u21476770,b95785803,3.8165242671966553
u61594129,b00242900,4.251617431640625
u78480616,b14632405,4.211493492126465
u46937493,b68526080,3.2420921325683594
u61774386,b71020602,3.630525588989258
u49807892,b09101227,4.050856590270996
u22480048,b18530260,4.028428554534912
u11984307,b45441357,3.374724864959717
u90468861,b96192852,3.0425119400024414
u84104407,b53423202,3.1973278522491455
u26738032,b05271936,4.229806423187256
u61093424,b49323159,3.559046745300293
u16340544,b35020640,3.763240337371826
u42432249,b16385735,3.2124626636505127
u07385921,b82853645,3.4443397521972656
u81747174,b82890607,3.2404613494873047
u81484971,b75852622,3.7246758937835693
u16035859,b41341679,4.286996364593506
u77291252,b37561328,4.67816686630249
u44457694,b37068431,4.835167407989502
u90867529,b95816463,2.469006061553955
u15819872,b30331659,3.4669508934020996
u08080153,b71294015,4.306236267089844
u11004561,b79253970,3.7325592041015625
u97625171,b31988440,3.9271888732910156
u59477498,b75817040,3.7532765865325928
u40681266,b86376623,5.0
u32012219,b36794167,3.2109460830688477
u15210302,b79994865,3.4153037071228027
u09611684,b71271368,4.784343719482422
u79294548,b86896365,3.862210750579834
u69482567,b93997659,4.675209045410156
u29052853,b15642417,3.9294204711914062
u45697256,b00722811,3.95383358001709
u80222471,b52736396,4.753376007080078
u94783900,b28493148,2.052298069000244
u78951421,b45708783,4.386325836181641
u92446519,b63603925,3.6908512115478516
u77286985,b53423202,4.136412620544434
u06431119,b17244552,2.6926562786102295
u36226151,b80719023,3.581300735473633
u57167390,b41341679,3.96323299407959
u35095860,b05154189,3.805922031402588
u43361353,b71005952,4.180828094482422
u75638367,b64728084,3.5910117626190186
u85203854,b82148195,3.033111333847046
u90160283,b97454851,4.1391401290893555
u95209722,b93745301,4.8569560050964355
u99678054,b78180005,3.8371999263763428
u28124594,b46271044,2.8792431354522705
u81796859,b35526856,3.265489339828491
u11514065,b89407369,2.7908880710601807
u13670496,b65098253,4.236814022064209
u15640952,b02582153,4.109721660614014
u77307956,b64124445,4.243439197540283
u73187477,b09365531,4.164856433868408
u91861876,b43892559,2.191891670227051
u43444649,b62202095,3.0673794746398926
u14321575,b56662995,3.453334331512451
u19715940,b11652461,2.97902512550354
u68781462,b96067067,3.6752219200134277
u05039268,b08545824,3.2934072017669678
u66912355,b31687952,4.004212379455566
u28464683,b52485134,3.348135471343994
u77580309,b38423888,4.255748748779297
u04650093,b76864243,4.320672035217285
u59579597,b10567312,3.4182791709899902
u23477030,b91686353,3.7440576553344727
u04988037,b78180005,3.8014278411865234
u31378328,b09419504,4.489211559295654
u44900135,b03102677,2.8865954875946045
u56943829,b38958539,4.2418670654296875
u08593205,b08545824,4.749415874481201
u83052461,b41560938,4.10408878326416
u19115513,b14476018,3.7343485355377197
u58325931,b57648353,3.5390920639038086
u46804800,b38423888,4.381827354431152
u28761230,b74575407,3.77341890335083
u20584708,b09902724,3.9669103622436523
u59070515,b07812624,4.725613594055176
u78494608,b70664431,4.248443603515625
u68386879,b35891508,3.3574061393737793
u38028720,b22475341,3.1361565589904785
u92558620,b80053887,3.6601359844207764
u42771555,b41451971,3.914262533187866
u74709209,b21278589,3.225726842880249
u05897446,b12081050,3.9596610069274902
u59287004,b78275112,4.413141250610352
u01162279,b91885011,2.711857795715332
u20429654,b50384790,3.902155637741089
u42618919,b06439034,3.4798011779785156
u27907344,b32751556,4.149282455444336
u93963825,b29576446,4.027299880981445
u90972153,b26138336,3.4431824684143066
u90224178,b53423202,4.624660015106201
u61884306,b86889066,3.0934176445007324
u29391626,b04820955,2.886563301086426
u91274757,b32727723,4.123486518859863
u80541829,b91712126,3.409012794494629
u14027921,b78275112,4.580025672912598
u30010234,b39664275,5.0
u96745059,b30241917,4.0186848640441895
u24211784,b32938031,3.860032320022583
u34503413,b73921727,4.451833724975586
u04999531,b72782535,3.669248580932617
u28110271,b75852622,3.874488353729248
u91027135,b49799589,2.9734084606170654
u74095242,b73898225,3.3732423782348633
u31084464,b19822827,3.6341540813446045
u04332420,b39989034,3.855130434036255
u19958493,b66908318,4.628320217132568
u07286926,b72027832,3.0057945251464844
u57839152,b78703712,3.576162338256836
u46400993,b88562055,3.841090440750122
u81847417,b59881354,3.4356114864349365
u30047455,b15460735,4.511023998260498
u76745887,b89582994,4.1840291023254395
u90291986,b02840016,2.7526450157165527
u63407690,b45033558,4.068569183349609
u91697783,b39915063,3.4134421348571777
u26316465,b57266227,4.126051902770996
u85401916,b26651767,3.266496181488037
u41082713,b76040943,4.220763683319092
u22415566,b04588843,3.6244945526123047
u44273384,b82682340,3.980921745300293
u28391854,b88261609,3.1091017723083496
u89131359,b79928088,4.68362283706665
u36219718,b82546611,3.783221483230591
u28627886,b77628606,3.3993711471557617
u97953116,b21674268,4.282176494598389
u44519787,b13108919,4.188361167907715
u71412071,b56492521,3.5916426181793213
u82754354,b22582370,2.720226287841797
u31378328,b86769740,4.842872619628906
u64675386,b06167371,3.818449020385742
u73622960,b95822040,3.6502740383148193
u36869370,b01714936,3.970459461212158
u40783974,b12870754,3.8397469520568848
u93665263,b61670483,4.122641563415527
u30644325,b41402498,4.236015319824219
u02190494,b43964712,3.0598137378692627
u78989148,b67380674,4.072774410247803
u59368481,b34466452,3.4199905395507812
u04024123,b79357715,3.3410897254943848
u40845636,b16918176,4.650088310241699
u88493329,b93573763,3.0296168327331543
u38124405,b88182084,3.433635711669922
u52386234,b74821603,3.5622966289520264
u52453326,b11689530,3.760005474090576
u81875522,b78647061,4.371485233306885
u05075929,b57130459,3.9319210052490234
u06127654,b51927662,3.310939073562622
u45884981,b85741718,4.096972465515137
u20436565,b20547561,4.080347061157227
u25289869,b79928088,4.888812065124512
u02730778,b96533725,3.7210636138916016
u42988270,b04820955,2.9942872524261475
u87278144,b50453414,4.294933319091797
u87891022,b80160832,3.4536828994750977
u16334013,b06439034,4.417304515838623
u29637960,b42232720,3.102057456970215
u52460388,b77201589,3.9356794357299805
u92256884,b23760358,4.633187294006348
u81255493,b93745301,2.614485263824463
u19263327,b18610759,3.286069393157959
u43120066,b44108993,3.6576268672943115
u76014666,b02994747,3.2526931762695312
u33538812,b91561409,3.7123100757598877
u16960266,b70977140,3.2386484146118164
u61587998,b37068431,3.2663826942443848
u83587595,b47339229,3.423389196395874
u18708765,b26635003,4.405022621154785
u53396512,b17585340,3.199200391769409
u06591217,b24413532,3.711432456970215
u84900512,b63408778,3.3077142238616943
u33115808,b57745506,3.3375489711761475
u09508217,b13716034,3.6562371253967285
u87361136,b52503900,3.2501957416534424
u08684872,b28651364,3.279076337814331
u93469666,b28651364,3.6692280769348145
u32946603,b76642772,2.61289119720459
u40572500,b12962230,3.6071839332580566
u13070832,b79928088,3.963758945465088
u78088174,b07327816,4.647106647491455
u97800729,b88463400,3.8470568656921387
u60127176,b29576446,4.351304054260254
u71852569,b25958104,3.6173346042633057
u30069721,b75541992,2.822697639465332
u93532304,b80479144,3.112907648086548
u98924202,b23369233,3.759770393371582
u23510860,b26003550,2.863407850265503
u23384472,b64898087,3.1512389183044434
u37918620,b88978481,3.101679801940918
u93225743,b83705852,3.9172654151916504
u94242346,b86376623,4.34942626953125
u44034253,b87049222,3.982964038848877
u39427052,b86746458,3.7552077770233154
u74565740,b74189476,2.390216827392578
u95803602,b47931880,3.9051754474639893
u31156311,b95822040,3.8775575160980225
u57931849,b88740280,4.228880882263184
u41410979,b71472247,4.378284454345703
u02790181,b52239571,3.3032846450805664
u67927839,b96621963,3.658067226409912
u72928644,b54878424,3.6109418869018555
u32124903,b68181496,3.255481481552124
u63030385,b39941849,2.9945976734161377
u20740500,b86391415,3.878364086151123
u18836759,b29138116,3.0064961910247803
u50708042,b07378867,4.113531589508057
u35939120,b36185570,2.4741833209991455
u16598498,b58585939,3.4685826301574707
u24909319,b30769966,3.982090711593628
u32619804,b13540873,2.8263051509857178
u71095001,b50384790,4.094532012939453
u36406172,b16199206,3.583385467529297
u35963763,b07812624,3.8148696422576904
u24046648,b11234289,3.7076363563537598
u84257148,b22227603,3.8431718349456787
u14312140,b88978481,2.808152198791504
u15953743,b81524397,3.9809350967407227
u93492638,b07278059,4.613692283630371
u82810602,b06439034,3.4181067943573
u44018767,b86834511,4.4069414138793945
u76978999,b09071076,2.3666958808898926
u94532964,b19953221,3.4536938667297363
u39800684,b93745301,4.658905029296875
u42799163,b70014102,3.932724714279175
u61684017,b41341679,4.210840225219727
u76776251,b94660986,3.0846381187438965
u03651153,b74821603,4.0191497802734375
u34101607,b34130268,3.6888673305511475
u55273027,b19830299,3.7442307472229004
u68212901,b23711476,3.7669546604156494
u60554054,b99196780,3.5411906242370605
u64390767,b29802159,4.288437843322754
u59716007,b80294058,3.5709388256073
u54462718,b12151882,4.827853202819824
u18478454,b94406818,3.726870059967041
u80623138,b22439341,3.420720100402832
u84708131,b71069695,3.7697370052337646
u94026615,b88136526,3.2264485359191895
u19681460,b15439387,4.767037391662598
u34304804,b52481155,3.879178524017334
u29346256,b73781985,4.027583599090576
u84194413,b92943233,4.25406551361084
u69175683,b04161893,3.3306021690368652
u93858684,b96067067,4.376406192779541
u82898215,b49495549,3.092240333557129
u74275050,b43914262,4.094160079956055
u96479490,b89572033,3.532996654510498
u14813303,b70680443,4.0937395095825195
u85710559,b37657413,4.1034650802612305
u25199196,b13055413,3.9237639904022217
u49557543,b98256804,4.039580345153809
u98510845,b87404127,3.82011079788208
u24247617,b76473315,4.099329948425293
u89694806,b31230544,3.125030279159546
u99950823,b74418157,3.5487964153289795
u77068583,b43914262,4.131645202636719
u14039822,b41296906,4.2831501960754395
u59788094,b21357510,4.535023212432861
u21493366,b10573448,3.950261116027832
u43828693,b23711476,3.4697816371917725
u64535241,b15038153,3.379779815673828
u25800280,b51733855,3.2749767303466797
u31455377,b03442686,3.562317371368408
u88375036,b60484296,3.638871192932129
u80874682,b35307029,3.056347608566284
u90303198,b54597883,2.9468140602111816
u42166306,b98844131,3.5959630012512207
u06447899,b84930917,3.4363718032836914
u33315764,b38422937,4.100187301635742
u18107072,b66908318,3.942384719848633
u77761098,b29576446,3.913165330886841
u57770669,b02373235,3.2749011516571045
u37521061,b34348391,3.740610122680664
u78984969,b18722570,3.5769927501678467
u52202738,b79994865,4.386382102966309
u13050965,b95822040,3.881711006164551
u45990381,b09419504,3.4561800956726074
u84326043,b84395187,3.0541763305664062
u29570663,b60875236,3.882204055786133
u74154133,b80632364,4.739830017089844
u79302331,b26246971,3.632715940475464
u69258104,b51839247,3.4331157207489014
u66211311,b19830299,3.4293272495269775
u32282996,b47771185,4.554856300354004
u57322645,b89040055,2.6138360500335693
u23470742,b39664275,4.751511573791504
u24906720,b29392448,4.506383895874023
u58734065,b20537286,3.5779805183410645
u94375853,b50453414,4.573151588439941
u05308552,b10206556,4.442571640014648
u54254718,b15268547,4.319521427154541
u07906741,b62240285,3.507732391357422
u72128884,b38352355,4.840075969696045
u86586216,b19892880,3.071669101715088
u45545047,b07133949,3.210627555847168
u08788044,b69989437,4.692355155944824
u69540493,b15764467,4.100394248962402
u99408862,b03839635,3.8436195850372314
u90971268,b39664275,4.958751678466797
u52670570,b25737730,3.820523738861084
u67008938,b31670931,3.3023838996887207
u74800369,b57316882,4.295196533203125
u46921499,b12526023,4.167532444000244
u19856012,b42749067,4.403706073760986
u68499908,b74821603,3.8050622940063477
u93084549,b76473315,3.6725990772247314
u46566970,b31988440,4.287288188934326
u68511836,b39898148,1.6194844245910645
u60761417,b75100696,4.43985652923584
u55955390,b16231894,3.214252233505249
u72364380,b29180233,2.6363940238952637
u20019141,b40598851,3.618387222290039
u32561405,b09365531,3.6447386741638184
u02456486,b90354954,3.7446117401123047
u89149123,b52467549,3.9852614402770996
u51346814,b24054097,2.3985962867736816
u69776507,b36754274,3.17923903465271
u94685335,b29802159,4.159750938415527
u55118849,b15090850,2.5956830978393555
u81686813,b21557753,4.298386573791504
u26474410,b72818018,2.4565718173980713
u77562248,b72926591,3.462200164794922
u55028285,b65905420,3.321749687194824
u25124540,b70940730,3.344264507293701
u09546067,b38122928,4.231531143188477
u97704226,b83638329,3.4032700061798096
u61390499,b37643548,3.4430389404296875
u71672269,b41047811,3.3687171936035156
u80847654,b37363405,3.4150028228759766
u66608873,b82757636,3.361618995666504
u57342675,b48197202,3.985987663269043
u59889044,b78407229,3.7364954948425293
u53858299,b16918176,3.8055026531219482
u57843861,b55105377,3.747015953063965
u28647393,b12821868,3.589186668395996
u33148420,b31687952,4.700291156768799
u30495798,b86889066,1.4204360246658325
u15927744,b91712126,3.211024761199951
u56110683,b37068431,4.0138750076293945
u45073844,b33849296,3.4770987033843994
u36123598,b92631370,3.4417223930358887
u93552924,b08545824,4.257678985595703
u04655292,b98430543,3.6311450004577637
u67183425,b90171057,4.1782426834106445
u93001106,b33391853,3.953685998916626
u34523543,b83328677,4.198390960693359
u04780750,b39398529,4.219701766967773
u09048822,b67017847,3.732630491256714
u93915775,b21557753,4.174189567565918
u32624615,b68456479,3.045332670211792
u89046970,b67204989,3.8001136779785156
u25842819,b85717760,3.2706406116485596
u39812404,b95511741,3.434682846069336
u19636190,b79928088,4.409466743469238
u57830157,b88947899,1.8847042322158813
u78548634,b66664015,3.689755439758301
u91417091,b18378777,4.23311710357666
u66433832,b68605354,4.112722396850586
u18875634,b35526856,3.6993918418884277
u09908903,b34681163,4.394443511962891
u12662095,b84098191,3.562272787094116
u68170127,b47854311,2.507178544998169
u50073297,b93745301,4.678680896759033
u97083188,b36701991,3.832934856414795
u89126329,b07683840,4.119467258453369
u87857877,b21398815,3.0196468830108643
u00111518,b78275112,4.2568488121032715
u80532603,b05376454,3.5194923877716064
u37497590,b23420370,4.196984767913818
u08849422,b01899333,3.7329158782958984
u78636586,b23760358,4.75382137298584
u56125369,b71794852,4.216248989105225
u92021044,b24365008,3.6046578884124756
u11304856,b46954369,3.444489002227783
u36778699,b09101227,3.8680872917175293
u28748704,b28801125,3.7981581687927246
u75526039,b79253970,4.682201862335205
u89864876,b37246201,4.719293117523193
u31913916,b42065988,4.246902942657471
u93329046,b13298774,3.6358020305633545
u52552770,b98844131,3.853757858276367
u40600699,b83705852,3.2732274532318115
u08652127,b27069434,2.8367221355438232
u92344725,b10302742,4.549078464508057
u49363032,b32288653,3.8141379356384277
u58061624,b39837030,4.355295181274414
u83250068,b02823448,3.826991558074951
u20185646,b62670070,3.3912222385406494
u58771335,b90171057,4.018372535705566
u19873587,b89745317,4.155749320983887
u18222417,b39238354,3.1216235160827637
u02128810,b07161961,3.1855626106262207
u31321045,b29802159,4.221826553344727
u26117410,b30769966,3.5033349990844727
u99020810,b88941730,2.8585879802703857
u10279266,b22070159,3.121190309524536
u50219137,b60950824,4.359773635864258
u21418050,b52842739,4.275942325592041
u85331133,b11179371,3.694539785385132
u72492389,b83439687,4.273574352264404
u49089502,b81974345,3.731551170349121
u34462368,b55690506,4.137816429138184
u35599324,b01544730,3.406769275665283
u00942320,b75517540,3.894252300262451
u27515770,b25847150,3.7652359008789062
u92021044,b79928088,4.1329145431518555
u48148827,b89248994,3.445127487182617
u13939311,b69110543,4.6785478591918945
u15987031,b37351373,4.239687919616699
u66860171,b35407415,3.2297606468200684
u92918332,b22760520,4.020135879516602
u18240284,b81292094,3.1297967433929443
u66614629,b03407173,2.7933812141418457
u16391624,b74929101,3.9503283500671387
u97069025,b19822827,3.6875500679016113
u31281547,b08233764,2.8400330543518066
u93915775,b00191698,3.821413516998291
u55212488,b99503422,3.595398426055908
u05840417,b06594639,3.5062687397003174
u22180745,b58947933,4.205569267272949
u18220179,b64538575,2.806135416030884
u27037204,b10567312,4.247445106506348
u59312574,b03442686,3.9304111003875732
u01897410,b62883286,3.269075870513916
u09082826,b41863473,2.4027233123779297
u09258420,b78420438,2.944474220275879
u66102030,b54878424,3.712388038635254
u19741182,b48534221,3.845944881439209
u15210221,b21997501,3.542875289916992
u68134676,b60484296,3.956913948059082
u39789942,b74821603,4.370749473571777
u20217709,b12526023,3.279852867126465
u83555041,b44267669,2.8071632385253906
u89242628,b05568987,3.694464683532715
u77422280,b62008180,4.899878025054932
u56811672,b16720980,3.239363431930542
u80748350,b05231805,4.235758304595947
u21433672,b66664015,3.562947988510132
u94423946,b12986341,3.102532386779785
u64822594,b31671086,2.805032730102539
u34034454,b56751792,3.9249267578125
u98076470,b52929604,4.201272010803223
u42519639,b98789468,3.294276237487793
u09343094,b41067437,2.8394453525543213
u45600149,b52929604,3.9030821323394775
u67094708,b46139637,4.2602925300598145
u50048486,b58821782,4.4047722816467285
u38354489,b52955298,4.761499881744385
u47435641,b36143453,3.210726499557495
u72804214,b45498653,3.1696722507476807
u15818618,b34105659,3.545013189315796
u06728914,b44849506,2.7933058738708496
u73947280,b21893915,4.426304817199707
u07961255,b68297715,3.866666078567505
u13979153,b16792882,3.48622989654541
u12459097,b42283267,4.013243675231934
u66685714,b94484205,3.6442811489105225
u38518899,b20114940,3.4316329956054688
u23827357,b75366463,3.7036168575286865
u65941002,b45357639,3.4762744903564453
u64050451,b98309105,2.4188075065612793
u45638255,b15301527,3.509521484375
u71534659,b41341679,3.8426148891448975
u64507917,b86254243,3.159595012664795
u30411374,b93745301,5.0
u75222064,b96067067,4.154677391052246
u86999716,b15193806,3.5208740234375
u15408558,b55461548,3.5594229698181152
u17418998,b79083587,4.348254680633545
u70505556,b96067067,3.985795259475708
u24867576,b59459809,3.603147029876709
u21560019,b45609938,4.616878986358643
u87864976,b93745301,4.5292158126831055
u75291961,b24644027,4.029972076416016
u56356445,b01035047,3.7727222442626953
u73035373,b19778297,3.6036083698272705
u12522342,b08545824,4.456940650939941
u83981419,b13116892,4.162998676300049
u97099172,b24413532,3.043118953704834
u64774099,b97528491,3.1806416511535645
u50696116,b79816155,2.5929150581359863
u79397163,b39941849,2.8488943576812744
u13672690,b23285664,3.1404592990875244
u84448456,b28344559,4.358702182769775
u09647830,b67165478,3.4622373580932617
u94454195,b08268015,3.70627760887146
u29161789,b09041547,3.532553195953369
u49843389,b88978481,4.123887062072754
u56976216,b76329691,3.9147872924804688
u67791591,b79815294,3.579221248626709
u65706833,b95816463,3.980332851409912
u30665947,b09049778,4.506124496459961
u20234545,b73906619,4.055704116821289
u49929164,b52929604,4.790713787078857
u99650678,b18378777,4.730157375335693
u67275368,b88947899,3.3618595600128174
u79620013,b40650642,2.453479528427124
u15799498,b54791634,4.284268379211426
u65299580,b74356682,4.164769649505615
u19501629,b25174154,4.2769694328308105
u36187024,b99513977,4.469485282897949
u37215839,b68461819,4.237924575805664
u64507917,b31024771,2.985917568206787
u54086461,b65754390,2.5381059646606445
u07679262,b71271368,4.441098690032959
u72806034,b29802159,4.4003095626831055
u34099137,b55984728,4.284988880157471
u05546673,b12526023,3.961185932159424
u92228553,b35202318,3.6918931007385254
u01827951,b98817279,3.121138095855713
u09969322,b37068431,3.795402765274048
u60787699,b38337565,3.3795037269592285
u14063048,b46064947,3.9799063205718994
u49493699,b70940730,2.8730340003967285
u25827016,b80070869,3.742536783218384
u15966640,b31988440,3.514829158782959
u52690550,b84248014,2.7786202430725098
u32628574,b33091876,3.1229310035705566
u27863488,b75100696,3.4847211837768555
u54674120,b14632405,4.198137283325195
u13824774,b38141876,3.0714149475097656
u00882770,b84098191,3.899522304534912
u07044619,b84249554,3.9484715461730957
u18848158,b35620613,3.89693546295166
u26603113,b17187529,3.085240364074707
u08209473,b74167560,3.4586970806121826
u15532276,b68986624,3.9350924491882324
u44121725,b62349347,3.911980628967285
u27704644,b94296850,3.6129353046417236
u65567300,b62474102,3.8838624954223633
u01894655,b39501581,4.299433708190918
u87085401,b56879260,4.057797431945801
u46998295,b61252494,3.968587875366211
u79889744,b96921455,3.5660252571105957
u05063808,b03114082,2.799525022506714
u28332618,b35765595,3.640923500061035
u44093559,b96192852,3.877166271209717
u37607841,b07831192,4.2801103591918945
u22892814,b29738200,4.009573459625244
u56174006,b69647795,4.605047702789307
u16374861,b01052259,4.189854621887207
u14828659,b94907376,3.7931323051452637
u24624961,b14109776,4.052185535430908
u72928644,b20498497,3.726944923400879
u06089446,b22507296,3.6838979721069336
u25300164,b68998721,3.203357696533203
u49259546,b72160759,3.9418606758117676
u39795907,b55111127,3.2009811401367188
u00177161,b06167371,3.665879249572754
u28909603,b34755064,3.594820499420166
u68991027,b53423202,4.817739009857178
u86857833,b70016806,3.8495161533355713
u94457580,b97219866,4.151044845581055
u64961901,b34162962,3.341736316680908
u66310181,b70155045,3.2174270153045654
u92869066,b09419504,3.902930736541748
u89131359,b98630806,3.9196133613586426
u18958490,b28190473,4.403352737426758
u37337732,b52485134,4.004177093505859
u46480228,b06167371,3.686634063720703
u36839629,b07857410,2.8696038722991943
u34062801,b59304782,4.190178871154785
u54891799,b07378867,3.5594520568847656
u47177222,b77508650,3.516409397125244
u49088604,b11752294,4.156601428985596
u08593695,b05978638,3.086082935333252
u04904839,b03456449,3.397472381591797
u94481824,b15574895,3.8949272632598877
u55892878,b14338293,4.5673723220825195
u21502437,b53220424,4.242502689361572
u61704881,b00524913,4.415618896484375
u49829252,b65216323,3.887529134750366
u50566922,b43561702,3.011326789855957
u18820271,b74821603,3.7310638427734375
u86197430,b26315023,4.518714427947998
u15513648,b11338586,3.053839683532715
u80667680,b16082668,4.943874359130859
u90901823,b20478240,3.4368948936462402
u36790148,b83048635,3.709260940551758
u84551385,b89720882,3.248117685317993
u03815866,b75378143,4.310933589935303
u64738765,b50851932,3.1413791179656982
u19032773,b52648851,4.621324062347412
u52197509,b32970530,2.4469943046569824
u74801140,b92635714,3.0033364295959473
u52275508,b05376454,3.728268623352051
u97375148,b85321421,2.9956881999969482
u01652210,b14547631,3.781479835510254
u45621658,b72243003,3.9352989196777344
u97926215,b18610759,3.983891010284424
u58451714,b00745370,3.755061626434326
u88291114,b63603925,4.204179763793945
u59999954,b33935257,3.2150449752807617
u40884330,b52172892,3.3086774349212646
u68011389,b29505914,4.1129045486450195
u69133482,b44488728,2.7068538665771484
u46569578,b67957413,3.0314981937408447
u94112906,b39989034,3.750786781311035
u00470140,b86785429,3.720555067062378
u34206891,b25808746,3.482477903366089
u26191910,b72278160,2.9836137294769287
u62020653,b41341679,3.802372455596924
u37814436,b00608458,3.4636521339416504
u32071485,b25108448,3.1878771781921387
u22845714,b37466269,3.9194579124450684
u28345292,b45401018,3.436391830444336
u43120066,b73098962,4.018987655639648
u54988183,b39916665,3.6885080337524414
u60682585,b16231894,4.2350568771362305
u98639066,b29316798,4.946503639221191
u73029652,b51018612,3.6193037033081055
u03846552,b62008180,3.6605958938598633
u00285597,b13716034,2.5535809993743896
u00560531,b20144597,3.22104549407959
u36685534,b56466462,3.6585845947265625
u77426864,b22242111,3.716355800628662
u89187525,b25020940,3.343221664428711
u36343397,b64843954,3.183028221130371
u12422839,b68526080,3.6588399410247803
u95605340,b03714508,3.234668493270874
u09507345,b12081050,3.664660930633545
u10603381,b13298774,4.15744686126709
u34202632,b77101493,3.7068533897399902
u71164044,b85635752,2.979496717453003
u08961037,b21170789,3.8502678871154785
u44357621,b00793888,4.06181526184082
u67456700,b38461009,3.3726158142089844
u24916413,b93244128,3.4163694381713867
u67389536,b91709312,3.8131046295166016
u77114690,b17585340,3.7145514488220215
u46378774,b75366463,3.07612943649292
u25772184,b39837030,3.691337823867798
u84909851,b06167371,3.2374391555786133
u16641204,b56337803,3.135571002960205
u40076474,b27179218,4.287392616271973
u14313311,b36185570,3.5449326038360596
u97647047,b60788665,2.86564302444458
u71234418,b71271368,3.5264906883239746
u73429286,b87103879,3.777554750442505
u22731781,b07812624,4.67985725402832
u93605580,b64813643,3.6581015586853027
u20313666,b26138336,3.6600914001464844
u81440289,b71927035,3.9805452823638916
u89268927,b53507756,3.9078354835510254
u35763316,b65629315,4.5879082679748535
u30625099,b43107195,3.2959649562835693
u88041009,b31362596,4.4261474609375
u86246372,b53545849,3.639462471008301
u94586789,b04374540,3.5759401321411133
u43443606,b77201589,3.1835029125213623
u03822182,b69804449,3.171443462371826
u79080026,b74303154,3.3646440505981445
u16326249,b24054097,2.7007503509521484
u20554005,b17718695,4.360124588012695
u25616324,b13481909,3.174344778060913
u31686106,b10567312,3.7934908866882324
u24566323,b06439034,3.6076693534851074
u55400943,b26937304,4.280023574829102
u99012769,b04493477,3.379866600036621
u62502789,b89572033,4.001379489898682
u15030259,b30331659,3.7595396041870117
u41912045,b07695631,3.5110859870910645
u24891567,b73123610,3.7398858070373535
u89213962,b25745524,2.851576805114746
u42644458,b88947899,4.506107330322266
u04644185,b37823595,4.177189350128174
u05509310,b32553243,3.523073434829712
u45159912,b35202318,3.010082483291626
u87392647,b76219626,3.6045989990234375
u96139876,b22475341,3.217895030975342
u75779213,b69294942,4.009059906005859
u93657105,b34953904,3.3392739295959473
u04911557,b47764774,3.9140257835388184
u86144558,b96921455,3.466460943222046
u01681287,b41946425,3.1709976196289062
u10443143,b69989437,3.8036012649536133
u11589829,b48177176,4.204288005828857
u27482571,b62061351,3.7043192386627197
u27291677,b15439387,4.351004123687744
u04501947,b36231626,2.7310729026794434
u48506237,b25321754,3.9068126678466797
u66211311,b88375829,3.2925901412963867
u28345292,b81323559,3.6489224433898926
u57036026,b02496048,3.7816290855407715
u34732423,b73703618,3.366283416748047
u59126727,b00490633,3.770854949951172
u16162002,b42347987,3.760258436203003
u60129428,b15103442,3.7072553634643555
u11915055,b31362596,3.5716891288757324
u53171521,b08282158,3.8418667316436768
u33299743,b36265270,4.215951919555664
u85882320,b40151793,2.325510263442993
u66282775,b82195188,3.7448489665985107
u23363654,b83749692,3.2475106716156006
u53501276,b05568987,4.643428802490234
u65776682,b08004121,3.552370309829712
u70475220,b50384790,3.9145548343658447
u03826674,b25485861,3.723184108734131
u26233692,b57283428,3.4629478454589844
u58532590,b78275112,3.9113388061523438
u67150261,b70014102,3.3689212799072266
u32075276,b08268015,3.5854153633117676
u58796019,b84419405,3.134427785873413
u61626899,b12547338,3.3348333835601807
u20707055,b97253350,4.609641075134277
u82630635,b54597883,3.45524001121521
u61595641,b82148195,4.705929756164551
u84308719,b17741315,4.0840277671813965
u55509158,b69647795,4.849123001098633
u40486334,b35526856,4.435121536254883
u99213638,b04362379,4.03297233581543
u52506216,b44944170,3.8885631561279297
u38665249,b40128170,3.8968331813812256
u28242564,b95835140,4.345541954040527
u49729340,b18562445,3.141728401184082
u60554054,b06167371,3.557677745819092
u00920057,b29802159,4.622682571411133
u91015550,b37889001,4.096391201019287
u81609700,b27787131,3.5777511596679688
u81773614,b66908318,4.331024646759033
u07542512,b44108993,3.8498942852020264
u85538255,b10567312,4.071371078491211
u24875976,b17717628,2.4179725646972656
u50040085,b00722811,3.5481114387512207
u24176281,b95822040,3.3546271324157715
u40672181,b45039826,4.357481956481934
u47217173,b79462608,2.161219596862793
u70920514,b29576446,4.647228240966797
u14772856,b38519248,4.111289024353027
u54365851,b19822827,4.549108505249023
u98576989,b26924525,3.584156036376953
u78313203,b18378777,3.698634624481201
u99768422,b83439687,4.174681663513184
u74850751,b78457511,3.728872299194336
u52776620,b52929604,4.918847560882568
u81317301,b18378777,3.7888240814208984
u22239737,b67165478,4.200750827789307
u20245485,b09116351,2.114002227783203
u85741551,b29822502,3.386005401611328
u48602719,b22879567,3.7006592750549316
u71506103,b58973293,3.570241928100586
u23303543,b23089015,4.443936347961426
u30844214,b03812811,3.5762522220611572
u54460128,b65896428,3.7800989151000977
u50479672,b62822410,4.253170490264893
u67151107,b07378867,3.201085329055786
u98250390,b26940296,4.1683669090271
u63262183,b34348391,3.4077041149139404
u46799902,b19867465,4.2754950523376465
u85111195,b48751579,3.6870620250701904
u76182140,b05776993,2.077745199203491
u46868540,b86376623,3.7468409538269043
u21034541,b88086544,4.357787132263184
u99295785,b29451564,3.676724433898926
u92409956,b40650642,3.918851852416992
u33404846,b30090936,4.325139999389648
u76357280,b56751792,4.256412029266357
u34916253,b80970834,3.3409423828125
u93515874,b07831192,3.741152763366699
u52088233,b12091978,4.689494609832764
u00539366,b92068221,3.3659675121307373
u76525475,b34010134,3.7013001441955566
u57901388,b96783065,4.015827178955078
u05291493,b44711938,4.153909206390381
u52123040,b23029053,3.2510955333709717
u21859054,b32727723,4.637147903442383
u46362168,b82853645,3.905160427093506
u21013700,b08545824,4.038152694702148
u30012825,b87328001,3.9184460639953613
u81232945,b09399885,3.737557888031006
u01800405,b83051108,3.1689748764038086
u11121176,b33774668,2.7914252281188965
u57715603,b38122928,3.7903401851654053
u25866990,b27839167,4.038753986358643
u14656342,b42590814,2.715104103088379
u77634279,b10229286,4.149361610412598
u66587217,b19956230,4.065823554992676
u06791102,b49553867,1.6009031534194946
u03438228,b71794852,4.116725444793701
u95966592,b65667329,4.249803066253662
u28647393,b36010435,3.5948691368103027
u86864433,b46271044,3.3661603927612305
u30009512,b70319465,3.505610704421997
u65106397,b51191220,3.898613452911377
u77334889,b65411088,3.2893848419189453
u81847417,b24810886,3.527475357055664
u97055798,b08349503,3.151390790939331
u15156309,b15354652,4.457835674285889
u80896796,b34953904,3.9228200912475586
u17475395,b14632405,4.311672210693359
u34144135,b03047230,3.806342124938965
u32752379,b70139295,4.276314735412598
u83786740,b29543216,3.488593578338623
u81828113,b52736396,4.397729873657227
u62689724,b25774226,4.334620475769043
u30222108,b67390269,3.8950390815734863
u88946459,b51334378,3.969573974609375
u18032465,b25097462,2.662919282913208
u72347081,b02994747,2.740475654602051
u92183965,b39916665,4.174063682556152
u61764833,b21557753,4.058181285858154
u30454175,b06313374,3.809288501739502
u43294363,b86376623,4.041459560394287
u78191596,b91418854,3.676952600479126
u46983279,b52172892,3.525503635406494
u71124320,b69294942,3.952216625213623
u30509085,b66908318,4.347885608673096
u91585390,b36312601,3.4751434326171875
u37814436,b72005521,3.225656509399414
u84985185,b93992548,3.6629490852355957
u92127840,b66021131,2.413132905960083
u52063428,b79124168,3.7384886741638184
u33299743,b14888446,3.2809970378875732
u26280113,b88487078,4.169095516204834
u56808323,b39903678,3.8819422721862793
u78732946,b15764467,4.060593605041504
u05270212,b24276994,3.6564674377441406
u19413990,b06167371,4.116970062255859
u46509376,b29193193,4.259644985198975
u56177520,b08545824,3.767347812652588
u37236630,b89436866,3.3385682106018066
u57364683,b48621017,4.067295551300049
u04258796,b30558713,2.193490743637085
u65793333,b62975669,3.9138340950012207
u51070421,b68763841,2.3897745609283447
u80351548,b98954571,4.334087371826172
u29380614,b37351373,3.886108875274658
u15862056,b64726393,3.1356048583984375
u39915694,b06167371,2.98569393157959
u97894041,b70912031,3.9471964836120605
u54448284,b11734216,4.435713768005371
u14270374,b40128170,2.97795033454895
u70092269,b60613242,3.9165639877319336
u76712934,b97964357,3.009162425994873
u92277367,b44944170,4.812459468841553
u20142543,b21398815,2.901796817779541
u39201858,b68605354,3.7500617504119873
u97986816,b33837750,3.929360866546631
u22317433,b14632405,4.006848335266113
u64774099,b54878424,3.6743569374084473
u13805912,b66800493,3.7192740440368652
u36568372,b38337565,3.8238272666931152
u69453224,b96689309,3.642397165298462
u94996650,b18562445,3.4490573406219482
u36386147,b59818681,4.15278434753418
u58577923,b12315103,2.66611385345459
u33529170,b08180481,3.5154995918273926
u57170775,b92899961,2.870655059814453
u26571599,b27179218,4.020547389984131
u13420738,b21283109,3.0861010551452637
u03347869,b23029053,3.5256359577178955
u17614225,b79619792,2.988029718399048
u21071412,b30307775,3.898634910583496
u15179003,b23760358,4.53299617767334
u98826935,b39738718,3.9517836570739746
u47536982,b01428640,4.370871067047119
u69644058,b70680443,3.642620086669922
u11644181,b98954571,3.2651309967041016
u07740439,b29896978,3.4026260375976562
u87649919,b74929101,4.097947120666504
u43267586,b45445418,2.9553985595703125
u37485722,b60788665,3.3464717864990234
u68414734,b88562055,4.091785430908203
u87375213,b38240457,3.2254927158355713
u60788842,b93402493,3.6212515830993652
u80878862,b45762926,3.88120174407959
u74453956,b76329691,3.511873960494995
u44930551,b63984685,3.450686454772949
u34031931,b71185712,3.6953911781311035
u38923892,b00524153,4.316092491149902
u63574380,b03272721,3.060432195663452
u95332391,b29199360,3.3656599521636963
u17853860,b52485134,3.330458641052246
u97365321,b11256074,2.809000015258789
u08679598,b13222925,3.2959630489349365
u73947280,b30188578,4.06078577041626
u46738502,b01248119,2.429227590560913
u43195417,b15854967,4.04647159576416
u43022151,b39916665,4.01694917678833
u71103068,b15534810,3.548257350921631
u61041581,b83439687,3.217210054397583
u01268040,b29802159,4.474724292755127
u99402672,b05231805,3.0487828254699707
u83859518,b46312782,3.7825679779052734
u22693337,b40310976,3.1402764320373535
u43911585,b81651581,4.029465675354004
u53518202,b20755858,2.9157328605651855
u28638418,b33638957,2.8476791381835938
u83929385,b43392556,3.2478175163269043
u59714574,b00629748,4.034573078155518
u33764056,b79928088,4.325794696807861
u30192879,b06320395,3.8792905807495117
u62880121,b64898087,4.051586151123047
u81394968,b74960873,4.283992767333984
u33364550,b44745371,4.252671241760254
u80194871,b70930132,3.0236804485321045
u66762742,b20219571,3.110856771469116
u09095710,b61139235,4.2500481605529785
u35701429,b18147526,2.288339376449585
u58056528,b15439387,4.138579368591309
u67788379,b90746212,3.665877342224121
u01386124,b62470547,2.3168063163757324
u67358986,b91418854,2.3866991996765137
u86146389,b35202318,4.2018632888793945
u78476305,b95656028,3.3828179836273193
u39940834,b60484296,4.088866233825684
u68354995,b54640325,4.480549335479736
u41836228,b03272721,3.353827953338623
u96581646,b31687952,4.61414909362793
u58532590,b36297650,3.1841938495635986
u29048480,b79640364,3.9498291015625
u71672269,b05819688,3.7091126441955566
u44905681,b03671144,4.676624298095703
u11734336,b61005749,3.2538790702819824
u16270856,b20144597,3.4952006340026855
u36219718,b31475886,3.649916648864746
u78638951,b14338293,4.35038948059082
u80842334,b79815294,4.47283411026001
u14603989,b19212305,4.757527828216553
u16364343,b02766522,3.523188352584839
u97057769,b75366463,4.119297981262207
u41622770,b25020940,2.55560302734375
u73929420,b58947933,3.966259479522705
u57311360,b17064684,3.8594279289245605
u52408308,b74214703,3.0456466674804688
u67073389,b73712332,1.8490684032440186
u32579779,b81323559,3.752695322036743
u06601591,b26315023,3.747375249862671
u12381126,b63603925,4.23052978515625
u29452212,b41550515,3.32106351852417
u85378616,b63671773,4.244112014770508
u04106949,b29998162,3.5874686241149902
u82618403,b78288340,3.325411796569824
u20615210,b49991872,4.573092937469482
u71168005,b90052069,2.8803088665008545
u85181803,b04670551,3.871716022491455
u12639658,b57937614,3.844583034515381
u80262622,b16385735,3.7590384483337402
u77615917,b67030393,3.6150012016296387
u58883921,b18530260,3.5621700286865234
u77898248,b57276379,2.0899205207824707
u79317494,b79230811,4.182534217834473
u13677665,b65522865,3.9452567100524902
u13473560,b84405755,5.0
u18187187,b78647061,4.19280481338501
u45492252,b34532370,3.497098445892334
u11951463,b29802159,3.852853775024414
u45094749,b25321754,3.5885605812072754
u82378694,b58309225,2.7933387756347656
u72609255,b73121339,4.364668846130371
u49008219,b07611214,3.6341638565063477
u85603383,b88947899,4.414083003997803
u34328676,b52485134,3.643505811691284
u00830784,b88947899,3.685976982116699
u49654961,b30331659,4.166594982147217
u40905485,b83439687,4.011394500732422
u83822592,b17585340,3.5385241508483887
u23052441,b39183217,3.8322463035583496
u46593302,b14569834,2.665756940841675
u31026156,b65013689,3.858743667602539
u04065071,b80070869,3.9115381240844727
u31426959,b63401500,2.5070273876190186
u58925554,b25678098,2.679532527923584
u28930102,b79994865,2.748929977416992
u56127064,b67474210,4.054521083831787
u15210784,b66191127,4.183783531188965
u66875289,b52172892,4.243597507476807
u07418091,b73005358,3.4317901134490967
u52782549,b34240968,3.2226624488830566
u66390724,b11997124,3.306767225265503
u45101319,b06167371,3.5143585205078125
u52078593,b29452634,1.8028886318206787
u14148597,b11752294,3.979618787765503
u92811191,b82148195,4.338353157043457
u14703048,b28995195,4.1787109375
u52902033,b21557753,4.733430862426758
u19691864,b42920311,3.990352153778076
u87098177,b18562445,3.3376333713531494
u29650769,b79253970,4.295229434967041
u81287895,b81268070,4.370631694793701
u15210784,b00524153,4.722772121429443
u09245585,b08157430,3.3114776611328125
u47614464,b28801125,2.148589611053467
u08770637,b56123208,2.942822217941284
u07152890,b46344425,3.8170037269592285
u09608578,b91648936,3.957036018371582
u23167749,b70664431,5.0
u93551085,b16647118,3.8804242610931396
u27270201,b93418350,3.9283499717712402
u06818023,b60484296,1.9175236225128174
u21332587,b04222499,4.614662170410156
u90068416,b71606543,4.513326644897461
u99573627,b18056133,2.8472256660461426
u30892229,b69294942,3.3535614013671875
u49429812,b45675681,3.573664665222168
u75894145,b93745301,4.56801700592041
u32824283,b87295708,4.0941667556762695
u93235322,b07378867,4.111555576324463
u08344325,b60802544,3.177396535873413
u39714726,b42439444,2.585226058959961
u32494501,b11689530,3.0845792293548584
u51555364,b51986055,3.2870330810546875
u26700182,b55461548,4.329014778137207
u32738192,b31815290,2.9083449840545654
u26141907,b83048635,4.157432556152344
u09902033,b95835140,2.993950843811035
u13664086,b41706804,3.455803394317627
u41506989,b98155674,3.89420747756958
u47527394,b40598851,3.8630237579345703
u61045047,b68957069,3.7762279510498047
u37211173,b25784330,3.7482876777648926
u24732693,b45092905,3.1615207195281982
u12618636,b60142959,2.424565315246582
u64390767,b57528832,4.638393402099609
u96228824,b56337803,4.153916358947754
u13473560,b05372439,5.0
u89740675,b75511430,2.8971076011657715
u85894700,b75852622,4.0259599685668945
u82397227,b27710508,4.067926406860352
u45690694,b67584295,4.596535682678223
u40026320,b48544437,3.548604965209961
u24814590,b05819688,3.0139269828796387
u24863978,b68787383,4.312031269073486
u14357571,b30815378,4.236801624298096
u25272098,b34953904,3.3690004348754883
u88291196,b50477077,4.363004207611084
u46997228,b31310601,3.154264211654663
u50872236,b45651575,3.2447667121887207
u36159470,b80506673,3.53475284576416
u90539723,b59558025,3.4068193435668945
u66047335,b24108456,3.5783658027648926
u91081550,b93625021,2.434206962585449
u61213393,b29738200,4.341541290283203
u43780528,b40598851,4.1141157150268555
u21866865,b11752294,3.8202738761901855
u93400866,b98954571,3.4010915756225586
u09343094,b25413123,2.521670341491699
u72772985,b77444164,3.9806785583496094
u80222985,b75511430,3.5990824699401855
u05118111,b69598867,3.8709030151367188
u02694395,b37848013,1.7036662101745605
u71259313,b82838854,1.035706639289856
u95320523,b88182084,3.0067644119262695
u18096140,b58821782,4.007516860961914
u72942332,b39916665,3.594442367553711
u73363481,b40333735,2.7092134952545166
u93123375,b45742756,3.2000315189361572
u47674590,b65216323,3.8233633041381836
u22415566,b14399843,3.1571578979492188
u01500329,b91361163,2.901639938354492
u60685446,b15439387,4.417523384094238
u87851036,b97444387,4.362987518310547
u18657357,b34681163,4.19546365737915
u55319680,b96858988,3.1994340419769287
u03623907,b15869276,4.009002208709717
u68354995,b65216323,4.6578545570373535
u56721037,b36766414,3.2843689918518066
u98698146,b27818520,2.542966842651367
u19373484,b80730701,4.206056118011475
u64921673,b20048021,3.83026123046875
u86253566,b90696754,3.2175827026367188
u76549142,b78565713,3.1135072708129883
u09546067,b63603925,3.643141269683838
u90014763,b82682340,4.9039764404296875
u76745887,b63791555,4.266891956329346
u58612117,b32970530,2.6951284408569336
u49906594,b03963971,3.828124523162842
u40728797,b18378777,3.1779680252075195
u26949491,b58973293,3.0603585243225098
u97936282,b56939495,2.9423556327819824
u49892026,b77265663,3.127903699874878
u18904346,b86788370,4.65250825881958
u48968096,b09049778,4.682757377624512
u22000720,b33110278,4.254684925079346
u01448631,b63791555,4.609826564788818
u53602301,b16404249,4.984068870544434
u61233409,b26688492,2.5936756134033203
u26988846,b98545244,3.9702954292297363
u91179151,b10086821,3.540404796600342
u59122160,b25036771,3.9514575004577637
u83409680,b79253970,4.216801643371582
u90048210,b55042554,4.417314529418945
u20686120,b23986868,3.3028359413146973
u85338154,b00158867,3.8708839416503906
u11757218,b38030355,3.23565936088562
u01935413,b88934153,4.526004314422607
u72095767,b78275112,4.575788497924805
u42842059,b94263614,2.995985746383667
u42710982,b46006537,3.60689115524292
u30797380,b21578202,3.3679544925689697
u79982500,b95150186,4.137441158294678
u18419216,b06073707,4.551784515380859
u43889475,b36742728,4.288924217224121
u80816974,b59038427,4.344224452972412
u47481150,b14632405,3.937593460083008
u13662259,b88562055,4.346646308898926
u82287635,b39989034,4.312366008758545
u15278759,b39216951,3.131080389022827
u49989478,b89115141,3.9016947746276855
u15893176,b08004121,2.787991523742676
u12976819,b06313374,4.312961578369141
u54460128,b74821603,3.5557217597961426
u06037009,b79292237,3.858157157897949
u94941744,b26937304,4.098381042480469
u35738063,b55994348,3.7980599403381348
u58155898,b34532932,4.0410614013671875
u75985077,b74821603,3.1315650939941406
u32333997,b56105038,3.804021120071411
u65878317,b33796246,3.617814064025879
u58944461,b56779366,3.451554775238037
u57068929,b95822040,2.8433494567871094
u38169557,b83075214,3.5865063667297363
u15369054,b05994307,3.8920884132385254
u35042241,b05938893,3.832411289215088
u61659671,b03407173,2.9244303703308105
u85224660,b04820955,3.36551570892334
u35383464,b14780202,4.13632869720459
u31351971,b65411088,3.3179821968078613
u57312489,b40845464,2.3631389141082764
u32554338,b40151793,4.15852165222168
u33838542,b15722276,3.8937032222747803
u88516444,b75608185,4.126647472381592
u78865788,b35765595,3.8453593254089355
u29083609,b57528832,5.0
u26550736,b59592572,2.8359389305114746
u21441981,b79994865,3.96486759185791
u85221282,b57528832,3.4436872005462646
u53538715,b64124445,3.370602607727051
u17616714,b57704283,3.5426435470581055
u15304336,b40598851,3.6796786785125732
u40811244,b79253970,4.030158042907715
u16950081,b08545824,4.4880876541137695
u92347620,b92830722,2.8639566898345947
u96936548,b44640513,4.104849338531494
u43386412,b76982320,3.4066388607025146
u42735635,b79975924,4.482635498046875
u24364162,b09365531,3.952061653137207
u62896683,b37068431,3.42130970954895
u32499117,b34755064,3.459953784942627
u20324124,b19830299,4.277713298797607
u55554858,b04721713,3.347315788269043
u41516289,b27096444,3.3941521644592285
u64965360,b86678940,3.8908114433288574
u68491613,b73625213,4.514390468597412
u79728709,b80534742,3.2768747806549072
u81769131,b33153583,3.7038369178771973
u15002870,b86788370,4.49488639831543
u62980270,b24593494,4.339125156402588
u59495625,b64898087,1.8036197423934937
u18590232,b08349503,4.196561813354492
u89362634,b22522904,3.6433358192443848
u47357610,b88978481,2.986250400543213
u78494608,b06167371,3.6533308029174805
u08770637,b26138336,3.002016544342041
u62916901,b76981983,4.166269779205322
u13757684,b48933583,4.098968982696533
u51395872,b80286008,4.774489402770996
u36932520,b52217488,4.270856857299805
u94277211,b07812624,4.290508270263672
u76299169,b16792882,3.4409003257751465
u95320827,b35051646,3.7243974208831787
u66851789,b12526023,4.264915943145752
u95227637,b65933939,3.430997848510742
u92831631,b42977080,3.0029547214508057
u95072921,b20071798,3.6122593879699707
u14067213,b56105038,3.8394036293029785
u80929953,b90724246,4.063313961029053
u96545272,b96980363,3.751218795776367
u50675877,b78275112,4.484330177307129
u47295465,b52503900,3.8353800773620605
u66017890,b73123610,4.196141242980957
u11190442,b76693158,4.355865955352783
u25272098,b70680443,3.3233084678649902
u63788204,b31988440,3.2274222373962402
u79728709,b29802159,3.945666790008545
u45326470,b66379670,3.4337215423583984
u85085361,b25811713,4.734403133392334
u43271501,b09399885,2.7799997329711914
u01749144,b57106359,3.5674448013305664
u96825032,b54313457,3.495025157928467
u49495919,b62670070,3.5460214614868164
u78140738,b21546847,4.247280120849609
u09297553,b94454893,3.481034755706787
u47560435,b68725737,3.34059476852417
u92278115,b48335940,2.870776653289795
u27832322,b79292237,5.0
u00417370,b80754115,3.3427929878234863
u59143919,b80754789,3.3553292751312256
u64229986,b36766414,4.027826309204102
u95736883,b25342608,3.121309995651245
u73299189,b68605354,4.698572635650635
u20136228,b41094724,3.753692150115967
u35384435,b26464727,3.205171585083008
u55878619,b04222499,3.840837001800537
u02867788,b20537286,3.4898362159729004
u70227852,b28801125,3.196084976196289
u59418120,b43329233,3.9542810916900635
u48256585,b51332181,4.293010711669922
u77862968,b06167371,2.6426031589508057
u69463066,b40598851,4.057300090789795
u06098825,b81900502,2.968026638031006
u06134167,b98844131,3.949059009552002
u41801572,b29451564,3.902534008026123
u46915701,b39614912,3.4700803756713867
u38373407,b09365531,3.510584831237793
u94281399,b31259442,3.779005527496338
u76856745,b21065796,4.0165228843688965
u09436506,b06167371,3.049187183380127
u36258882,b51735088,4.5330095291137695
u45055903,b02603859,2.9737637042999268
u72189214,b67165478,4.0503458976745605
u87640295,b15192631,3.6787259578704834
u49824878,b18610759,4.381312847137451
u90522208,b23932487,3.0164756774902344
u90753474,b52736396,3.840672254562378
u66049895,b34953904,2.2450342178344727
u26962877,b22652791,4.172726631164551
u67576383,b36766414,4.023566722869873
u30838587,b36312601,3.4327292442321777
u41722913,b76473315,3.9220032691955566
u09716118,b63025840,3.9527714252471924
u02789107,b44870768,3.275668144226074
u62812120,b23760358,4.133264064788818
u76366682,b50581040,3.9674057960510254
u75172282,b75073897,2.0248725414276123
u25694047,b59032154,3.9893226623535156
u16383790,b20280920,3.2343451976776123
u00598061,b43253694,3.930049180984497
u88452157,b28745856,3.9435665607452393
u32780354,b15193806,3.4556543827056885
u62277236,b81471826,3.2721097469329834
u68581168,b31988440,3.3134946823120117
u86228751,b43253694,3.861729621887207
u91636607,b93198882,3.2370879650115967
u54838683,b27702770,3.794712543487549
u79044208,b56684869,4.725176811218262
u50418565,b58973293,3.174273729324341
u78935255,b38337565,3.695068359375
u55015137,b09049778,3.7207937240600586
u34858488,b46315640,3.427689552307129
u88256672,b95080493,3.974991798400879
u61998161,b27179218,4.369385242462158
u42745974,b07831192,4.00324821472168
u13963273,b03923117,4.237164497375488
u28664062,b61694785,3.0419657230377197
u94038052,b03074604,2.613497018814087
u22132644,b70042652,3.5925045013427734
u73967279,b48823275,2.8825151920318604
u24440577,b24793954,3.8752059936523438
u98436986,b76329691,4.0369720458984375
u36640806,b34740941,3.4581427574157715
u24605443,b17187529,4.02812385559082
u36509933,b29013369,3.4360201358795166
u39315672,b61139235,3.8054401874542236
u06097164,b62223240,4.901706695556641
u89675329,b95021405,3.3725297451019287
u05066637,b47854311,2.6840364933013916
u07647283,b66823721,3.6494836807250977
u64322464,b39081955,4.113816261291504
u12431882,b21674268,4.520157814025879
u11941607,b11516322,4.2748823165893555
u73193984,b25779761,4.056135177612305
u82557599,b43610120,3.5796170234680176
u37096974,b82148195,4.26757287979126
u54422856,b14888446,3.3108129501342773
u69827194,b81250182,3.0111842155456543
u69463066,b89572033,3.652479648590088
u87744255,b05271936,3.389267921447754
u07040293,b08349503,4.039884567260742
u32674867,b09777918,3.2569198608398438
u29365221,b00524153,4.052751541137695
u55684307,b14425206,3.205336332321167
u18331679,b07378867,4.403883934020996
u54388597,b39738718,3.3629159927368164
u89782516,b40598851,3.845723867416382
u50501650,b28404273,2.762115001678467
u65287109,b27096444,2.3500189781188965
u97430237,b86785429,4.327728748321533
u94861664,b25725931,3.53658390045166
u66079860,b22475341,4.474469184875488
u81733782,b00629748,3.451799154281616
u20874046,b56466462,3.825045108795166
u34767637,b39088089,3.996675491333008
u55660385,b58169611,3.6902036666870117
u20472155,b62670070,4.174893379211426
u67757877,b15595003,4.192633152008057
u79706959,b71294015,4.1818623542785645
u96905697,b74477062,3.5298585891723633
u33869045,b48279541,2.441288471221924
u84978470,b82682340,3.703028678894043
u13418915,b97197433,3.59114933013916
u80074101,b22242111,3.628671407699585
u01331349,b56718292,3.384247303009033
u51145518,b93244128,4.00986909866333
u80894064,b87263910,4.413116931915283
u28488526,b04222499,3.8775668144226074
u98404128,b98196499,3.4874157905578613
u38026191,b26924525,3.8085618019104004
u54397811,b39941601,4.3210577964782715
u60501570,b83439687,3.9608302116394043
u27891897,b13055413,3.5177371501922607
u93861156,b57429125,4.192896366119385
u50613001,b32432906,2.981421947479248
u00078388,b45451059,4.375941753387451
u78969163,b82148195,4.110811233520508
u87613722,b50070819,3.045020818710327
u45470770,b95785803,3.5223021507263184
u80467110,b26302840,2.7198054790496826
u45583685,b19953221,2.948064088821411
u90784225,b42311828,3.440333843231201
u37761260,b90358141,3.5195529460906982
u73638441,b29998162,3.3974485397338867
u70088434,b49991872,3.6139485836029053
u02224482,b78275112,4.702512741088867
u51519740,b63610747,3.7071382999420166
u38678248,b06167371,3.2228777408599854
u68064573,b83278802,3.8129303455352783
u04847210,b20500336,3.5933244228363037
u42668594,b19867465,4.51063871383667
u24064688,b86480331,4.08876895904541
u05378267,b73939527,3.9676671028137207
u71501754,b36754274,3.820312976837158
u92330850,b78359727,2.158367872238159
u27006621,b14338293,3.960670232772827
u44922759,b41797398,3.390388011932373
u06486371,b98750028,4.111301422119141
u12932249,b37363405,3.703186511993408
u48671176,b06167371,4.425059795379639
u65344269,b99354529,3.2052648067474365
u30361198,b26540924,4.696572780609131
u39594275,b99519260,3.377328872680664
u87413422,b36185570,3.7435765266418457
u17574730,b60500282,3.114452600479126
u23129686,b44849506,4.5029473304748535
u26400358,b49323159,3.3866872787475586
u08632221,b86788370,3.948707103729248
u92249823,b36508972,4.115962982177734
u02275289,b70139295,3.6666457653045654
u93756125,b38122928,4.077062606811523
u35701429,b93055140,2.8425967693328857
u41431045,b05231805,4.06276273727417
u93780199,b79121934,4.16361141204834
u06501193,b38181410,3.3487548828125
u57684620,b92598217,3.2745778560638428
u47279059,b17244552,3.3472509384155273
u51955424,b87109554,4.713830947875977
u32118175,b43196456,3.8434648513793945
u27765737,b14836170,3.94783616065979
u13002793,b83439687,3.8269364833831787
u87649919,b68255642,3.800699472427368
u14629681,b12204510,3.2251412868499756
u34838073,b45502382,3.960541009902954
u77925018,b51735088,3.890970468521118
u31929076,b03747524,3.027557849884033
u09784750,b29505914,4.160004138946533
u84473749,b76264408,2.8664355278015137
u70782918,b38423888,4.01246976852417
u20496815,b83072744,4.288337707519531
u56021785,b19483433,3.4044368267059326
u72972329,b44663416,3.366981267929077
u77950898,b90171057,3.6065754890441895
u34161606,b27545570,3.7548322677612305
u01891962,b57648353,3.2917165756225586
u84936304,b77136574,3.1840553283691406
u54923582,b43294155,4.23336935043335
u75922200,b80506673,3.669395923614502
u44646800,b14304119,3.876802444458008
u21987434,b19867465,4.425652027130127
u14211629,b80070869,3.9901723861694336
u51598979,b40598851,4.092741012573242
u10276461,b44745371,4.049350738525391
u03095224,b03579093,3.5613527297973633
u22811283,b12920844,4.044981002807617
u57209684,b26847239,4.526542663574219
u73165300,b36927496,3.7768712043762207
u76988304,b74821603,3.6052632331848145
u45432198,b67867561,3.1367576122283936
u18466008,b23100799,3.354466676712036
u53769146,b07327816,4.14879846572876
u74830824,b87917145,3.232522487640381
u01091621,b09488500,3.661831855773926
u89894968,b66908318,4.282904148101807
u16270856,b79975924,4.186023712158203
u61486981,b74511960,3.1635162830352783
u75882917,b21557753,4.540591239929199
u15802403,b89176062,3.620345115661621
u69934107,b18610759,4.875609397888184
u07807746,b66664015,4.44984769821167
u14249489,b37351373,4.408858299255371
u41188147,b66067490,3.8289613723754883
u90131156,b62670070,3.0432214736938477
u29039456,b73029799,4.424845218658447
u81693197,b30494145,3.5693273544311523
u28345292,b12315103,2.6309595108032227
u35536417,b00278122,3.9048995971679688
u64083365,b12986341,3.7486424446105957
u28244647,b96067067,4.657388210296631
u09674579,b00553199,3.6097545623779297
u13036738,b77675822,3.541123390197754
u84084467,b03579093,3.522426128387451
u69016228,b04222499,4.124664783477783
u70240953,b11693904,3.150815486907959
u08593205,b59124914,4.56618595123291
u77500625,b98552213,3.0060105323791504
u85065532,b56105038,3.602653980255127
u03676573,b29376205,3.1917340755462646
u43634493,b52842739,3.985816478729248
u76103597,b49847096,2.773186683654785
u22410550,b26385014,3.819016695022583
u51796076,b55972197,3.3498318195343018
u94517827,b52929604,2.3178930282592773
u48045008,b98954571,3.1249759197235107
u64419450,b69598867,4.032234191894531
u99057373,b47074257,3.0052735805511475
u67128972,b20071798,3.5400307178497314
u17361499,b82785620,4.183554649353027
u22773783,b29998162,2.9872117042541504
u62880121,b15439387,5.0
u53863319,b67351913,4.175360679626465
u46157622,b48504389,3.7308316230773926
u41535346,b14013622,3.725768804550171
u20778779,b21674268,3.751671314239502
u62768982,b42065988,4.840036392211914
u77663878,b42749067,4.365988254547119
u38076968,b31988440,3.698467969894409
u58289231,b67584295,3.829965591430664
u07159249,b74821603,4.112736225128174
u34108287,b05487017,4.18190336227417
u99200402,b87612334,4.5026092529296875
u17285630,b78008834,4.737972736358643
u65301301,b56123208,3.3332345485687256
u32369912,b39837030,4.130433559417725
u51669926,b60484296,4.03421688079834
u87751667,b74856026,3.703044891357422
u37588681,b56954460,2.404214859008789
u41208422,b38122928,3.9780478477478027
u51519740,b62474102,3.9047298431396484
u22497171,b03659745,3.7474451065063477
u84985185,b06138796,3.548062324523926
u78164149,b11516322,4.644993782043457
u20690061,b17187529,3.971072196960449
u57143075,b51191220,3.702993869781494
u09829223,b31671086,3.216789722442627
u37832592,b11179371,3.822977066040039
u85697519,b73407192,3.8395981788635254
u85100519,b25958104,3.581256151199341
u05006251,b84770627,4.547218322753906
u94277747,b03280239,3.4133200645446777
u15819872,b95297480,3.6421561241149902
u58166327,b45445418,4.132681846618652
u28034137,b74034094,3.7095775604248047
u61584202,b82793590,3.9970436096191406
u77919176,b03946791,4.6961565017700195
u67681449,b68325129,4.003906726837158
u23386360,b60434059,1.763420581817627
u22253352,b84154184,3.237839698791504
u76694297,b60613242,3.6729049682617188
u79713024,b51735088,3.4977779388427734
u71992232,b62396194,3.7817306518554688
u82378694,b32521851,3.356731653213501
u00343094,b00589069,3.082265615463257
u55141425,b15103442,3.9589948654174805
u23810552,b09589765,3.5380871295928955
u59376996,b91712126,2.8947043418884277
u58571881,b34463991,4.090134620666504
u96945070,b41094724,2.739067792892456
u82397227,b44267669,3.5734400749206543
u14925973,b67550881,3.5078611373901367
u41795928,b67584295,4.308456897735596
u55399945,b19830299,3.832062244415283
u44099236,b96313069,4.210641384124756
u93990187,b70912031,2.26180362701416
u66439774,b78008834,3.7031524181365967
u72392993,b10186238,2.9957480430603027
u52374106,b05819688,3.925107002258301
u07494141,b32288653,3.491787910461426
u50137247,b74094475,3.6412835121154785
u28095384,b16776118,3.312208414077759
u31695007,b29576446,4.269754409790039
u78841304,b27879411,3.644692897796631
u06129965,b61681377,2.8487658500671387
u02998969,b22634453,3.7922019958496094
u89247106,b76040943,4.6352715492248535
u64476633,b75817040,3.8879432678222656
u87772091,b98115511,3.5376830101013184
u33976608,b00316560,3.849273204803467
u09843908,b53009611,4.006495475769043
u28327239,b33550237,4.333654403686523
u25439308,b56779366,3.685171127319336
u85220203,b08545824,3.584923505783081
u40003094,b62282738,3.91264271736145
u06822776,b48860547,3.146606206893921
u39657659,b96064020,4.29124641418457
u45534886,b46966835,4.055388450622559
u17638914,b03719497,3.372689962387085
u88587569,b91712126,2.450565814971924
u35701429,b57622060,2.673349142074585
u21996577,b68095955,3.9799656867980957
u41535627,b93418350,3.676038980484009
u39633425,b34734220,4.188633918762207
u62748577,b28651364,3.970902442932129
u13138726,b61372131,3.9288547039031982
u38369250,b33391853,4.499316215515137
u36534165,b44966320,3.6360106468200684
u43919936,b49740475,3.972778081893921
u69973926,b75920771,4.080140113830566
u74827566,b98335764,4.437999248504639
u23284185,b17718695,4.007534027099609
u88003893,b78180005,2.9256153106689453
u77195309,b00524153,4.796830177307129
u09253072,b08135061,3.125187397003174
u35570173,b05231805,4.094921112060547
u03677987,b76982320,3.1976966857910156
u45074467,b71827801,3.834353446960449
u03926025,b20500557,3.8324742317199707
u40201565,b84521557,4.313847541809082
u63828406,b23760358,4.393620491027832
u11824981,b45521689,3.709182024002075
u95235533,b12151882,4.1061110496521
u05789655,b74821603,4.1808953285217285
u48837460,b89817655,4.703050136566162
u54276158,b23457095,3.901756763458252
u13335616,b65873951,3.506897211074829
u43951342,b04792699,4.3383965492248535
u83867526,b20812505,3.3326399326324463
u71506103,b57181185,4.01524019241333
u44890483,b98034668,3.582716941833496
u59520894,b13716034,3.624723434448242
u11518822,b54597883,3.9194698333740234
u27515770,b77333717,3.9123802185058594
u96114273,b17717628,3.4790632724761963
u47619099,b92338731,3.481435775756836
u55724076,b06138796,3.707435131072998
u22498038,b13055413,4.12331485748291
u75024489,b97815152,3.951169967651367
u59418120,b07453967,3.9327425956726074
u96882770,b17585340,3.427577495574951
u84282136,b26953382,4.011850833892822
u18307099,b09589765,3.3233580589294434
u56454564,b39664275,2.692812919616699
u49676277,b91361163,3.630298137664795
u06059844,b31687952,4.129541873931885
u04779285,b91758795,3.6813411712646484
u35377400,b79815294,3.4020488262176514
u26918913,b57283428,2.742077350616455
u36067539,b68255642,3.097813844680786
u43677577,b73813199,4.143743515014648
u26757198,b42687771,3.7177348136901855
u11796591,b83158521,4.2317047119140625
u66534902,b74034107,4.656654357910156
u40810966,b42227543,4.565751075744629
u83620922,b02061122,3.074362277984619
u49785701,b70912031,4.401384353637695
u14104219,b78180005,3.586519718170166
u06771513,b70014102,4.478636741638184
u41055007,b51030315,3.7707977294921875
u42133310,b70680443,3.874466896057129
u89163643,b67967555,3.6758675575256348
u17395352,b40967427,2.9630393981933594
u56762467,b19867465,3.89998722076416
u67068883,b83348593,4.340871810913086
u68235246,b73029799,3.1080708503723145
u80285471,b20571829,3.8651516437530518
u26688326,b13483523,3.302988052368164
u04884135,b85741718,2.6171507835388184
u41783705,b19733783,3.3955912590026855
u08799710,b93615477,3.8442342281341553
u96163672,b91136715,3.697688102722168
u19940845,b85462814,3.223055601119995
u68585154,b14113125,1.4733824729919434
u89732246,b68009767,3.6223220825195312
u74182060,b79662329,3.6817097663879395
u16918203,b86788370,4.335203647613525
u73886495,b04670119,3.6549606323242188
u88453886,b25847150,3.6844711303710938
u06028509,b09365531,3.8838706016540527
u93756125,b41341679,3.9730541706085205
u08046158,b26807998,4.457563400268555
u30521914,b53683755,3.135468006134033
u15563742,b52249964,3.4914894104003906
u25848530,b39801005,4.19101095199585
u79315449,b29422431,3.800992488861084
u12615931,b26385014,2.4541077613830566
u77486027,b53876123,4.013213157653809
u12617215,b65697604,3.7436256408691406
u27229602,b61005749,4.037814617156982
u62015662,b63774401,2.8663032054901123
u27135408,b62396194,3.285740375518799
u93457271,b34755064,4.003833770751953
u79437427,b73029799,4.51025390625
u79896374,b22146898,3.357396125793457
u57177424,b52741866,3.9777467250823975
u10324477,b62008180,3.434884786605835
u74853087,b03047230,3.8850409984588623
u20448732,b16656208,3.0711121559143066
u86603284,b79601676,1.0
u23344204,b96858256,3.358771800994873
u54086461,b54878424,2.8271031379699707
u24009778,b69989437,4.257068634033203
u83190357,b82757636,4.0247602462768555
u34472410,b34664488,1.0
u47917159,b82148195,4.388559341430664
u07577351,b29738200,4.224583625793457
u15903284,b55716906,2.4281227588653564
u49972117,b82237545,3.3812079429626465
u75289760,b20280920,3.5931813716888428
u80536413,b48931794,2.558229446411133
u63267387,b65933939,1.7207612991333008
u62476721,b39837030,4.301520824432373
u69763761,b21498435,1.0289902687072754
u97027031,b73760619,3.9250292778015137
u37933176,b79928088,4.807131767272949
u80873246,b67956548,3.7313485145568848
u65878317,b71754810,3.481999397277832
u30956486,b97887852,4.198434352874756
u64385666,b01544730,3.2880003452301025
u82698673,b36312601,2.666334867477417
u37879146,b23369233,4.115298748016357
u31280467,b09317112,3.8083062171936035
u88478795,b70912031,4.133144855499268
u18645666,b18562445,3.177720546722412
u88882752,b20816244,3.8235669136047363
u48690385,b74719888,4.127005577087402
u30625099,b45384126,3.508450746536255
u12063022,b46139637,4.771487236022949
u80407948,b06167371,3.3117756843566895
u31973009,b19867465,3.752866268157959
u92838915,b19139371,4.666489601135254
u74911236,b37291845,4.413850784301758
u11355430,b66132701,3.6829886436462402
u51380066,b36754274,2.9117603302001953
u81363858,b34466452,4.207989692687988
u50341443,b20219571,4.222142696380615
u55509158,b49318122,3.2493808269500732
u71492773,b56879260,4.206066608428955
u66024874,b74167560,3.5863780975341797
u40391491,b36497655,2.9261314868927
u74326914,b33638957,2.804887533187866
u70158926,b03671144,4.083943843841553
u25811673,b12151882,4.549002647399902
u04727732,b86886881,4.2328948974609375
u98735021,b28801125,3.5620779991149902
u99294028,b62325202,4.1783671379089355
u50871888,b95009595,3.0075063705444336
u55940068,b38877642,3.221548557281494
u68850164,b52842739,3.5826635360717773
u42165349,b27692721,2.9995853900909424
u98761694,b45742693,3.574782609939575
u51190329,b83075214,1.7275694608688354
u68987878,b38532418,4.429941654205322
u06458933,b06552909,3.146368980407715
u69259048,b78183028,3.459035634994507
u86324996,b95511741,4.269838809967041
u72585997,b08004121,3.7382869720458984
u58121291,b27702770,4.701621055603027
u29911703,b23760358,3.5943284034729004
u67123259,b26385014,3.5084290504455566
u32626924,b21557753,2.1176400184631348
u75358553,b95574371,2.584895610809326
u33789253,b22254498,3.504218339920044
u73603670,b25485861,3.063443899154663
u84618160,b09979253,3.7379345893859863
u91972888,b49027451,3.1271464824676514
u05649280,b12742886,3.486377477645874
u46983279,b58177693,3.86653470993042
u31339682,b17679700,3.125063896179199
u94910339,b39664275,4.247524261474609
u40997527,b23369233,3.7863945960998535
u54721024,b43693598,3.6073484420776367
u49367574,b65216323,4.363458633422852
u16355587,b00278122,3.9030091762542725
u60015993,b79202839,3.8491714000701904
u97962526,b82148195,4.146566390991211
u35428739,b52485134,3.786674976348877
u30367227,b58947933,3.6649115085601807
u29181318,b57704283,3.9130239486694336
u93722397,b26138336,4.340096950531006
u60794933,b69647795,4.480043411254883
u71551198,b58973293,3.992492198944092
u47907635,b14024522,3.5728607177734375
u45862464,b16263579,3.973212957382202
u68414734,b19822827,4.411158084869385
u64481396,b77932141,3.595978021621704
u88148624,b11234289,3.8392210006713867
u72400826,b39088089,3.4339022636413574
u99665613,b80871817,3.604466199874878
u85338154,b75817040,3.8377366065979004
u01800405,b00589069,3.185004234313965
u17626251,b80294058,3.9498977661132812
u97798015,b64858692,4.253202438354492
u31255402,b86788370,4.63991641998291
u43551925,b37351373,4.045748710632324
u98458822,b86578209,3.308671474456787
u07983137,b07925447,3.3852014541625977
u60443932,b70254199,4.494830131530762
u60646191,b67584295,4.679386138916016
u92633571,b79230811,3.1269655227661133
u68383704,b80719023,4.040082931518555
u02249196,b09365635,2.8999598026275635
u08977199,b51573020,4.157832145690918
u78472318,b79994865,3.7029013633728027
u03405561,b86859307,3.7946290969848633
u46260999,b68095123,4.3474321365356445
u84733572,b74511960,3.127291202545166
u94400766,b20219571,3.2801241874694824
u96488856,b77490156,1.9490025043487549
u28345292,b43916544,3.424483060836792
u07085700,b58177693,3.6986074447631836
u92183965,b83705852,3.7532308101654053
u76617613,b38399229,3.614227771759033
u71605139,b82051466,4.191005706787109
u87300587,b09049778,4.2203755378723145
u17497406,b17604493,3.8875885009765625
u04842819,b27787131,4.48122501373291
u29469733,b39915063,2.7533059120178223
u93250683,b12745824,3.4418153762817383
u69697879,b21861372,4.1647820472717285
u60031317,b36030424,3.31609845161438
u28857851,b81900502,3.312037467956543
u68046015,b88949884,3.9202184677124023
u52670788,b27545570,4.028682231903076
u21561908,b52484884,4.347134590148926
u05848987,b10264575,4.182690620422363
u68013875,b03047230,3.6640007495880127
u73747333,b50606069,3.7056150436401367
u24883700,b19363346,3.7822303771972656
u57878897,b64124445,4.1015167236328125
u40698612,b29751550,4.5304059982299805
u98314368,b04669122,3.2372398376464844
u30338116,b46966835,3.964804172515869
u86182834,b13890679,4.17972469329834
u20323018,b30241917,3.7520546913146973
u40217898,b00524153,3.952833414077759
u33196947,b68936917,1.0
u84672675,b69598867,2.881728172302246
u22725048,b67957413,3.8643100261688232
u11587218,b15936866,3.9336752891540527
u14161365,b40598851,3.832855701446533
u48880806,b95822040,3.3345861434936523
u25115908,b62396194,4.102548599243164
u47887264,b31867052,3.7297263145446777
u36125621,b11721138,3.453608274459839
u88853909,b82713614,3.5841283798217773
u43170807,b39837030,3.9657082557678223
u63479946,b50384790,3.541532039642334
u05509310,b54645733,3.690589427947998
u18442619,b42839996,4.089221000671387
u91359618,b06949973,3.027130603790283
u68235246,b54866470,2.8317360877990723
u90078781,b55720130,3.4734058380126953
u11905316,b09049778,4.126491069793701
u34612616,b18378777,2.8586585521698
u61652789,b67873731,3.2679812908172607
u30012825,b41451971,4.012541770935059
u30778285,b29738200,3.2735254764556885
u44515910,b17585340,3.6955363750457764
u38405252,b34636892,3.4695987701416016
u15917093,b52929604,4.628960609436035
u85541628,b10990213,3.1938631534576416
u70931592,b52580354,4.0390849113464355
u60268852,b09049778,4.792149543762207
u86590253,b41399471,3.5341782569885254
u01800405,b22678961,2.744413137435913
u74211513,b00722811,2.6046833992004395
u20826589,b86785429,4.069072246551514
u39840907,b03671144,3.296640157699585
u62136765,b39047271,3.4207983016967773
u31174338,b91543338,3.5821008682250977
u19714397,b46064947,3.5170071125030518
u35379244,b86788370,1.9318302869796753
u29123381,b37363405,2.9494519233703613
u78537910,b08004121,1.315523624420166
u17227671,b80274823,3.935415744781494
u35361860,b34740941,3.3629002571105957
u48835536,b31362596,1.0
u79791816,b27702770,5.0
u88463198,b34636892,3.882411479949951
u91684785,b04222499,4.143742084503174
u98529126,b52467549,4.07582950592041
u72972329,b71554926,3.2909512519836426
u19429084,b61139235,3.0800578594207764
u60741404,b66664015,3.411436080932617
u90332487,b41566519,3.850465774536133
u37018022,b83158521,4.252833366394043
u82800446,b06655641,4.071021556854248
u13341334,b06949973,3.765714406967163
u44257063,b89833966,1.794381022453308
u63596327,b41331137,4.561496734619141
u55363066,b29505914,5.0
u47956166,b22522904,3.2020416259765625
u71910372,b62396194,3.236522674560547
u46607516,b15730430,3.3040404319763184
u35952451,b36398776,3.708223342895508
u34392954,b95002695,3.378305673599243
u23386360,b20500336,1.5720078945159912
u23474613,b91758795,4.020010948181152
u40279019,b48912209,3.3606884479522705
u81886187,b98824412,3.057574987411499
u86144558,b95800909,4.240566253662109
u88646949,b62396194,2.851532220840454
u42766092,b36185570,3.623990058898926
u48585339,b40089638,3.560786724090576
u40921754,b14425206,2.948998212814331
u40563790,b96064020,3.9595255851745605
u16586282,b77201589,4.004576206207275
u19353171,b27710508,4.428117752075195
u66538823,b03719497,3.6295032501220703
u39777584,b39378253,2.8439717292785645
u39633425,b67030393,4.378354549407959
u99305018,b80596244,4.2749128341674805
u16526414,b93997659,3.7259647846221924
u77861356,b51779974,3.0022401809692383
u74797687,b14304119,3.68878173828125
u47853402,b24406185,3.726822853088379
u88438093,b67550881,3.887363910675049
u06578776,b93043249,4.662151336669922
u67870252,b35020640,3.606139898300171
u80795655,b77183666,3.7265124320983887
u69952701,b52339175,3.7498717308044434
u55433015,b31821160,4.075066566467285
u93354113,b62853608,3.7548370361328125
u04609407,b67584295,4.04884672164917
u38226137,b99532297,4.032493591308594
u24931252,b88562055,4.333935260772705
u19125035,b93745301,4.65018367767334
u90887225,b26924525,3.323455572128296
u68478630,b74099292,3.791832685470581
u91485065,b12151882,4.506400108337402
u91072740,b18378777,4.136782646179199
u46433019,b36766414,4.156622409820557
u39932161,b24915312,4.208588123321533
u97291734,b39664275,4.0310869216918945
u66610254,b62223240,4.986680030822754
u83781730,b03513249,3.147773265838623
u49766428,b23986868,3.0193374156951904
u17673972,b31144937,3.3728084564208984
u78914949,b93997659,3.606046199798584
u55812030,b32553243,3.839418649673462
u54460128,b86788370,4.587701320648193
u10561066,b11516322,3.707125425338745
u93090057,b94465304,3.1997673511505127
u20834431,b80625075,3.8692626953125
u59776929,b25479999,2.2061538696289062
u11261283,b85587271,3.3950977325439453
u93515874,b27179218,4.17573356628418
u64196499,b97059720,3.290540933609009
u56690747,b81969648,3.9914731979370117
u03047800,b52039642,2.9402055740356445
u35131675,b62853608,2.9045116901397705
u16780468,b05231805,3.5027389526367188
u48378023,b70664431,3.7784814834594727
u85084155,b91504453,3.831601142883301
u95461838,b79098002,2.9841232299804688
u75030655,b27563355,3.8233141899108887
u71492773,b00654647,3.699725866317749
u74517949,b17581033,3.444675922393799
u35332623,b70912031,4.435443878173828
u51361630,b66664015,3.701977252960205
u22596457,b59845564,3.971158027648926
u28577755,b20144597,3.2361741065979004
u34615241,b26940296,3.6485395431518555
u37905016,b81697368,4.5930070877075195
u24892312,b05994307,2.80574631690979
u08179199,b07811476,4.738208293914795
u72118351,b79928088,4.081082344055176
u74452117,b32690567,2.850226402282715
u74324910,b46888254,4.178639888763428
u90217436,b76040943,4.616855621337891
u76289922,b52929604,4.53602409362793
u90009640,b07816794,3.383190631866455
u21143790,b50443121,4.331253528594971
u80872247,b37025807,4.151837348937988
u98385002,b26540924,4.350338935852051
u36140912,b98115511,4.069636821746826
u77858669,b81310554,4.154641628265381
u49906594,b50386610,3.6935086250305176
u77321296,b86610475,2.9215340614318848
u77889124,b26385014,4.041414260864258
u10867448,b36143453,3.2601304054260254
u69258104,b04529407,3.3025529384613037
u63118005,b16955253,4.26500940322876
u84050864,b66416013,3.734813690185547
u22830013,b90891500,4.592048645019531
u77595449,b00722811,2.807769775390625
u52250421,b75852622,3.802495241165161
u35374520,b62223240,4.351359844207764
u45085322,b41094724,4.133786201477051
u00769173,b17064684,2.9674668312072754
u47660947,b71659871,3.2216906547546387
u69850527,b91561409,3.2760815620422363
u72505203,b63305003,3.1065618991851807
u06263173,b85459545,3.779292345046997
u75966310,b40967427,3.310310125350952
u06418954,b72504593,3.943995475769043
u77958773,b30188578,3.539654493331909
u06613819,b29576446,4.263612747192383
u35542152,b39088089,4.008705139160156
u97896188,b96858256,3.966773271560669
u00776626,b99620979,3.1933774948120117
u00830784,b32589890,3.4811506271362305
u31052087,b23100799,4.007079124450684
u20821854,b79838712,3.9449944496154785
u03762488,b70912031,4.531626224517822
u28345292,b05376454,3.3205361366271973
u32350097,b80506673,3.2963390350341797
u83668223,b11395801,4.355522155761719
u56474810,b05231805,4.2527174949646
u49496704,b31362596,4.473552703857422
u99678054,b89024434,4.349057197570801
u59859036,b39903678,3.1992361545562744
u02334528,b50400108,3.543726921081543
u31501341,b34681163,4.303486347198486
u89110851,b26315023,4.311811447143555
u03095224,b07378867,4.085535526275635
u51971722,b55111127,3.0775198936462402
u13263607,b56738263,3.652332067489624
u60133250,b66379670,2.0611817836761475
u52816282,b29802159,3.739417552947998
u68329086,b73029799,4.2065205574035645
u75386611,b17041737,3.0345897674560547
u15194685,b62670070,3.8220484256744385
u43828599,b99620979,3.1026508808135986
u39941347,b75979651,3.8251729011535645
u78951421,b09999423,4.167705059051514
u43023449,b71255744,3.623659610748291
u28647393,b06429920,3.830752372741699
u33763082,b11179371,2.914952278137207
u48633704,b08004121,3.2198917865753174
u65526477,b62150571,4.045683860778809
u41668604,b66678855,4.5362677574157715
u45796950,b63310868,3.3309154510498047
u48255465,b69294942,4.621744632720947
u14621795,b46883929,3.770750045776367
u66907852,b96064020,3.6754279136657715
u72988478,b15192631,2.754930019378662
u81033429,b68622451,4.0938191413879395
u37010365,b60573788,2.590129852294922
u12377521,b93186213,4.765988826751709
u24211784,b23461395,3.472273826599121
u33545866,b24793954,3.3284788131713867
u49134892,b31515038,2.4804160594940186
u17326443,b84607962,3.826737403869629
u69465096,b77544650,3.6758458614349365
u53021409,b79462608,4.116641044616699
u15801160,b66664015,3.6288230419158936
u40567604,b35866819,1.7881267070770264
u62175012,b05231805,4.62153959274292
u36195277,b44966320,3.697783946990967
u74823655,b32246240,3.685762643814087
u55681028,b95346643,3.261056900024414
u15408558,b19822827,3.930887222290039
u68519573,b26138336,3.947331428527832
u90971268,b84319928,3.9013166427612305
u88807245,b73813199,3.758881092071533
u33364550,b42283267,3.8980026245117188
u05187443,b78124101,4.167851448059082
u38868815,b29802159,4.2809553146362305
u41844291,b66416782,3.445833206176758
u04475588,b12081050,3.275115728378296
u98510845,b33432705,3.108755588531494
u94462479,b14548141,3.719083786010742
u25394718,b29802159,3.8259034156799316
u05848987,b53423202,4.018442153930664
u21723061,b32288653,3.6164231300354004
u15617488,b37548208,3.878512382507324
u17499045,b97444387,3.684751510620117
u34113564,b26138336,3.141517162322998
u93289911,b51744141,3.9408211708068848
u07537499,b19363346,3.540149211883545
u08092053,b19909879,3.2488298416137695
u29854347,b05154189,4.133991718292236
u23172369,b86499822,3.2143750190734863
u96404543,b04222499,3.8650081157684326
u56976216,b26940296,3.468797206878662
u35712214,b00767569,4.624605178833008
u48555518,b58444139,3.5294649600982666
u95225784,b23760358,3.4805359840393066
u63417563,b98844131,3.8950233459472656
u21941794,b17585340,3.875842571258545
u52832293,b17581033,3.616570472717285
u21447102,b45502382,3.894141912460327
u58329192,b87351489,3.1567158699035645
u51648457,b22158573,4.091668128967285
u94542189,b29193193,4.0941162109375
u71499181,b79928088,4.048551559448242
u65452631,b39081955,4.108023643493652
u19958493,b74821603,3.922697067260742
u21292307,b80479144,3.1004416942596436
u84282136,b99948252,4.081626892089844
u22492923,b18469261,4.373382091522217
u86246372,b37365730,3.6035804748535156
u05192786,b26354292,3.3743157386779785
u36549912,b17952463,3.9266040325164795
u91193719,b41715593,2.809293746948242
u69473332,b59304782,3.5158562660217285
u66319345,b05568987,4.7669243812561035
u16284949,b19733783,4.199091911315918
u03624496,b95128552,3.5614728927612305
u19918832,b23457095,3.9799699783325195
u17501922,b08349503,3.467222213745117
u99389904,b34463991,3.6750593185424805
u95966688,b18265073,3.6322436332702637
u64849153,b48033604,3.3688762187957764
u63976573,b15329598,3.7709031105041504
u47246665,b36755497,2.525747060775757
u69767558,b82221619,4.214608669281006
u18813593,b85255296,3.421998977661133
u51575373,b31365966,3.523653984069824
u82810482,b36508972,3.386636972427368
u86975035,b52648851,3.4669125080108643
u45149354,b00782849,3.975527763366699
u36289598,b07831192,3.790868043899536
u27622459,b06167371,2.9692370891571045
u85396590,b00810060,2.591326951980591
u87291864,b88947899,3.4442172050476074
u20591298,b73980899,2.247615098953247
u90042564,b92631370,4.032315254211426
u91061432,b76642772,3.806870460510254
u83055834,b19168659,3.3112380504608154
u87390005,b09419504,3.8416495323181152
u70489404,b07857410,3.0452544689178467
u66271159,b07453967,2.570371627807617
u78365866,b82558593,3.869063377380371
u09968488,b78180005,2.918567419052124
u97321596,b42977080,3.5232181549072266
u92168005,b14311346,3.593207359313965
u52487408,b65629315,3.90099835395813
u24883700,b64609180,3.9272589683532715
u07943230,b13298774,3.869309186935425
u91015550,b29802159,4.352067470550537
u18701258,b52736396,4.484183311462402
u19369815,b35202318,3.1309170722961426
u14379793,b98823102,3.855404853820801
u30334594,b95574371,3.570838451385498
u32176609,b18378777,4.228525638580322
u63151912,b89407525,3.7186694145202637
u29332812,b61423505,3.428255558013916
u69016228,b80625075,3.8886938095092773
u17638115,b43253694,3.4746956825256348
u11007451,b91561409,2.378763437271118
u03051891,b20589841,3.899348258972168
u63401231,b40536702,3.7875545024871826
u06202584,b65928236,3.3932361602783203
u19080594,b38488125,3.197343349456787
u64140134,b12151882,3.6867141723632812
u15975637,b00524153,4.0575056076049805
u17089395,b12920844,4.390140533447266
u21673276,b44393400,4.531323432922363
u76549666,b82148195,4.203147888183594
u21235338,b07592356,3.6883463859558105
u81517935,b33298668,4.0971879959106445
u89999370,b96714327,3.05726957321167
u39456243,b10567312,4.347888946533203
u43080816,b21357510,3.356597423553467
u93904884,b54161431,4.809749603271484
u10673722,b86130750,2.9817888736724854
u28723442,b15226710,3.406193971633911
u89486686,b29802159,3.408860206604004
u95249887,b28293389,3.701882839202881
u30883078,b83048635,3.773716926574707
u51733361,b40127581,3.4065070152282715
u97457539,b29802159,3.9653873443603516
u11347907,b50275880,3.498418092727661
u09464419,b03946791,3.8906123638153076
u31785301,b26540924,4.260595798492432
u62989688,b13716034,2.9636261463165283
u51524201,b70912031,4.326482772827148
u12729782,b10136233,4.241634368896484
u61391650,b26385014,4.155879974365234
u77872197,b59932507,3.8436942100524902
u71275684,b59909176,3.5816197395324707
u32388572,b97302773,4.099079132080078
u06418798,b32288653,4.197623252868652
u72022337,b50627544,3.22973895072937
u37485722,b40151793,4.2262091636657715
u68229825,b32231889,3.199241876602173
u25827016,b26043658,3.6029369831085205
u99463105,b54597883,3.2725868225097656
u25289869,b31362596,4.4755659103393555
u64950799,b92598217,4.295608043670654
u81190113,b14338293,4.816825866699219
u44107849,b05154189,2.8577218055725098
u40531096,b18269786,3.145745038986206
u80213985,b21546847,3.9451441764831543
u51147825,b58541163,3.3969597816467285
u54889881,b13716034,3.0494723320007324
u61202597,b20200244,3.8620352745056152
u94002228,b87874068,3.3571746349334717
u51906182,b21546847,3.586905002593994
u14423748,b33298668,4.057368278503418
u57559734,b41877502,3.8043417930603027
u97934519,b82426817,3.2123892307281494
u96952209,b75541992,2.745245933532715
u81295482,b00524153,4.272806167602539
u81232945,b21674268,4.39329195022583
u96642540,b05994307,3.455688238143921
u01381636,b06655641,3.6170082092285156
u40633454,b25811713,4.843573093414307
u65567300,b35185805,3.2074360847473145
u88187078,b71325140,3.823291301727295
u78208769,b29738200,2.277301549911499
u55141425,b02216476,3.2563705444335938
u34755532,b74609159,2.40445613861084
u36837383,b45673649,3.1878774166107178
u52483210,b29738200,4.080198764801025
u80085057,b65320766,2.558779001235962
u18331679,b96783065,3.785935401916504
u17792262,b43914262,3.8894081115722656
u46956832,b64898087,3.2023978233337402
u75310500,b89817655,4.221866607666016
u85964203,b04767223,2.2343010902404785
u32166934,b22242111,3.8774194717407227
u88546784,b93241768,4.090684413909912
u33881218,b08984498,2.612725257873535
u73644994,b91758795,4.039824485778809
u88475939,b79994865,3.09611439704895
u53858076,b54851751,4.114727973937988
u55290406,b37365052,3.3952512741088867
u18219771,b00525842,4.231169700622559
u45293979,b89115141,4.2458038330078125
u96175381,b69761665,3.8002712726593018
u87609929,b62292824,4.630062580108643
u89208855,b49708294,3.416537284851074
u18647788,b36224199,4.174628257751465
u76905477,b14574218,3.698535680770874
u11249656,b72005521,3.858262062072754
u23772909,b37096482,3.263533592224121
u46534241,b49553867,3.916382312774658
u97823362,b39216951,3.321908712387085
u27291677,b07278059,4.462236404418945
u21813613,b76473315,4.421474933624268
u91117180,b95816463,4.14299201965332
u46142387,b79253970,4.309770584106445
u13067307,b70055485,3.8018851280212402
u54916289,b14304119,4.516990661621094
u28341796,b93455552,3.8696537017822266
u00015114,b49740475,3.018386125564575
u14447991,b89024434,3.3593637943267822
u97647047,b36265270,3.6031389236450195
u61928768,b58973293,3.7106781005859375
u31027888,b87109554,4.027371883392334
u83715524,b05376454,3.128838539123535
u99222203,b38850631,2.2861251831054688
u27270201,b12894375,3.959752082824707
u23857341,b03714508,2.9742870330810547
u29210238,b41715593,3.5052032470703125
u73369160,b95439113,3.1155686378479004
u75063516,b32974421,4.22880744934082
u09338506,b48867860,3.77815580368042
u78366319,b39989034,3.5258615016937256
u24212635,b30342653,4.188642501831055
u42965097,b48968957,3.3906705379486084
u04589882,b07045204,3.6964080333709717
u42572574,b66416013,3.1305859088897705
u34090245,b06167371,3.777776002883911
u16583820,b63721105,4.082099914550781
u28530884,b22242111,2.969111442565918
u22850151,b48933583,3.5960230827331543
u83284926,b54791634,4.35999059677124
u83178438,b36754274,3.9439611434936523
u45990381,b31362596,4.089670658111572
u41060760,b55152063,3.5904715061187744
u10271238,b78390986,3.8756492137908936
u95902740,b37068431,4.308985233306885
u92582713,b10080165,3.772146463394165
u65544125,b04797457,3.33874249458313
u06006944,b15268547,4.199666976928711
u85294245,b02880533,4.0955963134765625
u64239888,b70664431,3.990823984146118
u90478329,b05334612,3.8052568435668945
u91723121,b92589925,3.265377998352051
u18905911,b98844131,3.415222406387329
u60467883,b92723432,3.614626884460449
u14896157,b21893915,3.9540209770202637
u20309120,b70912031,4.379626750946045
u77022004,b90354954,3.6978096961975098
u33027680,b97897718,3.610252857208252
u04771661,b33519885,4.249810218811035
u92124360,b55847701,4.61332893371582
u06980858,b56105038,4.13147497177124
u68411875,b66379670,3.871420383453369
u47594481,b36231626,3.271735191345215
u04433694,b33298668,4.0463666915893555
u33518140,b20877763,3.770111322402954
u65411322,b73813199,3.937117099761963
u11734411,b79815294,3.976591110229492
u63715088,b68456479,2.8364992141723633
u21750571,b97040359,3.2794594764709473
u70122119,b19310775,3.9597420692443848
u43399416,b79815294,4.002553939819336
u86349570,b45675681,4.240965843200684
u00652401,b07831192,3.5496089458465576
u98479365,b62647913,2.8520774841308594
u31378268,b06167371,3.2173967361450195
u56436149,b26138336,3.500609874725342
u09365901,b26322866,4.247503757476807
u76990899,b31365966,3.7851009368896484
u02524811,b96067067,4.240363597869873
u67480372,b21398815,4.1461262702941895
u26634789,b17064684,3.38767671585083
u40132847,b29618673,3.811898708343506
u01091621,b93997659,4.224220275878906
u56739270,b64932806,3.900925397872925
u14026962,b74821603,4.481107711791992
u68336766,b29505914,4.0771379470825195
u25260216,b63252057,3.990910053253174
u39277869,b41341679,4.253518581390381
u28212672,b83048635,3.6257009506225586
u34768895,b10169084,3.700981616973877
u22363483,b78008834,4.471946716308594
u81321537,b75979651,3.767937660217285
u43271501,b25785028,2.5055174827575684
u38469672,b21557753,2.9950082302093506
u00015114,b44849506,3.0567455291748047
u93959379,b51191220,4.213066101074219
u07313948,b61372131,4.084534168243408
u64442900,b78275112,4.327395439147949
u93479410,b08545824,2.604010581970215
u06461443,b65629315,3.542729377746582
u16868721,b80596289,2.362776279449463
u45725043,b63610747,3.730329990386963
u13497221,b64728084,3.5782647132873535
u05545906,b52485134,3.799203395843506
u37588681,b81292094,2.580620288848877
u18567063,b96952681,4.032744407653809
u95574324,b19830299,4.21272087097168
u41957483,b79994865,4.359645843505859
u44017774,b39203721,2.971541404724121
u19282635,b72172561,3.7719273567199707
u87573336,b75920771,3.380767583847046
u34215184,b05978638,3.9018778800964355
u12703263,b33091876,2.7969067096710205
u17387736,b03671144,4.066657066345215
u32333331,b19867465,3.92753267288208
u14081708,b71599980,4.335999488830566
u56684078,b45230344,4.142657279968262
u48872559,b11689530,4.060616493225098
u77265307,b29998162,3.0542500019073486
u59765453,b81310554,2.5024240016937256
u18795173,b17756641,3.3604586124420166
u51825927,b41402498,3.5628278255462646
u54913471,b48018603,3.2884740829467773
u16968302,b62474102,3.476712703704834
u82082719,b52929604,4.191228866577148
u25200590,b90421686,3.5954580307006836
u50351638,b75219215,4.713521480560303
u63351603,b17585340,3.8496792316436768
u94375853,b01544730,4.657999038696289
u12750786,b60363174,3.316331386566162
u36285564,b80506673,2.6149017810821533
u89472694,b65296149,2.6176369190216064
u46802819,b83644107,3.40655255317688
u17939372,b38214177,3.900146484375
u17773379,b59879736,3.569169521331787
u29363662,b39613729,3.4338579177856445
u92865342,b61005749,3.8147432804107666
u14132164,b24751294,2.8336126804351807
u66362473,b50070819,3.4698824882507324
u22676333,b40128170,3.1179046630859375
u82158451,b91361163,4.070940971374512
u32266880,b27882595,3.5268852710723877
u77796272,b56784042,3.757502794265747
u47812991,b93241768,3.6122474670410156
u31156311,b50443121,4.488868713378906
u54867274,b22504420,3.7475931644439697
u22085801,b81292094,3.9371867179870605
u25772268,b05154189,4.817253112792969
u49786715,b52523183,3.88387393951416
u18952539,b10567312,4.442342281341553
u57301370,b03513249,3.2525100708007812
u40697901,b28190473,3.7670562267303467
u39386588,b92398227,4.360522270202637
u39034379,b58177693,4.2008137702941895
u76433068,b20048021,3.2807705402374268
u01393598,b07709776,3.8515431880950928
u82998780,b38122928,3.8935298919677734
u81874347,b33110278,3.248727560043335
u78272236,b18378777,3.704965114593506
u96668941,b22678690,3.415055274963379
u93754782,b34345328,3.9773945808410645
u97831861,b33229770,2.846090316772461
u23202274,b36231626,2.4015936851501465
u06191160,b08545824,4.514535903930664
u93423238,b38141876,3.23442006111145
u53107776,b10567312,3.7567224502563477
u43109615,b05473357,4.2132182121276855
u01522947,b46584434,3.5755653381347656
u10064779,b82194945,4.177350044250488
u69787169,b29576446,4.530929088592529
u07095338,b19733783,3.865208148956299
u38029826,b64336742,3.4655513763427734
u34053873,b83613787,3.2934303283691406
u31011890,b67550881,4.102067947387695
u25260216,b21546847,3.97792649269104
u19032773,b35765595,4.3361897468566895
u84824214,b89324149,3.4765613079071045
u28345292,b53143437,3.465663194656372
u01273672,b35016765,2.8900482654571533
u06885377,b10940603,3.645169973373413
u63420097,b07327816,3.537609577178955
u19805029,b62396194,4.14508056640625
u61018364,b70930132,3.8459179401397705
u55464233,b83048635,3.623452663421631
u50692600,b99620979,3.599806785583496
u84971128,b67364282,4.704348087310791
u66895509,b56105038,4.188390254974365
u36188595,b92820276,3.477318048477173
u58044908,b66664015,4.149057388305664
u16304777,b43479570,3.8702268600463867
u16496123,b13298774,3.4138364791870117
u51304026,b64538575,3.852545738220215
u82432694,b69867088,4.025784492492676
u00542280,b56105038,4.041755676269531
u76083242,b55084829,4.277634620666504
u91509528,b74770858,3.9829554557800293
u78025565,b19953221,2.706204891204834
u42896748,b36231626,3.852752685546875
u66661895,b57283428,2.438952922821045
u75865925,b29576446,3.495671272277832
u98810613,b59818681,3.908219814300537
u07303042,b80631188,3.2511167526245117
u88444745,b88978481,3.919182062149048
u07966630,b19483433,3.9635515213012695
u99465305,b37657413,3.0003299713134766
u11930131,b86522412,4.659146308898926
u36671727,b34755064,3.541494369506836
u60575308,b28465811,4.518062591552734
u67999292,b37068431,3.86857008934021
u42723793,b22678690,3.060093641281128
u24949491,b70085271,3.008920669555664
u90194131,b07239282,4.137777328491211
u48060265,b19638250,3.832846164703369
u77484237,b69594380,2.8516898155212402
u35331717,b84462089,4.468348503112793
u55500627,b17187529,3.610043525695801
u16696399,b79791947,3.489442825317383
u92167075,b08180481,3.847172260284424
u83409680,b90085529,3.2338736057281494
u73947280,b39941601,4.5186967849731445
u20507131,b16474359,4.096000671386719
u18086641,b43253434,3.5850048065185547
u32395298,b37363405,3.858829975128174
u39733358,b25958104,3.6018788814544678
u43022151,b67863293,3.0484609603881836
u48810514,b35020640,2.954514503479004
u74314155,b86376623,4.218184947967529
u86589852,b86376623,4.262153625488281
u45306100,b98256804,3.3529534339904785
u38261562,b82853645,3.891930103302002
u86964066,b34953904,4.427671432495117
u37075094,b34969157,4.47882604598999
u08613999,b63951782,3.8947196006774902
u99894611,b34105659,3.852269411087036
u58468309,b82194945,3.3890748023986816
u72272944,b22879567,4.2540483474731445
u15839913,b97302773,4.277731418609619
u83248010,b78275112,4.599318504333496
u05193923,b90614996,3.2782375812530518
u70005387,b88947899,4.219861030578613
u66031166,b09589765,3.4867119789123535
u11941607,b29451564,3.543118953704834
u76357740,b34755064,4.225024700164795
u50463587,b59881354,1.744042158126831
u69357820,b61863874,3.790799379348755
u73186354,b82150877,4.436639785766602
u49089502,b84003655,4.112933158874512
u11697431,b07831192,3.450355052947998
u72118351,b51986055,3.4463768005371094
u55441960,b84892512,3.7058491706848145
u33640864,b41863473,3.3992373943328857
u16811872,b45502382,3.112769603729248
u53341989,b93475213,3.4442977905273438
u73816851,b57002888,3.7584354877471924
u67022889,b78008834,4.019139289855957
u30936601,b16720980,3.3311607837677
u88364695,b70413228,3.5214171409606934
u67696161,b25857180,4.10106086730957
u69397994,b88539922,4.162173748016357
u26248984,b30307775,4.0492143630981445
u86595574,b13222925,3.829055070877075
u44294985,b52222552,4.336591720581055
u29736572,b90358141,2.7770309448242188
u18336226,b66908318,3.8270208835601807
u42232135,b63464104,3.849135160446167
u98549525,b63791555,4.513463973999023
u91841842,b29738200,3.848827362060547
u60476786,b19892880,2.7938177585601807
u43089905,b32727723,3.9878087043762207
u40452117,b32974421,3.687408447265625
u07253817,b23760358,4.805798530578613
u99365125,b93497216,3.737462282180786
u70203921,b57914028,2.6876120567321777
u46510960,b39903678,4.036632537841797
u90016956,b00745690,3.129685401916504
u78945456,b12526023,3.8136706352233887
u17832892,b52842739,4.325191497802734
u51182118,b32735719,2.58746337890625
u08824994,b38828439,4.709108352661133
u48780080,b57530011,3.6611623764038086
u36565974,b47027276,4.397671222686768
u57691199,b85930360,4.271146297454834
u57311360,b83439687,4.414214134216309
u80934060,b35910784,3.432831287384033
u04719998,b68622451,4.2784953117370605
u75551223,b28190473,3.24458646774292
u91241544,b07892193,4.396984100341797
u23280711,b04797457,3.852715492248535
u76785509,b16365742,3.81636381149292
u88841077,b51050771,3.389441967010498
u85240413,b42903412,3.7771952152252197
u20971066,b00524913,3.981306552886963
u72363275,b70342723,4.198398113250732
u47782483,b18378777,3.602149486541748
u07978766,b09777918,4.583165168762207
u98643603,b83048635,3.9010214805603027
u36067539,b63025840,3.280323028564453
u52785243,b56492521,2.625784397125244
u71877263,b98844131,4.145124435424805
u36565974,b68725737,3.632146120071411
u76258178,b05124623,4.352175712585449
u30056847,b63791555,4.135093688964844
u12930196,b95816463,3.8720054626464844
u92218218,b89765180,3.385507106781006
u49774480,b00524913,4.5069990158081055
u07085700,b78407229,2.9450788497924805
